data;horario;n_da_ocorrencia;tipo_de_ocorrencia;km;trecho;sentido;tipo_de_acidente;automovel;bicicleta;caminhao;moto;onibus;outros;tracao_animal;transporte_de_cargas_especiais;trator_maquinas;utilitarios;ilesos;levemente_feridos;moderadamente_feridos;gravemente_feridos;mortos
02/12/2011;06:42:00;14;com vítima;286,001;BR-393/RJ;Norte;Colisão Lateral;2;0;0;0;0;0;0;0;0;0;0;2;0;0;0
03/12/2011;18:28:00;40;com vítima;145,73;BR-393/RJ;Norte;Saida de Pista;1;0;0;0;0;0;0;0;0;0;1;2;0;0;0
03/12/2011;17:41:00;35;sem vítima;181,35;BR-393/RJ;Norte;Saida de Pista;1;0;0;0;0;0;0;0;0;0;2;0;0;0;0
03/12/2011;23:18:00;54;com vítima;246,94;BR-393/RJ;Norte;Colisão Traseira;2;0;0;0;0;0;0;0;0;0;1;1;0;0;0
03/12/2011;19:19:00;43;sem vítima;284,67;BR-393/RJ;Norte;Colisão Traseira;2;0;0;0;0;0;0;0;0;0;2;0;0;0;0
04/12/2011;13:58:00;19;sem vítima;127,39;BR-393/RJ;Norte;Colisão Traseira;1;0;1;0;0;0;0;0;0;0;2;0;0;0;0
04/12/2011;21:25:00;50;com vítima;240,85;BR-393/RJ;Sul;Outros - Sequência;3;0;0;0;1;0;0;0;0;0;2;1;1;0;1
05/12/2011;10:03:00;41;com vítima;168,43;BR-393/RJ;Norte;Colisão Frontal;1;0;1;0;0;0;0;0;0;0;2;2;0;0;0
05/12/2011;04:49:00;17;com vítima;268,5;BR-393/RJ;Sul;Choque - Objeto sobre a pista;1;0;0;0;0;0;0;0;0;0;2;1;0;0;0
06/12/2011;09:19:00;23;com vítima;115;BR-393/RJ;Norte;Capotamento;1;0;0;0;0;0;0;0;0;0;0;0;0;1;0
06/12/2011;14:50:00;43;sem vítima;159,5;BR-393/RJ;Norte;Colisão Lateral;2;0;0;0;0;0;0;0;0;0;2;0;0;0;0
07/12/2011;05:46:00;5;com vítima;140;BR-393/RJ;Sul;Queda de Moto;0;0;0;1;0;0;0;0;0;0;0;1;0;0;0
07/12/2011;14:35:00;45;sem vítima;166;BR-393/RJ;Sul;Colisão Lateral;0;0;2;0;0;0;0;0;0;0;2;0;0;0;0
07/12/2011;10:00:00;23;com vítima;211,15;BR-393/RJ;Norte;Colisão Traseira;1;0;1;0;0;0;0;0;0;0;1;1;0;0;0
07/12/2011;10:04:00;25;com vítima;285,5;BR-393/RJ;Norte;Colisão Traseira;2;0;0;0;0;0;0;0;0;0;0;2;0;0;0
07/12/2011;22:24:00;83;com vítima;286;BR-393/RJ;Norte;Engavetamento;4;0;0;0;0;0;0;0;0;0;0;5;0;0;0
08/12/2011;07:39:00;13;com vítima;232,14;BR-393/RJ;Norte;Colisão Traseira;1;0;1;0;0;0;0;0;0;0;1;2;0;0;0
08/12/2011;16:08:00;55;com vítima;274;BR-393/RJ;Sul;Saida de Pista;1;0;0;0;0;0;0;0;0;0;1;1;0;0;0
08/12/2011;14:29:00;48;com vítima;274,15;BR-393/RJ;Sul;Saida de Pista;0;0;0;0;0;0;0;0;0;1;0;2;0;0;0
08/12/2011;19:27:00;72;sem vítima;284,2;BR-393/RJ;Sul;Abalroamento Mesmo Sentido ;1;0;1;0;0;0;0;0;0;0;2;0;0;0;0
09/12/2011;16:00:00;77;com vítima;163,75;BR-393/RJ;Norte;Choque - Talude;1;0;0;0;0;0;0;0;0;0;0;1;0;0;0
09/12/2011;18:48:00;88;com vítima;182,35;BR-393/RJ;Norte;Colisão Lateral;2;0;0;0;0;0;0;0;0;0;0;1;1;0;0
09/12/2011;07:41:00;46;com vítima;246,2;BR-393/RJ;Sul;Choque - Defensa, barreira ou "submarino";0;0;1;0;0;0;0;0;0;0;0;1;0;0;0
10/12/2011;05:57:00;17;com vítima;195;BR-393/RJ;Norte;Colisão Traseira;0;0;2;0;0;0;0;0;0;0;1;1;0;0;0
10/12/2011;06:51:00;20;com vítima;213;BR-393/RJ;Norte;Saida de Pista;1;0;0;0;0;0;0;0;0;0;0;1;0;0;0
10/12/2011;06:57:00;21;com vítima;221,6;BR-393/RJ;Norte;Tombamento;1;0;0;0;0;0;0;0;0;0;0;2;0;0;0
10/12/2011;21:10:00;64;com vítima;274,09;BR-393/RJ;Norte;Capotamento;1;0;0;0;0;0;0;0;0;0;0;1;0;0;0
10/12/2011;23:37:00;69;com vítima;281,2;BR-393/RJ;Norte;Colisão Transversal;2;0;0;0;0;0;0;0;0;0;0;2;0;0;0
11/12/2011;14:12:00;29;com vítima;167,78;BR-393/RJ;Sul;Colisão Traseira;3;0;0;0;0;0;0;0;0;0;2;1;0;0;0
11/12/2011;05:07:00;9;sem vítima;221,17;BR-393/RJ;Sul;Saida de Pista;1;0;0;0;0;0;0;0;0;0;1;0;0;0;0
11/12/2011;11:30:00;24;com vítima;283,15;BR-393/RJ;Sul;Colisão Lateral;1;0;0;1;0;0;0;0;0;0;0;2;0;0;0
11/12/2011;06:25:00;11;com vítima;285,27;BR-393/RJ;Norte;Saida de Pista;1;0;0;0;0;0;0;0;0;0;0;3;0;0;0
11/12/2011;11:40:00;25;com vítima;285,4;BR-393/RJ;Norte;Colisão Traseira;1;0;0;0;1;0;0;0;0;0;0;2;0;0;0
12/12/2011;12:38:00;40;com vítima;103,78;BR-393/RJ;Sul;Abalroamento Mesmo Sentido ;1;0;1;0;0;0;0;0;0;0;3;1;0;0;0
12/12/2011;23:07:00;72;sem vítima;234;BR-393/RJ;Norte;Outros;0;0;1;0;0;0;0;0;0;0;1;0;0;0;0
13/12/2011;11:04:00;38;sem vítima;132,95;BR-393/RJ;Sul;Colisão Lateral;1;0;1;0;0;0;0;0;0;0;2;0;0;0;0
14/12/2011;07:08:00;10;com vítima;157,33;BR-393/RJ;Norte;Tombamento;0;0;1;0;0;0;0;0;0;0;0;1;0;0;0
14/12/2011;21:10:00;73;com vítima;209,57;BR-393/RJ;Sul;Capotamento;1;0;0;0;0;0;0;0;0;0;0;2;0;0;0
14/12/2011;17:31:00;54;com vítima;254,5;BR-393/RJ;Norte;Capotamento;1;0;0;0;0;0;0;0;0;0;0;2;0;0;0
14/12/2011;16:35:00;47;com vítima;285,54;BR-393/RJ;Norte;Colisão Traseira;2;0;0;1;0;0;0;0;0;0;0;4;0;0;0
15/12/2011;07:48:00;8;com vítima;169,7;BR-393/RJ;Sul;Choque - Talude;1;0;0;0;0;0;0;0;0;0;0;1;0;0;0
15/12/2011;23:25:00;65;com vítima;212,22;BR-393/RJ;Norte;Saida de Pista;0;0;1;0;0;0;0;0;0;0;0;1;0;0;0
16/12/2011;17:54:00;60;sem vítima;128,9;BR-393/RJ;Norte;Abalroamento Mesmo Sentido ;0;0;2;0;0;0;0;0;0;0;2;0;0;0;0
16/12/2011;14:42:00;43;sem vítima;236,81;BR-393/RJ;Norte;Abalroamento Mesmo Sentido ;1;0;0;0;1;0;0;0;0;0;4;0;0;0;0
16/12/2011;10:30:00;30;com vítima;285,5;BR-393/RJ;Sul;Colisão Traseira;1;0;1;0;0;0;0;0;0;0;1;1;0;0;0
16/12/2011;10:44:00;33;sem vítima;285,54;BR-393/RJ;Sul;Abalroamento Mesmo Sentido ;1;0;1;0;0;0;0;0;0;0;2;0;0;0;0
17/12/2011;16:27:00;58;com vítima;155,41;BR-393/RJ;Sul;Colisão Frontal;0;0;2;0;0;0;0;0;0;0;0;4;0;0;0
17/12/2011;16:31:00;61;sem vítima;157,8;BR-393/RJ;Norte;Choque - Outros;0;0;1;0;0;0;0;0;0;0;1;0;0;0;0
17/12/2011;23:36:00;89;com vítima;1,663;Alça Sul;Sul;Abalroamento Sentido Oposto;2;0;0;0;0;0;0;0;0;0;1;6;0;0;0
17/12/2011;09:18:00;33;com vítima;191,22;BR-393/RJ;Norte;Colisão Frontal;0;0;1;0;0;0;0;0;0;1;0;1;0;1;1
17/12/2011;10:50:00;38;sem vítima;237,15;BR-393/RJ;Sul;Colisão Lateral;2;0;0;0;0;0;0;0;0;0;5;0;0;0;0
17/12/2011;21:05:00;79;com vítima;238,44;BR-393/RJ;Norte;Outros - Sequência;3;0;0;0;0;0;0;0;0;0;0;4;0;0;0
17/12/2011;21:48:00;81;sem vítima;239,2;BR-393/RJ;Norte;Saida de Pista;1;0;0;0;0;0;0;0;0;0;6;0;0;0;0
17/12/2011;20:07:00;75;com vítima;250,07;BR-393/RJ;Norte;Saida de Pista;0;0;0;0;1;0;0;0;0;0;0;1;0;0;0
17/12/2011;13:33:00;48;com vítima;284,48;BR-393/RJ;Sul;Engavetamento;3;0;0;0;0;0;0;0;0;0;3;2;0;0;0
17/12/2011;09:27:00;34;sem vítima;285,53;BR-393/RJ;Sul;Colisão Lateral;1;0;1;0;0;0;0;0;0;0;2;0;0;0;0
18/12/2011;08:14:00;28;com vítima;244,4;BR-393/RJ;Sul;Saida de Pista;1;0;0;0;0;0;0;0;0;0;0;0;1;1;0
18/12/2011;14:41:00;43;com vítima;284,5;BR-393/RJ;Norte;Colisão Traseira;2;0;0;0;0;0;0;0;0;0;0;5;0;0;0
19/12/2011;07:04:00;15;com vítima;157,94;BR-393/RJ;Norte;Saida de Pista;1;0;0;0;0;0;0;0;0;0;0;4;0;0;0
19/12/2011;18:14:00;69;sem vítima;281,22;BR-393/RJ;Norte;Colisão Traseira;2;0;0;0;0;0;0;0;0;0;2;0;0;0;0
19/12/2011;20:28:00;77;com vítima;284,5;BR-393/RJ;Norte;Colisão Traseira;2;0;0;0;0;0;0;0;0;0;0;2;0;0;0
20/12/2011;13:49:00;84;com vítima;123,6;BR-393/RJ;Norte;Queda de Moto;0;0;0;1;0;0;0;0;0;0;0;1;0;0;0
20/12/2011;15:13:00;92;com vítima;208,48;BR-393/RJ;Sul;Tombamento;0;0;1;0;0;0;0;0;0;0;0;1;0;0;0
20/12/2011;08:14:00;37;sem vítima;256,83;BR-393/RJ;Norte;Outros - Sequência;1;0;1;0;0;0;0;0;0;0;2;0;0;0;0
20/12/2011;08:38:00;38;sem vítima;257,01;BR-393/RJ;Norte;Colisão Traseira;0;0;1;0;0;0;0;0;0;1;6;0;0;0;0
20/12/2011;20:14:00;129;com vítima;286;BR-393/RJ;Norte;Colisão Transversal;1;0;0;1;0;0;0;0;0;0;0;2;0;0;0
21/12/2011;06:44:00;29;sem vítima;102,5;BR-393/RJ;Sul;Colisão Lateral;1;0;1;0;0;0;0;0;0;0;4;0;0;0;0
21/12/2011;10:32:00;52;sem vítima;106,19;BR-393/RJ;Sul;Colisão Traseira;2;0;0;0;0;0;0;0;0;0;4;0;0;0;0
21/12/2011;13:48:00;71;com vítima;107,11;BR-393/RJ;Norte;Colisão Traseira;0;0;1;0;1;0;0;0;0;0;1;1;0;0;0
21/12/2011;10:31:00;51;com vítima;130,58;BR-393/RJ;Norte;Atropelamento - Ciclista;0;1;1;0;0;0;0;0;0;0;1;0;0;0;1
21/12/2011;08:43:00;42;sem vítima;187,02;BR-393/RJ;Norte;Outros;0;0;1;0;0;0;0;0;0;0;1;0;0;0;0
21/12/2011;10:10:00;49;com vítima;187,08;BR-393/RJ;Norte;Colisão Frontal;1;0;1;0;0;0;0;0;0;0;1;1;0;0;0
21/12/2011;09:14:00;43;sem vítima;282,46;BR-393/RJ;Norte;Colisão Traseira;2;0;0;0;0;0;0;0;0;0;6;0;0;0;0
22/12/2011;06:58:00;7;com vítima;103,42;BR-393/RJ;Norte;Colisão Traseira;1;0;0;0;1;0;0;0;0;0;2;1;0;0;0
22/12/2011;09:40:00;22;com vítima;221,77;BR-393/RJ;Norte;Colisão Frontal;0;0;2;0;0;0;0;0;0;0;0;3;0;0;1
22/12/2011;11:32:00;30;com vítima;250,16;BR-393/RJ;Norte;Outros - Sequência;3;0;1;0;0;0;0;0;0;0;1;3;0;0;0
22/12/2011;18:53:00;62;com vítima;284,17;BR-393/RJ;Norte;Engavetamento;3;0;0;0;0;0;0;0;0;0;0;4;0;0;0
23/12/2011;19:52:00;68;com vítima;187,76;BR-393/RJ;Sul;Choque - Outros;1;0;0;0;0;0;0;0;0;0;0;0;0;1;0
23/12/2011;00:16:00;1;com vítima;223,3;BR-393/RJ;Norte;Colisão Traseira;1;0;1;0;0;0;0;0;0;0;1;1;0;0;0
23/12/2011;21:35:00;81;com vítima;235,2;BR-393/RJ;Norte;Queda de Moto;0;0;0;1;0;0;0;0;0;0;0;1;0;0;0
24/12/2011;03:52:00;20;com vítima;163,28;BR-393/RJ;Norte;Tombamento;0;0;1;0;0;0;0;0;0;0;0;1;0;0;0
24/12/2011;22:14:00;84;com vítima;1,668;Alça Sul;Norte;Atropelamento - Outros;0;0;0;0;0;1;0;0;0;0;1;0;0;0;1
25/12/2011;23:24:00;57;sem vítima;284,4;BR-393/RJ;Sul;Saida de Pista;1;0;0;0;0;0;0;0;0;0;2;0;0;0;0
26/12/2011;05:32:00;16;sem vítima;121,55;BR-393/RJ;Norte;Saida de Pista;1;0;0;0;0;0;0;0;0;0;1;0;0;0;0
26/12/2011;07:30:00;19;com vítima;131,79;BR-393/RJ;Norte;Abalroamento Mesmo Sentido ;0;0;0;2;0;0;0;0;0;0;2;1;0;0;0
26/12/2011;17:37:00;57;com vítima;243,8;BR-393/RJ;Sul;Capotamento;0;0;0;0;0;0;0;0;0;1;0;2;0;0;0
27/12/2011;07:33:00;17;com vítima;167;BR-393/RJ;Norte;Colisão Lateral;1;0;0;1;0;0;0;0;0;0;1;1;0;0;0
27/12/2011;09:51:00;26;com vítima;175;BR-393/RJ;Norte;Colisão Traseira;2;0;0;0;0;0;0;0;0;0;0;2;0;0;0
27/12/2011;10:31:00;27;com vítima;282;BR-393/RJ;Norte;Engavetamento;3;0;0;0;0;0;0;0;0;0;0;3;0;0;0
28/12/2011;12:40:00;40;com vítima;169,46;BR-393/RJ;Sul;Colisão Lateral;2;0;0;0;0;0;0;0;0;0;0;2;0;0;0
28/12/2011;04:33:00;8;com vítima;226,62;BR-393/RJ;Sul;Colisão Lateral;0;0;1;0;1;0;0;0;0;0;0;4;0;0;1
28/12/2011;20:03:00;89;sem vítima;255,76;BR-393/RJ;Sul;Colisão Transversal;1;0;1;0;0;0;0;0;0;0;2;0;0;0;0
28/12/2011;12:19:00;38;com vítima;286,4;BR-393/RJ;Norte;Colisão Traseira;2;0;0;0;0;0;0;0;0;0;2;2;0;0;0
29/12/2011;23:36:00;79;sem vítima;1;Alça Sul;Sul;Colisão Lateral;1;0;1;0;0;0;0;0;0;0;3;0;0;0;0
29/12/2011;00:07:00;2;com vítima;201,54;BR-393/RJ;Norte;Tombamento;0;0;1;0;0;0;0;0;0;0;0;0;1;0;0
30/12/2011;21:58:00;46;sem vítima;157,23;BR-393/RJ;Sul;Atropelamento de Animal;1;0;0;0;0;0;0;0;0;0;3;0;0;0;0
30/12/2011;21:38:00;45;com vítima;286;BR-393/RJ;Norte;Colisão Lateral;2;0;0;0;0;0;0;0;0;0;0;4;0;0;0
31/12/2011;19:07:00;33;com vítima;163,3;BR-393/RJ;Norte;Tombamento;0;0;1;0;0;0;0;0;0;0;0;0;1;0;0
31/12/2011;04:43:00;7;sem vítima;169,46;BR-393/RJ;Sul;Choque - Outros;1;0;0;0;0;0;0;0;0;0;4;0;0;0;0
31/12/2011;00:47:00;2;sem vítima;256,5;BR-393/RJ;Sul;Colisão Transversal;0;0;0;0;0;0;0;0;0;2;14;0;0;0;0
01/01/2012;13:37:00;36;com vítima;103,78;BR-393/RJ;Sul;Colisão Transversal;1;0;0;0;0;0;0;0;0;1;0;4;0;0;0
01/01/2012;00:09:00;1;com vítima;104,52;BR-393/RJ;Norte;Choque - Poste;1;0;0;0;0;0;0;0;0;0;0;1;0;0;0
01/01/2012;17:02:00;45;sem vítima;116,5;BR-393/RJ;Norte;Saida de Pista;1;0;0;0;0;0;0;0;0;0;2;0;0;0;0
01/01/2012;06:18:00;11;com vítima;226,35;BR-393/RJ;Norte;Saida de Pista;1;0;0;0;0;0;0;0;0;0;0;2;0;0;0
01/01/2012;16:42:00;44;com vítima;243,75;BR-393/RJ;Norte;Saida de Pista;1;0;0;0;0;0;0;0;0;0;0;2;0;0;0
01/01/2012;08:05:00;13;sem vítima;272,88;BR-393/RJ;Norte;Saida de Pista;1;0;0;0;0;0;0;0;0;0;1;0;0;0;0
02/01/2012;09:17:00;55;sem vítima;160,88;BR-393/RJ;Sul;Saida de Pista;1;0;0;0;0;0;0;0;0;0;1;0;0;0;0
02/01/2012;16:52:00;88;sem vítima;175,55;BR-393/RJ;Sul;Colisão Lateral;1;0;1;0;0;0;0;0;0;0;2;0;0;0;0
02/01/2012;03:35:00;42;sem vítima;177,37;BR-393/RJ;Sul;Saida de Pista;1;0;0;0;0;0;0;0;0;0;1;0;0;0;0
02/01/2012;09:11:00;54;sem vítima;177,82;BR-393/RJ;Sul;Colisão Traseira;1;0;0;0;0;0;0;0;0;1;6;0;0;0;0
02/01/2012;11:53:00;69;com vítima;181,5;BR-393/RJ;Sul;Outros - Sequência;3;0;1;0;0;0;0;0;0;0;0;6;0;0;1
03/01/2012;17:10:00;56;com vítima;205,1;BR-393/RJ;Sul;Colisão Lateral;1;0;1;0;0;0;0;0;0;0;3;3;0;0;0
03/01/2012;18:49:00;58;sem vítima;252,3;BR-393/RJ;Norte;Colisão Traseira;1;0;1;0;0;0;0;0;0;0;2;0;0;0;0
04/01/2012;20:47:00;72;sem vítima;171;BR-393/RJ;Sul;Colisão Transversal;1;0;1;0;0;0;0;0;0;0;2;0;0;0;0
04/01/2012;08:24:00;25;com vítima;182;BR-393/RJ;Sul;Colisão Lateral;1;0;1;0;0;0;0;0;0;0;1;1;0;1;0
04/01/2012;01:29:00;6;sem vítima;194;BR-393/RJ;Norte;Atropelamento de Animal;1;0;0;0;0;0;0;0;0;0;1;0;0;0;0
04/01/2012;21:33:00;73;sem vítima;265;BR-393/RJ;Sul;Colisão Traseira;2;0;0;0;0;0;0;0;0;0;2;0;0;0;0
06/01/2012;06:59:00;18;com vítima;200,5;BR-393/RJ;Norte;Colisão Lateral;0;0;2;0;0;0;0;0;0;0;0;5;0;0;0
06/01/2012;03:43:00;9;com vítima;252,3;BR-393/RJ;Norte;Tombamento;0;0;1;0;0;0;0;0;0;0;0;2;0;0;0
08/01/2012;22:34:00;53;com vítima;121,5;BR-393/RJ;Norte;Colisão Lateral;1;0;1;0;0;0;0;0;0;0;1;3;0;0;0
08/01/2012;07:20:00;10;com vítima;163,29;BR-393/RJ;Norte;Tombamento;0;0;1;0;0;0;0;0;0;0;0;0;1;0;0
08/01/2012;15:13:00;23;com vítima;168,8;BR-393/RJ;Norte;Colisão Lateral;2;0;0;0;0;0;0;0;0;0;0;7;0;0;0
08/01/2012;00:42:00;1;sem vítima;178,46;BR-393/RJ;Norte;Colisão Traseira;1;0;0;1;0;0;0;0;0;0;2;0;0;0;0
08/01/2012;20:50:00;44;sem vítima;284;BR-393/RJ;Sul;Saida de Pista;1;0;0;0;0;0;0;0;0;0;1;0;0;0;0
09/01/2012;17:25:00;79;com vítima;113,8;BR-393/RJ;Norte;Colisão Frontal;1;0;1;0;0;0;0;0;0;0;1;1;0;0;0
09/01/2012;10:41:00;47;com vítima;115;BR-393/RJ;Norte;Colisão Traseira;2;0;0;0;0;0;0;0;0;0;1;3;0;0;0
09/01/2012;12:55:00;58;sem vítima;229,5;BR-393/RJ;Sul;Choque - Outros;1;0;0;0;0;0;0;0;0;0;1;0;0;0;0
09/01/2012;02:08:00;6;com vítima;230;BR-393/RJ;Norte;Outros - Sequência;0;0;1;0;0;0;0;0;0;1;1;5;0;0;0
10/01/2012;18:39:00;62;sem vítima;114,49;BR-393/RJ;Norte;Saida de Pista;1;0;0;0;0;0;0;0;0;0;1;0;0;0;0
10/01/2012;08:40:00;18;com vítima;278,5;BR-393/RJ;Sul;Colisão Traseira;1;0;0;1;0;0;0;0;0;0;0;3;0;0;0
11/01/2012;02:32:00;9;sem vítima;285,5;BR-393/RJ;Norte;Choque - Suporte de Sinalização;1;0;0;0;0;0;0;0;0;0;1;0;0;0;0
13/01/2012;19:13:00;50;sem vítima;119;BR-393/RJ;Sul;Choque - Outros;1;0;0;0;0;0;0;0;0;0;1;0;0;0;0
13/01/2012;07:02:00;8;sem vítima;123;BR-393/RJ;Sul;Saida de Pista;1;0;0;0;0;0;0;0;0;0;1;0;0;0;0
13/01/2012;15:38:00;32;com vítima;189;BR-393/RJ;Sul;Choque - Outros;1;0;0;0;0;0;0;0;0;0;0;5;0;0;0
13/01/2012;13:47:00;28;com vítima;278;BR-393/RJ;Norte;Colisão Lateral;2;0;0;0;0;0;0;0;0;0;1;2;0;0;0
14/01/2012;10:12:00;28;sem vítima;246,92;BR-393/RJ;Sul;Abalroamento Mesmo Sentido ;0;0;0;1;1;0;0;0;0;0;3;0;0;0;0
14/01/2012;20:33:00;67;sem vítima;251,25;BR-393/RJ;Norte;Colisão Lateral;1;0;0;1;0;0;0;0;0;0;3;0;0;0;0
14/01/2012;18:39:00;58;sem vítima;284,85;BR-393/RJ;Sul;Colisão Traseira;2;0;0;0;0;0;0;0;0;0;3;0;0;0;0
14/01/2012;21:25:00;69;com vítima;285,1;BR-393/RJ;Sul;Atropelamento - Ciclista;0;1;0;1;0;0;0;0;0;0;1;1;0;0;0
14/01/2012;21:46:00;72;sem vítima;286,1;BR-393/RJ;Sul;Engavetamento;3;0;0;0;0;0;0;0;0;0;3;0;0;0;0
16/01/2012;07:33:00;11;com vítima;222,2;BR-393/RJ;Sul;Queda de Moto;0;0;0;1;0;0;0;0;0;0;0;1;0;0;0
17/01/2012;17:49:00;43;com vítima;151,8;BR-393/RJ;Sul;Capotamento;0;0;1;0;0;0;0;0;0;0;0;0;0;0;1
18/01/2012;22:32:00;67;sem vítima;175,46;BR-393/RJ;Sul;Choque - Outros;0;0;1;0;0;0;0;0;0;0;1;0;0;0;0
18/01/2012;12:27:00;35;com vítima;243,68;BR-393/RJ;Sul;Colisão Lateral;2;0;0;0;0;0;0;0;0;0;1;2;0;0;0
18/01/2012;15:19:00;45;sem vítima;284;BR-393/RJ;Norte;Engavetamento;3;0;0;0;0;0;0;0;0;0;3;0;0;0;0
19/01/2012;17:30:00;47;sem vítima;274;BR-393/RJ;Norte;Saida de Pista;1;0;0;0;0;0;0;0;0;0;1;0;0;0;0
20/01/2012;05:51:00;5;sem vítima;150,9;BR-393/RJ;Norte;Colisão Traseira;2;0;0;0;0;0;0;0;0;0;2;0;0;0;0
21/01/2012;22:29:00;68;com vítima;186,35;BR-393/RJ;Sul;Atropelamento de Animal;0;0;0;1;0;0;0;0;0;0;0;1;0;0;0
21/01/2012;22:16:00;66;com vítima;240,16;BR-393/RJ;Sul;Saida de Pista;1;0;0;0;0;0;0;0;0;0;0;1;0;0;0
21/01/2012;17:30:00;47;com vítima;270,65;BR-393/RJ;Sul;Abalroamento Sentido Oposto;0;0;2;0;0;0;0;0;0;0;0;1;1;0;0
22/01/2012;00:59:00;3;com vítima;266,4;BR-393/RJ;Norte;Capotamento;1;0;0;0;0;0;0;0;0;0;0;1;1;0;0
23/01/2012;19:09:00;46;sem vítima;119,78;BR-393/RJ;Sul;Atropelamento de Animal;1;0;0;0;0;0;0;0;0;0;1;0;0;0;0
23/01/2012;09:11:00;23;sem vítima;168,77;BR-393/RJ;Norte;Colisão Lateral;2;0;0;0;0;0;0;0;0;0;2;0;0;0;0
23/01/2012;11:44:00;34;sem vítima;252,36;BR-393/RJ;Norte;Saida de Pista;1;0;0;0;0;0;0;0;0;0;1;0;0;0;0
24/01/2012;19:11:00;55;com vítima;283,24;BR-393/RJ;Norte;Colisão Traseira;2;0;0;0;0;0;0;0;0;0;2;1;0;0;0
26/01/2012;07:22:00;20;com vítima;264,6;BR-393/RJ;Sul;Tombamento;0;0;1;0;0;0;0;0;0;0;1;3;0;0;0
27/01/2012;18:18:00;51;com vítima;124,897;BR-393/RJ;Norte;Atropelamento - Funcionário;0;0;1;0;0;0;0;0;0;0;1;1;0;0;0
27/01/2012;20:01:00;59;com vítima;235,75;BR-393/RJ;Norte;Colisão Lateral;1;0;0;1;0;0;0;0;0;0;1;1;0;0;0
28/01/2012;08:27:00;16;sem vítima;147,1;BR-393/RJ;Norte;Saida de Pista;1;0;0;0;0;0;0;0;0;0;1;0;0;0;0
28/01/2012;06:34:00;11;sem vítima;178,25;BR-393/RJ;Norte;Colisão Lateral;1;0;1;0;0;0;0;0;0;0;2;0;0;0;0
28/01/2012;07:21:00;13;sem vítima;258,09;BR-393/RJ;Norte;Abalroamento Sentido Oposto;2;0;0;0;0;0;0;0;0;0;2;0;0;0;0
28/01/2012;20:25:00;34;sem vítima;259;BR-393/RJ;Sul;Capotamento;0;0;0;0;0;0;0;0;0;1;1;0;0;0;0
28/01/2012;09:59:00;19;com vítima;282;BR-393/RJ;Norte;Colisão Traseira;1;0;1;0;0;0;0;0;0;0;1;2;0;0;0
29/01/2012;20:25:00;67;sem vítima;231;BR-393/RJ;Sul;Choque - Outros;1;0;0;0;0;0;0;0;0;0;1;0;0;0;0
01/02/2012;19:56:00;116;com vítima;225;BR-393/RJ;Sul;Queda de Moto;0;0;0;1;0;0;0;0;0;0;0;2;0;0;0
01/02/2012;18:07:00;104;com vítima;285,8;BR-393/RJ;Sul;Atropelamento - Ciclista;1;1;0;0;0;0;0;0;0;0;1;1;0;0;0
02/02/2012;20:43:00;62;com vítima;102;BR-393/RJ;Norte;Colisão Transversal;0;0;2;0;0;0;0;0;0;0;0;2;0;0;0
02/02/2012;22:09:00;66;sem vítima;219;BR-393/RJ;Norte;Abalroamento Mesmo Sentido ;0;0;2;0;0;0;0;0;0;0;2;0;0;0;0
02/02/2012;21:35:00;65;sem vítima;250,9;BR-393/RJ;Norte;Colisão Transversal;2;0;0;0;0;0;0;0;0;0;2;0;0;0;0
02/02/2012;18:28:00;50;sem vítima;265;BR-393/RJ;Norte;Colisão Traseira;2;0;0;0;0;0;0;0;0;0;2;0;0;0;0
03/02/2012;05:17:00;20;sem vítima;248;BR-393/RJ;Norte;Atropelamento de Animal;1;0;0;0;0;0;0;0;0;0;1;0;0;0;0
03/02/2012;10:13:00;39;com vítima;271;BR-393/RJ;Sul;Colisão Frontal;2;0;0;0;0;0;0;0;0;0;0;1;2;0;0
03/02/2012;23:07:00;90;com vítima;286;BR-393/RJ;Norte;Colisão Lateral;2;0;0;0;0;0;0;0;0;0;0;2;0;0;0
04/02/2012;09:44:00;22;com vítima;108,6;BR-393/RJ;Sul;Colisão Lateral;1;0;1;0;0;0;0;0;0;0;1;1;0;0;0
04/02/2012;12:29:00;36;com vítima;168,8;BR-393/RJ;Norte;Colisão Lateral;1;0;1;0;0;0;0;0;0;0;0;2;0;0;0
04/02/2012;11:59:00;35;sem vítima;200;BR-393/RJ;Norte;Colisão Traseira;1;0;1;0;0;0;0;0;0;0;2;0;0;0;0
04/02/2012;18:40:00;58;com vítima;282,35;BR-393/RJ;Sul;Engavetamento;3;0;0;0;0;0;0;0;0;0;2;1;0;0;0
05/02/2012;03:40:00;6;com vítima;157,5;BR-393/RJ;Norte;Queda de Moto;0;0;0;1;0;0;0;0;0;0;0;2;0;0;0
06/02/2012;05:17:00;11;com vítima;216,3;BR-393/RJ;Sul;Queda de Moto;0;0;0;1;0;0;0;0;0;0;0;0;1;0;0
06/02/2012;10:35:00;28;sem vítima;252,16;BR-393/RJ;Norte;Colisão Transversal;2;0;0;0;0;0;0;0;0;0;3;0;0;0;0
06/02/2012;10:01:00;26;com vítima;252,46;BR-393/RJ;Sul;Colisão Transversal;1;0;0;0;1;0;0;0;0;0;0;2;0;0;0
06/02/2012;07:32:00;13;sem vítima;286;BR-393/RJ;Sul;Engavetamento;4;0;0;0;0;0;0;0;0;0;4;0;0;0;0
07/02/2012;16:12:00;56;sem vítima;108,35;BR-393/RJ;Sul;Colisão Traseira;2;0;0;0;0;0;0;0;0;0;2;0;0;0;0
07/02/2012;15:37:00;53;com vítima;258,67;BR-393/RJ;Norte;Saida de Pista;1;0;0;0;0;0;0;0;0;0;0;1;0;0;0
07/02/2012;06:23:00;15;sem vítima;283,36;BR-393/RJ;Norte;Colisão Transversal;1;0;0;0;1;0;0;0;0;0;2;0;0;0;0
08/02/2012;07:51:00;21;com vítima;255,68;BR-393/RJ;Norte;Colisão Lateral;2;0;0;0;0;0;0;0;0;0;3;1;0;0;0
08/02/2012;18:58:00;70;sem vítima;255,87;BR-393/RJ;Norte;Colisão Traseira;0;0;2;0;0;0;0;0;0;0;2;0;0;0;0
08/02/2012;06:41:00;16;com vítima;281,17;BR-393/RJ;Sul;Colisão Lateral;1;0;0;1;0;0;0;0;0;0;0;2;0;0;0
09/02/2012;07:10:00;22;com vítima;281,14;BR-393/RJ;Sul;Colisão Transversal;0;0;0;2;0;0;0;0;0;0;0;3;0;0;0