data;horario;n_da_ocorrencia;tipo_de_ocorrencia;km;trecho;sentido;tipo_de_acidente;automovel;bicicleta;caminhao;moto;onibus;outros;tracao_animal;transporte_de_cargas_especiais;trator_maquinas;utilitarios;ilesos;levemente_feridos;moderadamente_feridos;gravemente_feridos;mortos
14/10/2012;18:01:00;31;com vítima;195,04;BR-393/RJ;Sul;Colisão Traseira;0;0;2;0;0;0;0;0;0;0;0;2;0;0;0
14/10/2012;09:01:00;8;sem vítima;281,4;BR-393/RJ;Sul;Abalroamento Sentido Oposto;2;0;0;0;0;0;0;0;0;0;2;0;0;0;0
15/10/2012;17:40:00;77;com vítima;270,7;BR-393/RJ;Norte;Colisão Frontal;1;0;0;0;0;0;0;0;0;1;0;3;1;0;0
16/10/2012;17:09:00;70;com vítima;181,97;BR-393/RJ;Sul;Engavetamento;3;0;0;0;0;0;0;0;0;0;1;4;0;0;0
16/10/2012;12:33:00;48;com vítima;268,34;BR-393/RJ;Norte;Colisão Lateral;1;0;0;1;0;0;0;0;0;0;1;0;1;0;0
16/10/2012;06:34:00;8;sem vítima;280,18;BR-393/RJ;Norte;Colisão Lateral;0;0;0;0;1;0;0;0;0;1;2;0;0;0;0
17/10/2012;07:56:00;17;com vítima;133,3;BR-393/RJ;Sul;Atropelamento - Usuário;0;0;1;0;0;0;0;0;0;0;0;1;0;1;0
17/10/2012;12:08:00;39;com vítima;279;BR-393/RJ;Sul;Atropelamento - Ciclista;0;1;0;1;0;0;0;0;0;0;1;0;1;0;0
18/10/2012;07:44:00;12;com vítima;285;BR-393/RJ;Sul;Abalroamento Mesmo Sentido ;1;0;1;0;0;0;0;0;0;0;0;2;0;0;0
19/10/2012;10:33:00;43;com vítima;147,47;BR-393/RJ;Norte;Outros - Sequência;0;0;1;0;1;0;0;0;0;1;2;2;0;0;0
19/10/2012;21:53:00;101;sem vítima;161,8;BR-393/RJ;Norte;Saida de Pista;1;0;0;0;0;0;0;0;0;0;1;0;0;0;0
19/10/2012;03:35:00;5;com vítima;175,8;BR-393/RJ;Norte;Tombamento;0;0;1;0;0;0;0;0;0;0;0;1;0;0;0
19/10/2012;14:27:00;68;com vítima;243,3;BR-393/RJ;Norte;Abalroamento Mesmo Sentido ;1;0;0;1;0;0;0;0;0;0;1;1;0;0;0
20/10/2012;07:19:00;7;com vítima;103,115;BR-393/RJ;Norte;Outros - Sequência;0;0;2;0;0;0;0;0;0;0;0;2;0;0;0
20/10/2012;11:50:00;30;com vítima;104;BR-393/RJ;Norte;Abalroamento Mesmo Sentido ;1;0;0;1;0;0;0;0;0;0;3;0;1;0;0
20/10/2012;14:50:00;46;com vítima;140,95;BR-393/RJ;Norte;Colisão Frontal;2;0;0;0;0;0;0;0;0;0;0;1;2;0;0
20/10/2012;07:49:00;8;com vítima;215,675;BR-393/RJ;Norte;Colisão Traseira;2;0;0;0;0;0;0;0;0;0;0;2;0;0;0
20/10/2012;22:39:00;86;com vítima;251,88;BR-393/RJ;Norte;Colisão Traseira;2;0;0;0;0;0;0;0;0;0;0;6;0;0;0
20/10/2012;16:49:00;61;sem vítima;265,2;BR-393/RJ;Sul;Colisão Traseira;1;0;1;0;0;0;0;0;0;0;2;0;0;0;0
21/10/2012;17:41:00;35;com vítima;151,915;BR-393/RJ;Sul;Choque - Defensa, barreira ou "submarino";0;0;1;0;0;0;0;0;0;0;0;2;0;0;0
21/10/2012;07:39:00;9;com vítima;154,53;BR-393/RJ;Norte;Queda de Moto;0;0;0;1;0;0;0;0;0;0;0;1;0;0;0
21/10/2012;22:40:00;50;com vítima;156,825;BR-393/RJ;Norte;Queda de Moto;0;0;0;1;0;0;0;0;0;0;0;1;0;0;0
21/10/2012;13:25:00;24;com vítima;160,91;BR-393/RJ;Sul;Capotamento;1;0;0;0;0;0;0;0;0;0;0;1;0;0;0
21/10/2012;11:02:00;18;sem vítima;255,74;BR-393/RJ;Sul;Colisão Lateral;2;0;0;0;0;0;0;0;0;0;3;0;0;0;0
22/10/2012;13:06:00;52;com vítima;175,6;BR-393/RJ;Norte;Abalroamento Mesmo Sentido ;0;0;0;1;0;0;0;0;0;1;1;1;0;0;0
22/10/2012;11:42:00;48;sem vítima;217,87;BR-393/RJ;Norte;Colisão Traseira;2;0;0;0;0;0;0;0;0;0;2;0;0;0;0
22/10/2012;14:44:00;63;com vítima;219,93;BR-393/RJ;Sul;Choque - Talude;1;0;0;0;0;0;0;0;0;0;0;1;0;0;0
22/10/2012;17:09:00;74;sem vítima;282,38;BR-393/RJ;Norte;Colisão Traseira;2;0;0;0;0;0;0;0;0;0;2;0;0;0;0
23/10/2012;11:52:00;48;com vítima;164,68;BR-393/RJ;Norte;Tombamento;0;0;1;0;0;0;0;0;0;0;0;1;0;0;0
23/10/2012;15:52:00;63;com vítima;266;BR-393/RJ;Norte;Capotamento;1;0;0;0;0;0;0;0;0;0;0;1;0;0;0
25/10/2012;11:53:00;59;sem vítima;215,825;BR-393/RJ;Norte;Colisão Traseira;0;0;2;0;0;0;0;0;0;0;3;0;0;0;0
25/10/2012;17:57:00;81;com vítima;241,8;BR-393/RJ;Sul;Colisão Lateral;1;0;1;0;0;0;0;0;0;0;1;1;0;0;0
25/10/2012;12:23:00;63;com vítima;252,42;BR-393/RJ;Norte;Colisão Transversal;1;0;1;0;0;0;0;0;0;0;3;2;0;0;0
25/10/2012;11:48:00;58;com vítima;285,6;BR-393/RJ;Norte;Colisão Lateral;1;0;1;0;0;0;0;0;0;0;1;1;0;0;0
26/10/2012;15:35:00;74;com vítima;242,57;BR-393/RJ;Sul;Choque - Talude;1;0;0;0;0;0;0;0;0;0;0;1;0;0;0
26/10/2012;12:11:00;50;com vítima;244,28;BR-393/RJ;Norte;Colisão Traseira;1;0;1;0;0;0;0;0;0;0;1;2;0;0;0
27/10/2012;02:18:00;5;com vítima;139,6;BR-393/RJ;Sul;Capotamento;1;0;0;0;0;0;0;0;0;0;0;1;0;0;0
27/10/2012;22:13:00;89;com vítima;175,424;BR-393/RJ;Sul;Saida de Pista;1;0;0;0;0;0;0;0;0;0;0;1;0;0;0
27/10/2012;07:37:00;17;com vítima;180,31;BR-393/RJ;Norte;Colisão Traseira;2;0;0;0;0;0;0;0;0;0;0;5;0;0;0
27/10/2012;13:56:00;58;sem vítima;274,08;BR-393/RJ;Sul;Tombamento;0;0;1;0;0;0;0;0;0;0;1;0;0;0;0
28/10/2012;17:01:00;39;com vítima;217,65;BR-393/RJ;Sul;Colisão Lateral;0;0;0;0;0;0;0;0;0;2;1;3;0;0;0
28/10/2012;13:38:00;27;sem vítima;273,5;BR-393/RJ;Sul;Abalroamento Sentido Oposto;1;0;1;0;0;0;0;0;0;0;3;0;0;0;0
28/10/2012;19:59:00;48;sem vítima;279,9;BR-393/RJ;Sul;Colisão Lateral;2;0;0;0;0;0;0;0;0;0;2;0;0;0;0
29/10/2012;15:05:00;66;sem vítima;177,875;BR-393/RJ;Sul;Colisão Traseira;2;0;0;0;0;0;0;0;0;0;2;0;0;0;0
30/10/2012;18:05:00;72;sem vítima;132,8;BR-393/RJ;Norte;Colisão Traseira;1;0;1;0;0;0;0;0;0;0;2;0;0;0;0
30/10/2012;11:35:00;38;com vítima;1,339;Alça Sul;Sul;Colisão Traseira;1;0;1;0;0;0;0;0;0;0;2;1;0;0;0
31/10/2012;12:20:00;54;sem vítima;106,1;BR-393/RJ;Norte;Colisão Lateral;2;0;0;0;0;0;0;0;0;0;2;0;0;0;0
31/10/2012;16:41:00;82;sem vítima;155,4;BR-393/RJ;Sul;Colisão Traseira;2;0;0;0;0;0;0;0;0;0;2;0;0;0;0
31/10/2012;16:02:00;78;sem vítima;187,3;BR-393/RJ;Norte;Colisão Traseira;2;0;0;0;0;0;0;0;0;0;2;0;0;0;0
31/10/2012;20:20:00;101;sem vítima;267,87;BR-393/RJ;Sul;Saida de Pista;1;0;0;0;0;0;0;0;0;0;1;0;0;0;0
31/10/2012;17:00:00;87;com vítima;278,602;BR-393/RJ;Sul;Colisão Traseira;1;0;1;0;0;0;0;0;0;0;1;0;1;0;0
01/11/2012;18:25:00;64;sem vítima;122,97;BR-393/RJ;Norte;Choque - Elemento de Drenagem;1;0;0;0;0;0;0;0;0;0;1;0;0;0;0
01/11/2012;05:15:00;7;com vítima;217,2;BR-393/RJ;Norte;Atropelamento de Animal;0;0;1;0;0;0;0;0;0;0;0;1;0;0;0
01/11/2012;15:12:00;54;com vítima;232,11;BR-393/RJ;Norte;Colisão Traseira;2;0;0;0;0;0;0;0;0;0;2;2;0;0;0
01/11/2012;13:57:00;46;com vítima;243,665;BR-393/RJ;Norte;Colisão Traseira;1;0;1;0;0;0;0;0;0;0;2;2;0;0;0
01/11/2012;16:14:00;59;com vítima;279,3;BR-393/RJ;Sul;Colisão Lateral;1;0;0;1;0;0;0;0;0;0;1;1;0;0;0
01/11/2012;18:51:00;65;sem vítima;285,6;BR-393/RJ;Norte;Colisão Traseira;2;0;0;0;0;0;0;0;0;0;2;0;0;0;0
01/11/2012;17:39:00;62;com vítima;286;BR-393/RJ;Sul;Colisão Transversal;2;0;0;0;0;0;0;0;0;0;2;2;0;0;0
02/11/2012;10:08:00;23;sem vítima;101,9;BR-393/RJ;Norte;Colisão Traseira;2;0;0;0;0;0;0;0;0;0;3;0;0;0;0
02/11/2012;15:27:00;38;com vítima;238,57;BR-393/RJ;Sul;Choque - Talude;1;0;0;0;0;0;0;0;0;0;1;1;0;0;0
02/11/2012;07:17:00;13;com vítima;238,67;BR-393/RJ;Sul;Colisão Transversal;1;0;0;1;0;0;0;0;0;0;1;1;0;0;0
02/11/2012;20:40:00;50;sem vítima;243,7;BR-393/RJ;Sul;Saida de Pista;1;0;0;0;0;0;0;0;0;0;1;0;0;0;0
02/11/2012;19:30:00;49;sem vítima;284,65;BR-393/RJ;Norte;Colisão Traseira;2;0;0;0;0;0;0;0;0;0;2;0;0;0;0
03/11/2012;00:51:00;1;com vítima;236,76;BR-393/RJ;Norte;Colisão Traseira;0;0;2;0;0;0;0;0;0;0;1;1;0;0;0
03/11/2012;19:58:00;46;com vítima;252,28;BR-393/RJ;Sul;Atropelamento - Usuário;1;0;0;0;0;0;0;0;0;0;1;1;0;0;0
04/11/2012;04:24:00;6;sem vítima;179,3;BR-393/RJ;Sul;Saida de Pista;1;0;0;0;0;0;0;0;0;0;6;0;0;0;0
04/11/2012;17:50:00;56;sem vítima;212;BR-393/RJ;Sul;Atropelamento de Animal;0;0;0;0;1;0;0;0;0;0;1;0;0;0;0
04/11/2012;23:42:00;70;com vítima;235;BR-393/RJ;Norte;Colisão Transversal;1;0;0;0;1;0;0;0;0;0;1;2;0;0;0
05/11/2012;03:00:00;6;com vítima;186,84;BR-393/RJ;Sul;Colisão Traseira;0;0;2;0;0;0;0;0;0;0;1;3;0;0;0
05/11/2012;08:50:00;28;com vítima;199,19;BR-393/RJ;Sul;Engavetamento;1;0;2;0;0;0;0;0;0;0;0;7;0;0;0
05/11/2012;03:01:00;7;com vítima;244,95;BR-393/RJ;Sul;Capotamento;1;0;0;0;0;0;0;0;0;0;0;1;0;0;0
06/11/2012;13:02:00;47;sem vítima;265,2;BR-393/RJ;Sul;Colisão Traseira;1;0;1;0;0;0;0;0;0;0;2;0;0;0;0
06/11/2012;20:24:00;80;sem vítima;282,46;BR-393/RJ;Sul;Colisão Traseira;1;0;1;0;0;0;0;0;0;0;2;0;0;0;0
07/11/2012;14:46:00;50;sem vítima;186,85;BR-393/RJ;Norte;Colisão Transversal;0;0;2;0;0;0;0;0;0;0;3;0;0;0;0
07/11/2012;19:17:00;62;sem vítima;266;BR-393/RJ;Norte;Colisão Traseira;2;0;0;0;0;0;0;0;0;0;2;0;0;0;0
07/11/2012;11:20:00;41;sem vítima;270,49;BR-393/RJ;Norte;Queda de Moto;0;0;0;1;0;0;0;0;0;0;1;0;0;0;0
08/11/2012;05:03:00;4;sem vítima;254,17;BR-393/RJ;Sul;Saida de Pista;1;0;0;0;0;0;0;0;0;0;1;0;0;0;0
08/11/2012;11:49:00;48;com vítima;266,2;BR-393/RJ;Norte;Colisão Traseira;2;0;0;0;0;0;0;0;0;0;0;2;0;0;0
08/11/2012;12:04:00;49;com vítima;285,42;BR-393/RJ;Norte;Colisão Lateral;1;0;1;0;0;0;0;0;0;0;1;1;0;0;0
09/11/2012;19:12:00;62;com vítima;151,79;BR-393/RJ;Sul;Choque - Defensa, barreira ou "submarino";0;0;1;0;0;0;0;0;0;0;0;1;0;0;0
09/11/2012;16:26:00;55;com vítima;157,25;BR-393/RJ;Norte;Capotamento;1;0;0;0;0;0;0;0;0;0;0;2;0;0;0
09/11/2012;12:29:00;38;com vítima;163,34;BR-393/RJ;Norte;Capotamento;1;0;0;0;0;0;0;0;0;0;0;3;1;0;0
09/11/2012;14:58:00;49;com vítima;179;BR-393/RJ;Sul;Abalroamento Mesmo Sentido ;0;0;1;1;0;0;0;0;0;0;1;0;1;0;0
09/11/2012;16:19:00;54;com vítima;268,9;BR-393/RJ;Sul;Choque - Arvore;1;0;0;0;0;0;0;0;0;0;0;1;0;0;0
09/11/2012;19:03:00;61;com vítima;281,944;BR-393/RJ;Sul;Engavetamento;3;0;0;0;0;0;0;0;0;0;0;3;0;0;0
09/11/2012;21:24:00;70;com vítima;286,4;BR-393/RJ;Norte;Engavetamento;3;0;0;0;0;0;0;0;0;0;0;3;0;0;0
09/11/2012;21:24:00;71;com vítima;286,4;BR-393/RJ;Norte;Colisão Traseira;2;0;0;0;0;0;0;0;0;0;0;2;0;0;0
10/11/2012;12:48:00;26;sem vítima;106,69;BR-393/RJ;Norte;Colisão Traseira;3;0;0;0;0;0;0;0;0;0;3;0;0;0;0
10/11/2012;06:03:00;4;com vítima;161,24;BR-393/RJ;Sul;Capotamento;1;0;0;0;0;0;0;0;0;0;0;5;0;0;0
10/11/2012;13:33:00;30;com vítima;168,77;BR-393/RJ;Norte;Colisão Lateral;1;0;1;0;0;0;0;0;0;0;1;2;0;0;0
10/11/2012;10:42:00;19;com vítima;208,38;BR-393/RJ;Norte;Capotamento;1;0;0;0;0;0;0;0;0;0;0;2;2;0;0
10/11/2012;17:10:00;46;com vítima;213,51;BR-393/RJ;Norte;Queda de Moto;0;0;0;1;0;0;0;0;0;0;0;0;1;0;0
10/11/2012;19:50:00;55;com vítima;215,755;BR-393/RJ;Norte;Queda de Moto;0;0;0;1;0;0;0;0;0;0;0;1;0;0;0
10/11/2012;11:54:00;23;sem vítima;268,03;BR-393/RJ;Norte;Saida de Pista;0;0;1;0;0;0;0;0;0;0;2;0;0;0;0
10/11/2012;10:35:00;16;sem vítima;286;BR-393/RJ;Norte;Colisão Traseira;1;0;0;0;1;0;0;0;0;0;2;0;0;0;0
11/11/2012;20:23:00;36;com vítima;128;BR-393/RJ;Sul;Tombamento;0;0;1;0;0;0;0;0;0;0;0;1;0;0;0
11/11/2012;07:35:00;11;com vítima;161,702;BR-393/RJ;Norte;Tombamento;0;0;1;0;0;0;0;0;0;0;0;1;0;0;0
11/11/2012;00:15:00;1;com vítima;281,75;BR-393/RJ;Sul;Colisão Frontal;2;0;0;0;0;0;0;0;0;0;0;2;1;0;0
11/11/2012;06:28:00;10;com vítima;284,48;BR-393/RJ;Norte;Engavetamento;3;0;0;0;0;0;0;0;0;0;0;3;0;0;0
12/11/2012;17:19:00;97;com vítima;168,33;BR-393/RJ;Sul;Engavetamento;2;0;1;0;0;0;0;0;0;1;2;4;0;0;0
12/11/2012;17:14:00;96;com vítima;168,75;BR-393/RJ;Sul;Colisão Transversal;1;0;1;0;0;0;0;0;0;0;1;2;0;0;0
12/11/2012;11:45:00;61;com vítima;281,114;BR-393/RJ;Sul;Abalroamento Mesmo Sentido ;1;0;0;1;0;0;0;0;0;0;1;1;0;0;0
12/11/2012;16:33:00;91;sem vítima;281,25;BR-393/RJ;Sul;Colisão Traseira;2;0;0;0;0;0;0;0;0;0;2;0;0;0;0
13/11/2012;14:23:00;56;sem vítima;164,72;BR-393/RJ;Sul;Choque - Defensa, barreira ou "submarino";1;0;0;0;0;0;0;0;0;0;1;0;0;0;0
13/11/2012;13:29:00;49;sem vítima;218,62;BR-393/RJ;Norte;Tombamento;0;0;1;0;0;0;0;0;0;0;1;0;0;0;0
13/11/2012;01:03:00;2;sem vítima;254,1;BR-393/RJ;Sul;Choque - Elemento de Drenagem;0;0;1;0;0;0;0;0;0;0;1;0;0;0;0
13/11/2012;11:37:00;44;com vítima;285,43;BR-393/RJ;Norte;Tombamento;0;0;1;0;0;0;0;0;0;0;0;1;0;0;0
13/11/2012;12:54:00;46;com vítima;286,4;BR-393/RJ;Norte;Atropelamento - Outros;1;0;0;0;0;0;0;0;0;0;1;0;1;0;0
14/11/2012;21:25:00;80;com vítima;180,75;BR-393/RJ;Norte;Atropelamento - Usuário;1;0;1;0;0;0;0;0;0;0;1;0;0;1;0
14/11/2012;02:59:00;6;com vítima;274,15;BR-393/RJ;Norte;Colisão Frontal;0;0;2;0;0;0;0;0;0;0;0;0;2;0;0
14/11/2012;08:30:00;28;sem vítima;283,42;BR-393/RJ;Norte;Colisão Traseira;2;0;0;0;0;0;0;0;0;0;2;0;0;0;0
15/11/2012;09:03:00;16;sem vítima;177,71;BR-393/RJ;Norte;Engavetamento;3;0;0;0;0;0;0;0;0;0;8;0;0;0;0
15/11/2012;08:17:00;14;com vítima;249,59;BR-393/RJ;Norte;Colisão Lateral;2;0;0;0;0;0;0;0;0;0;0;0;2;0;5
15/11/2012;04:10:00;10;com vítima;261,89;BR-393/RJ;Sul;Colisão Frontal;2;0;0;0;0;0;0;0;0;0;0;0;2;5;1
15/11/2012;07:07:00;11;sem vítima;272,42;BR-393/RJ;Sul;Abalroamento Sentido Oposto;1;0;1;0;0;0;0;0;0;0;2;0;0;0;0
16/11/2012;18:42:00;73;com vítima;147,09;BR-393/RJ;Sul;Colisão Frontal;1;0;1;0;0;0;0;0;0;0;0;1;1;0;0
16/11/2012;17:07:00;70;sem vítima;201,915;BR-393/RJ;Norte;Choque - Elemento de Drenagem;1;0;0;0;0;0;0;0;0;0;1;0;0;0;0
16/11/2012;09:43:00;34;sem vítima;257,59;BR-393/RJ;Norte;Saida de Pista;1;0;0;0;0;0;0;0;0;0;2;0;0;0;0
17/11/2012;19:14:00;75;sem vítima;155,58;BR-393/RJ;Sul;Outros;0;0;1;0;0;0;0;0;0;0;1;0;0;0;0
17/11/2012;06:50:00;18;com vítima;157,95;BR-393/RJ;Norte;Tombamento;0;0;1;0;0;0;0;0;0;0;0;1;0;0;0
17/11/2012;20:15:00;79;sem vítima;251,31;BR-393/RJ;Norte;Atropelamento de Animal;1;0;0;0;0;0;0;0;0;0;2;0;0;0;0
19/11/2012;12:36:00;48;com vítima;171,5;BR-393/RJ;Sul;Colisão Lateral;1;0;1;1;0;0;0;0;0;0;1;1;1;0;0
19/11/2012;09:04:00;29;sem vítima;173,87;BR-393/RJ;Sul;Colisão Traseira;2;0;0;0;0;0;0;0;0;0;2;0;0;0;0
19/11/2012;22:15:00;84;com vítima;280,23;BR-393/RJ;Sul;Colisão Lateral;2;0;0;0;0;0;0;0;0;0;1;4;0;0;0
19/11/2012;16:42:00;62;com vítima;285,39;BR-393/RJ;Norte;Choque - Defensa, barreira ou "submarino";1;0;0;0;0;0;0;0;0;0;0;1;0;0;0
20/11/2012;10:35:00;33;com vítima;151,752;BR-393/RJ;Sul;Tombamento;0;0;1;0;0;0;0;0;0;0;0;2;0;0;0
20/11/2012;09:34:00;29;sem vítima;246;BR-393/RJ;Norte;Choque - Defensa, barreira ou "submarino";0;0;1;0;0;0;0;0;0;0;1;0;0;0;0
20/11/2012;08:48:00;24;sem vítima;266,69;BR-393/RJ;Norte;Saida de Pista;1;0;0;0;0;0;0;0;0;0;1;0;0;0;0
21/11/2012;08:53:00;27;sem vítima;278,31;BR-393/RJ;Sul;Colisão Traseira;2;0;0;0;0;0;0;0;0;0;2;0;0;0;0
22/11/2012;00:07:00;1;com vítima;157,47;BR-393/RJ;Norte;Queda de Moto;0;0;0;1;0;0;0;0;0;0;1;1;0;0;0
22/11/2012;22:40:00;84;sem vítima;197,82;BR-393/RJ;Norte;Atropelamento de Animal;1;0;0;0;0;0;0;0;0;0;1;0;0;0;0
22/11/2012;11:11:00;44;com vítima;280,65;BR-393/RJ;Sul;Tombamento;0;0;1;0;0;0;0;0;0;0;0;2;0;0;0
23/11/2012;00:34:00;11;sem vítima;144,5;BR-393/RJ;Norte;Atropelamento de Animal;0;0;1;0;0;0;0;0;0;0;1;0;0;0;0
23/11/2012;16:54:00;73;sem vítima;195;BR-393/RJ;Norte;Colisão Traseira;1;0;1;0;0;0;0;0;0;0;2;0;0;0;0
23/11/2012;15:01:00;65;sem vítima;229,77;BR-393/RJ;Norte;Colisão Traseira;1;0;1;0;0;0;0;0;0;0;2;0;0;0;0
23/11/2012;10:19:00;43;sem vítima;242,7;BR-393/RJ;Norte;Colisão Traseira;1;0;1;0;0;0;0;0;0;0;2;0;0;0;0
23/11/2012;18:49:00;81;com vítima;268,34;BR-393/RJ;Norte;Queda de Moto;0;0;0;1;0;0;0;0;0;0;0;1;0;0;0
23/11/2012;20:09:00;88;com vítima;281,4;BR-393/RJ;Sul;Colisão Lateral;1;0;0;1;0;0;0;0;0;0;0;2;0;0;0
23/11/2012;16:50:00;71;sem vítima;283,23;BR-393/RJ;Sul;Colisão Traseira;2;0;0;0;0;0;0;0;0;0;2;0;0;0;0
24/11/2012;21:12:00;91;sem vítima;160,73;BR-393/RJ;Sul;Outros;0;0;1;0;0;0;0;0;0;0;1;0;0;0;0
24/11/2012;21:42:00;93;com vítima;169;BR-393/RJ;Sul;Atropelamento - Usuário;1;0;0;0;0;0;0;0;0;0;1;0;1;0;0
24/11/2012;08:22:00;29;com vítima;231,311;BR-393/RJ;Sul;Capotamento;1;0;0;0;0;0;0;0;0;0;0;1;0;0;0
24/11/2012;21:57:00;95;sem vítima;284,3;BR-393/RJ;Sul;Saida de Pista;1;0;0;0;0;0;0;0;0;0;1;0;0;0;0
24/11/2012;22:23:00;97;sem vítima;284,91;BR-393/RJ;Norte;Colisão Traseira;2;0;0;0;0;0;0;0;0;0;3;0;0;0;0
24/11/2012;17:40:00;79;sem vítima;286;BR-393/RJ;Norte;Colisão Traseira;2;0;0;0;0;0;0;0;0;0;2;0;0;0;0
24/11/2012;17:46:00;80;sem vítima;286,4;BR-393/RJ;Norte;Engavetamento;3;0;0;0;0;0;0;0;0;0;3;0;0;0;0
25/11/2012;09:52:00;32;sem vítima;125,68;BR-393/RJ;Norte;Colisão Traseira;0;0;2;0;0;0;0;0;0;0;2;0;0;0;0
25/11/2012;15:38:00;47;sem vítima;218;BR-393/RJ;Norte;Saida de Pista;0;0;0;0;0;0;0;0;0;1;1;0;0;0;0
25/11/2012;21:29:00;64;com vítima;236,79;BR-393/RJ;Sul;Colisão Transversal;2;0;0;0;0;0;0;0;0;0;3;8;0;0;0
26/11/2012;15:55:00;64;sem vítima;169,59;BR-393/RJ;Norte;Colisão Traseira;0;0;0;1;1;0;0;0;0;0;2;0;0;0;0
27/11/2012;08:51:00;23;sem vítima;103,66;BR-393/RJ;Norte;Colisão Traseira;0;0;2;0;0;0;0;0;0;0;2;0;0;0;0
27/11/2012;12:16:00;42;com vítima;124,45;BR-393/RJ;Norte;Tombamento;0;0;1;0;0;0;0;0;0;0;0;0;2;1;0
28/11/2012;20:50:00;88;sem vítima;179;BR-393/RJ;Sul;Queda de Moto;0;0;0;1;0;0;0;0;0;0;1;0;0;0;0
28/11/2012;11:37:00;50;com vítima;236,55;BR-393/RJ;Norte;Abalroamento Mesmo Sentido ;2;0;0;0;0;0;0;0;0;0;2;1;0;0;0
28/11/2012;14:27:00;68;com vítima;248;BR-393/RJ;Norte;Queda de Moto;0;0;0;1;0;0;0;0;0;0;0;1;0;0;0
29/11/2012;11:59:00;48;sem vítima;128,17;BR-393/RJ;Norte;Engavetamento;3;0;0;0;0;0;0;0;0;0;6;0;0;0;0
29/11/2012;06:34:00;19;com vítima;225,69;BR-393/RJ;Norte;Tombamento;0;0;1;0;0;0;0;0;0;0;0;1;0;0;1
30/11/2012;11:21:00;44;com vítima;243,98;BR-393/RJ;Sul;Colisão Traseira;1;0;1;0;0;0;0;0;0;0;1;1;0;0;0
30/11/2012;05:27:00;10;sem vítima;244,85;BR-393/RJ;Sul;Atropelamento de Animal;1;0;0;0;0;0;0;0;0;0;1;0;0;0;0
30/11/2012;17:04:00;70;com vítima;274,12;BR-393/RJ;Sul;Tombamento;0;0;1;0;0;0;0;0;0;0;0;1;0;0;0
30/11/2012;22:01:00;90;com vítima;280,05;BR-393/RJ;Norte;Colisão Frontal;2;0;0;1;0;0;0;0;0;0;1;1;1;0;0
01/12/2012;19:06:00;50;com vítima;178,65;BR-393/RJ;Norte;Queda de Moto;0;0;0;1;0;0;0;0;0;0;0;1;0;0;0
01/12/2012;11:46:00;40;sem vítima;285,5;BR-393/RJ;Norte;Abalroamento Mesmo Sentido ;1;0;1;0;0;0;0;0;0;0;2;0;0;0;0
02/12/2012;02:14:00;14;sem vítima;104,72;BR-393/RJ;Norte;Saida de Pista;1;0;0;0;0;0;0;0;0;0;2;0;0;0;0
02/12/2012;08:38:00;27;com vítima;140,87;BR-393/RJ;Norte;Capotamento;1;0;0;0;0;0;0;0;0;0;0;2;0;0;0
02/12/2012;20:20:00;69;com vítima;281,45;BR-393/RJ;Sul;Colisão Frontal;1;0;0;1;0;0;0;0;0;0;1;2;0;0;0
03/12/2012;07:20:00;19;com vítima;206,128;BR-393/RJ;Sul;Colisão Traseira;1;0;0;1;0;0;0;0;0;0;1;1;0;0;0
03/12/2012;07:50:00;18;com vítima;218,168;BR-393/RJ;Norte;Abalroamento Sentido Oposto;0;0;1;0;0;0;0;0;0;1;0;1;1;0;0
03/12/2012;12:46:00;54;com vítima;260,15;BR-393/RJ;Norte;Saida de Pista;0;0;0;0;0;0;0;0;0;1;0;1;0;0;0
04/12/2012;15:32:00;58;com vítima;155,46;BR-393/RJ;Norte;Tombamento;0;0;1;0;0;0;0;0;0;0;0;1;0;0;0
05/12/2012;12:53:00;44;com vítima;266,38;BR-393/RJ;Sul;Colisão Lateral;2;0;0;0;0;0;0;0;0;0;0;2;0;0;1
06/12/2012;14:24:00;52;sem vítima;133,906;BR-393/RJ;Norte;Engavetamento;1;0;1;0;1;0;0;0;0;0;3;0;0;0;0
06/12/2012;17:06:00;64;com vítima;177,67;BR-393/RJ;Norte;Colisão Lateral;0;0;0;1;1;0;0;0;0;0;3;1;0;0;0
06/12/2012;21:05:00;85;com vítima;278,6;BR-393/RJ;Sul;Engavetamento;3;0;0;0;0;0;0;0;0;0;2;2;0;0;0
07/12/2012;13:25:00;52;com vítima;179,78;BR-393/RJ;Norte;Colisão Lateral;0;0;1;1;0;0;0;0;0;0;1;0;0;0;1
07/12/2012;19:46:00;80;com vítima;217,11;BR-393/RJ;Norte;Colisão Lateral;0;0;0;2;0;0;0;0;0;0;0;1;1;0;0
07/12/2012;16:48:00;66;com vítima;283,39;BR-393/RJ;Norte;Abalroamento Sentido Oposto;0;0;2;0;0;0;0;0;0;0;0;2;0;0;0
07/12/2012;08:00:00;20;com vítima;284;BR-393/RJ;Norte;Colisão Traseira;1;0;1;0;0;0;0;0;0;0;1;1;0;0;0
07/12/2012;17:22:00;71;com vítima;284,22;BR-393/RJ;Sul;Colisão Traseira;1;0;0;0;0;0;0;0;0;1;0;2;0;0;0
08/12/2012;16:17:00;45;sem vítima;105,78;BR-393/RJ;Norte;Colisão Lateral;0;0;0;0;1;0;0;0;0;1;3;0;0;0;0
08/12/2012;22:02:00;68;com vítima;181,1;BR-393/RJ;Sul;Queda de Moto;0;0;0;1;0;0;0;0;0;0;0;0;1;0;1
08/12/2012;18:28:00;53;com vítima;196,77;BR-393/RJ;Sul;Choque - Defensa, barreira ou "submarino";1;0;0;0;0;0;0;0;0;0;0;3;0;0;0
08/12/2012;10:14:00;24;sem vítima;249,81;BR-393/RJ;Norte;Colisão Traseira;2;0;0;0;0;0;0;0;0;0;4;0;0;0;0
08/12/2012;17:40:00;50;com vítima;279,25;BR-393/RJ;Sul;Abalroamento Sentido Oposto;1;0;0;1;0;0;0;0;0;0;0;2;1;0;0
08/12/2012;23:39:00;70;com vítima;284,2;BR-393/RJ;Sul;Abalroamento Sentido Oposto;2;0;0;0;0;0;0;0;0;0;0;2;0;0;0
09/12/2012;17:41:00;45;com vítima;165,2;BR-393/RJ;Sul;Choque - Suporte de Sinalização;1;0;0;0;0;0;0;0;0;0;0;1;0;0;0
09/12/2012;20:04:00;49;sem vítima;178,8;BR-393/RJ;Norte;Colisão Lateral;2;0;0;0;0;0;0;0;0;0;3;0;0;0;0