data;horario;n_da_ocorrencia;tipo_de_ocorrencia;km;trecho;sentido;tipo_de_acidente;automovel;bicicleta;caminhao;moto;onibus;outros;tracao_animal;transporte_de_cargas_especiais;trator_maquinas;utilitarios;ilesos;levemente_feridos;moderadamente_feridos;gravemente_feridos;mortos
09/12/2012;11:24:00;32;com vítima;198,747;BR-393/RJ;Sul;Colisão Lateral;1;0;1;0;0;0;0;0;0;0;0;1;0;0;1
09/12/2012;20:26:00;51;sem vítima;284,2;BR-393/RJ;Norte;Saida de Pista;1;0;0;0;0;0;0;0;0;0;1;0;0;0;0
10/12/2012;21:19:00;91;com vítima;169,46;BR-393/RJ;Sul;Atropelamento de Animal;1;0;0;0;0;0;0;0;0;0;0;1;0;0;0
10/12/2012;19:21:00;84;com vítima;171,47;BR-393/RJ;Norte;Tombamento;0;0;1;0;0;0;0;0;0;0;0;1;0;0;0
10/12/2012;07:28:00;24;com vítima;243,789;BR-393/RJ;Sul;Colisão Traseira;0;0;2;0;0;0;0;0;0;0;1;0;0;1;0
10/12/2012;23:00:00;94;sem vítima;279,87;BR-393/RJ;Norte;Engavetamento;1;0;1;0;1;0;0;0;0;0;3;0;0;0;0
11/12/2012;19:46:00;94;com vítima;132,6;BR-393/RJ;Sul;Atropelamento - Usuário;0;0;0;1;0;0;0;0;0;0;1;1;0;0;0
11/12/2012;05:49:00;21;com vítima;143,45;BR-393/RJ;Norte;Capotamento;0;0;1;0;0;0;0;0;0;0;0;1;0;0;0
11/12/2012;11:32:00;46;sem vítima;156,47;BR-393/RJ;Norte;Colisão Lateral;1;0;0;0;0;0;0;0;0;1;2;0;0;0;0
11/12/2012;21:23:00;98;sem vítima;170,09;BR-393/RJ;Norte;Atropelamento de Animal;0;0;1;0;0;0;0;0;0;0;1;0;0;0;0
11/12/2012;19:27:00;92;com vítima;178,58;BR-393/RJ;Sul;Choque - Elemento de Drenagem;1;0;0;0;0;0;0;0;0;0;0;2;0;0;0
11/12/2012;00:39:00;3;com vítima;1,558;Alça Sul;Norte;Atropelamento de Animal;0;0;0;1;0;0;0;0;0;0;0;0;1;0;0
11/12/2012;18:24:00;87;com vítima;246,1;BR-393/RJ;Norte;Saida de Pista;1;0;0;0;0;0;0;0;0;0;0;1;0;0;0
11/12/2012;04:58:00;11;com vítima;254,12;BR-393/RJ;Sul;Saida de Pista;0;0;1;0;0;0;0;0;0;0;0;1;0;0;0
11/12/2012;19:18:00;91;com vítima;283,4;BR-393/RJ;Norte;Engavetamento;3;0;0;0;0;0;0;0;0;0;2;1;0;0;0
11/12/2012;21:05:00;97;sem vítima;285,5;BR-393/RJ;Sul;Colisão Transversal;1;0;1;0;0;0;0;0;0;0;2;0;0;0;0
12/12/2012;21:36:00;82;com vítima;114,45;BR-393/RJ;Norte;Saida de Pista;1;0;0;0;0;0;0;0;0;0;0;2;0;0;0
13/12/2012;22:51:00;73;com vítima;169,77;BR-393/RJ;Norte;Abalroamento Mesmo Sentido ;1;0;0;1;0;0;0;0;0;0;2;1;0;0;0
13/12/2012;13:00:00;42;com vítima;285,5;BR-393/RJ;Sul;Colisão Traseira;1;0;1;0;0;0;0;0;0;0;2;1;0;0;0
13/12/2012;12:21:00;40;com vítima;286;BR-393/RJ;Sul;Engavetamento;3;0;0;0;0;0;0;0;0;0;2;1;0;0;0
14/12/2012;07:44:00;25;sem vítima;128,89;BR-393/RJ;Sul;Choque - Talude;0;0;1;0;0;0;0;0;0;0;1;0;0;0;0
14/12/2012;16:00:00;73;com vítima;220,79;BR-393/RJ;Norte;Outros - Sequência;0;0;1;1;0;0;0;0;0;0;0;1;0;0;2
15/12/2012;11:30:00;42;sem vítima;106,8;BR-393/RJ;Norte;Colisão Lateral;1;0;1;0;0;0;0;0;0;0;2;0;0;0;0
15/12/2012;00:53:00;6;com vítima;131,3;BR-393/RJ;Sul;Abalroamento Sentido Oposto;0;0;2;0;0;0;0;0;0;0;0;4;0;0;0
15/12/2012;08:15:00;26;com vítima;143,47;BR-393/RJ;Norte;Tombamento;0;0;1;0;0;0;0;0;0;0;0;1;0;0;0
15/12/2012;10:56:00;39;sem vítima;219,4;BR-393/RJ;Sul;Colisão Lateral;1;0;1;0;0;0;0;0;0;0;2;0;0;0;0
15/12/2012;12:49:00;46;sem vítima;242,6;BR-393/RJ;Norte;Colisão Traseira;0;0;2;0;0;0;0;0;0;0;2;0;0;0;0
15/12/2012;19:51:00;73;com vítima;264,5;BR-393/RJ;Norte;Queda de Bicicleta;0;1;0;0;0;0;0;0;0;0;0;1;0;0;0
15/12/2012;18:41:00;70;com vítima;265,5;BR-393/RJ;Norte;Colisão Traseira;1;0;0;0;0;0;0;0;0;1;0;2;0;0;0
15/12/2012;05:32:00;10;sem vítima;285,2;BR-393/RJ;Sul;Saida de Pista;1;0;0;0;0;0;0;0;0;0;1;0;0;0;0
16/12/2012;13:02:00;28;com vítima;220,47;BR-393/RJ;Norte;Saida de Pista;1;0;0;0;0;0;0;0;0;0;0;1;0;0;0
16/12/2012;18:05:00;42;sem vítima;252;BR-393/RJ;Sul;Colisão Traseira;2;0;0;0;0;0;0;0;0;0;2;0;0;0;0
16/12/2012;11:09:00;25;com vítima;257,95;BR-393/RJ;Sul;Outros - Sequência;0;0;1;0;1;0;0;0;0;0;0;4;4;0;0
16/12/2012;20:35:00;52;com vítima;265,18;BR-393/RJ;Sul;Colisão Traseira;1;0;0;0;1;0;0;0;0;0;0;2;0;0;0
17/12/2012;17:18:00;69;com vítima;157,67;BR-393/RJ;Norte;Colisão Frontal;2;0;0;0;0;0;0;0;0;0;0;4;1;0;0
18/12/2012;11:12:00;60;com vítima;200,1;BR-393/RJ;Sul;Colisão Traseira;1;0;1;0;0;0;0;0;0;0;1;1;0;0;0
18/12/2012;20:28:00;113;com vítima;235,53;BR-393/RJ;Norte;Colisão Transversal;1;0;0;1;0;0;0;0;0;0;1;1;0;0;0
18/12/2012;21:35:00;122;sem vítima;242,2;BR-393/RJ;Norte;Atropelamento de Animal;1;0;0;0;0;0;0;0;0;0;1;0;0;0;0
18/12/2012;20:00:00;111;sem vítima;285,5;BR-393/RJ;Sul;Abalroamento Mesmo Sentido ;1;0;1;0;0;0;0;0;0;0;2;0;0;0;0
19/12/2012;15:16:00;72;com vítima;125,2;BR-393/RJ;Norte;Queda de Moto;0;0;0;1;0;0;0;0;0;0;0;1;0;0;0
19/12/2012;16:35:00;77;com vítima;168,77;BR-393/RJ;Sul;Colisão Transversal;0;0;0;1;1;0;0;0;0;0;29;0;1;0;0
19/12/2012;19:38:00;89;com vítima;195,05;BR-393/RJ;Sul;Choque - Defensa, barreira ou "submarino";1;0;0;0;0;0;0;0;0;0;0;1;0;0;0
19/12/2012;18:27:00;85;sem vítima;282,1;BR-393/RJ;Sul;Colisão Traseira;1;0;1;0;0;0;0;0;0;0;2;0;0;0;0
20/12/2012;11:35:00;37;com vítima;155,55;BR-393/RJ;Norte;Tombamento;0;0;1;0;0;0;0;0;0;0;0;1;0;0;0
20/12/2012;16:00:00;50;com vítima;168,53;BR-393/RJ;Sul;Colisão Lateral;1;0;0;1;0;0;0;0;0;0;1;1;0;0;0
20/12/2012;08:07:00;20;com vítima;189,84;BR-393/RJ;Norte;Colisão Lateral;2;0;0;0;0;0;0;0;0;0;0;5;0;0;0
20/12/2012;10:02:00;29;sem vítima;266,79;BR-393/RJ;Norte;Colisão Lateral;0;0;2;0;0;0;0;0;0;0;4;0;0;0;0
20/12/2012;07:58:00;18;com vítima;285,14;BR-393/RJ;Norte;Colisão Lateral;1;0;1;0;0;0;0;0;0;0;1;2;0;0;0
21/12/2012;08:15:00;28;com vítima;103,68;BR-393/RJ;Norte;Colisão Traseira;2;0;0;0;0;0;0;0;0;0;0;5;0;0;0
21/12/2012;15:22:00;58;com vítima;168,81;BR-393/RJ;Sul;Colisão Lateral;0;0;1;1;0;0;0;0;0;0;1;0;1;0;0
21/12/2012;12:08:00;43;com vítima;177,31;BR-393/RJ;Norte;Engavetamento;3;0;0;0;0;0;0;0;0;0;1;2;0;0;0
21/12/2012;15:50:00;60;sem vítima;212,36;BR-393/RJ;Norte;Colisão Traseira;2;0;0;0;0;0;0;0;0;0;2;0;0;0;0
21/12/2012;16:02:00;62;sem vítima;265,26;BR-393/RJ;Norte;Colisão Traseira;1;0;1;0;0;0;0;0;0;0;4;0;0;0;0
21/12/2012;11:44:00;41;com vítima;278,43;BR-393/RJ;Sul;Colisão Traseira;2;0;0;0;0;0;0;0;0;0;2;1;0;0;0
22/12/2012;02:08:00;11;com vítima;143;BR-393/RJ;Norte;Queda de Moto;0;0;0;1;0;0;0;0;0;0;0;0;1;0;0
22/12/2012;02:42:00;14;sem vítima;179,4;BR-393/RJ;Sul;Saida de Pista;1;0;0;0;0;0;0;0;0;0;1;0;0;0;0
22/12/2012;17:27:00;99;sem vítima;195,08;BR-393/RJ;Norte;Colisão Traseira;1;0;1;0;0;0;0;0;0;0;2;0;0;0;0
22/12/2012;08:44:00;37;com vítima;203,43;BR-393/RJ;Norte;Colisão Lateral;1;0;1;0;0;0;0;0;0;0;1;3;0;0;0
23/12/2012;03:29:00;16;sem vítima;134,915;BR-393/RJ;Norte;Choque - Elemento de Drenagem;1;0;0;0;0;0;0;0;0;0;1;0;0;0;0
23/12/2012;11:06:00;27;sem vítima;141,97;BR-393/RJ;Norte;Colisão Traseira;2;0;0;0;0;0;0;0;0;0;2;0;0;0;0
23/12/2012;19:28:00;54;com vítima;162,15;BR-393/RJ;Sul;Outros;1;0;0;0;0;0;0;0;0;0;0;2;0;0;0
23/12/2012;07:09:00;19;sem vítima;255,67;BR-393/RJ;Sul;Colisão Traseira;2;0;0;0;0;0;0;0;0;0;2;0;0;0;0
23/12/2012;18:59:00;51;sem vítima;282,8;BR-393/RJ;Sul;Colisão Traseira;2;0;0;0;0;0;0;0;0;0;2;0;0;0;0
24/12/2012;05:20:00;15;com vítima;128,47;BR-393/RJ;Norte;Tombamento;0;0;1;0;0;0;0;0;0;0;0;0;1;0;0
24/12/2012;21:28:00;42;com vítima;182,27;BR-393/RJ;Sul;Outros - Sequência;1;0;0;1;0;0;0;0;0;0;0;2;0;0;0
24/12/2012;10:30:00;20;com vítima;285,5;BR-393/RJ;Sul;Abalroamento Mesmo Sentido ;2;0;2;0;0;0;0;0;0;0;0;4;0;0;0
25/12/2012;18:01:00;47;sem vítima;239,6;BR-393/RJ;Sul;Colisão Traseira;1;0;0;0;0;0;0;0;0;1;7;0;0;0;0
25/12/2012;08:01:00;20;com vítima;286;BR-393/RJ;Norte;Colisão Traseira;0;0;0;1;1;0;0;0;0;0;1;1;0;0;0
26/12/2012;12:26:00;52;com vítima;103,13;BR-393/RJ;Sul;Colisão Traseira;1;0;0;0;1;0;0;0;0;0;2;2;0;0;0
26/12/2012;00:57:00;13;sem vítima;138,42;BR-393/RJ;Norte;Choque - Poste;1;0;0;0;0;0;0;0;0;0;1;0;0;0;0
26/12/2012;19:24:00;84;com vítima;177,18;BR-393/RJ;Norte;Choque - Outros;1;0;0;0;0;0;0;0;0;0;0;3;0;0;0
26/12/2012;05:51:00;17;sem vítima;232,8;BR-393/RJ;Sul;Atropelamento de Animal;0;0;1;0;0;0;0;0;0;0;1;0;0;0;0
26/12/2012;16:49:00;79;com vítima;264,48;BR-393/RJ;Sul;Capotamento;0;0;0;0;0;0;0;0;0;1;0;7;0;0;0
26/12/2012;15:32:00;71;sem vítima;284,2;BR-393/RJ;Norte;Colisão Traseira;2;0;0;0;0;0;0;0;0;0;2;0;0;0;0
27/12/2012;08:50:00;21;com vítima;178,286;BR-393/RJ;Sul;Colisão Lateral;0;0;0;1;0;0;0;0;0;1;1;1;0;0;0
28/12/2012;15:51:00;53;com vítima;171,8;BR-393/RJ;Norte;Colisão Traseira;2;0;0;0;0;0;0;0;0;0;1;1;0;0;0
28/12/2012;13:09:00;45;sem vítima;227,8;BR-393/RJ;Norte;Saida de Pista;1;0;0;0;0;0;0;0;0;0;1;0;0;0;0
28/12/2012;19:40:00;72;sem vítima;284,18;BR-393/RJ;Norte;Colisão Traseira;2;0;0;0;0;0;0;0;0;0;2;0;0;0;0
29/12/2012;18:03:00;46;com vítima;246,98;BR-393/RJ;Norte;Outros - Sequência;2;0;1;0;0;0;0;0;0;0;2;4;0;0;0
29/12/2012;11:21:00;28;sem vítima;280,07;BR-393/RJ;Sul;Engavetamento;3;0;0;0;0;0;0;0;0;0;3;0;0;0;0
30/12/2012;04:19:00;16;sem vítima;103,84;BR-393/RJ;Norte;Choque - Defensa, barreira ou "submarino";1;0;0;0;0;0;0;0;0;0;3;0;0;0;0
30/12/2012;07:51:00;20;com vítima;115,02;BR-393/RJ;Norte;Capotamento;0;0;1;0;0;0;0;0;0;0;0;2;0;0;2
30/12/2012;08:11:00;22;sem vítima;177,72;BR-393/RJ;Norte;Engavetamento;3;0;0;0;0;0;0;0;0;0;3;0;0;0;0
30/12/2012;03:47:00;15;com vítima;224,3;BR-393/RJ;Sul;Colisão Traseira;1;0;1;0;0;0;0;0;0;0;1;3;0;0;0
30/12/2012;22:57:00;78;com vítima;285,1;BR-393/RJ;Norte;Choque - Outros;1;0;0;0;0;0;0;0;0;0;0;1;0;0;0
31/12/2012;23:51:00;35;com vítima;172,88;BR-393/RJ;Norte;Choque - Talude;1;0;0;0;0;0;0;0;0;0;0;1;0;0;0
01/01/2013;06:57:00;15;com vítima;102,888;BR-393/RJ;Norte;Colisão Frontal;2;0;0;0;0;0;0;0;0;0;0;5;0;1;0
01/01/2013;17:05:00;34;com vítima;274,8;BR-393/RJ;Sul;Queda de Moto;0;0;0;1;0;0;0;0;0;0;0;0;1;0;1
02/01/2013;03:36:00;14;com vítima;102;BR-393/RJ;Norte;Colisão Transversal;1;0;0;0;1;0;0;0;0;0;33;1;0;0;0
02/01/2013;17:34:00;72;sem vítima;168,78;BR-393/RJ;Norte;Colisão Lateral;1;0;1;0;0;0;0;0;0;0;2;0;0;0;0
02/01/2013;19:08:00;79;com vítima;181,73;BR-393/RJ;Norte;Colisão Lateral;1;0;1;0;0;0;0;0;0;0;1;1;0;0;0
03/01/2013;09:48:00;48;com vítima;146,4;BR-393/RJ;Sul;Choque - Outros;1;0;0;0;0;0;0;0;0;0;0;4;0;0;0
03/01/2013;09:36:00;41;sem vítima;195;BR-393/RJ;Sul;Colisão Traseira;1;0;1;0;0;0;0;0;0;0;2;0;0;0;0
03/01/2013;16:45:00;76;com vítima;278,9;BR-393/RJ;Sul;Engavetamento;1;0;2;0;0;0;0;0;0;0;3;3;0;0;0
04/01/2013;21:03:00;89;sem vítima;172,22;BR-393/RJ;Norte;Saida de Pista;1;0;0;0;0;0;0;0;0;0;1;0;0;0;0
04/01/2013;13:30:00;64;sem vítima;172,356;BR-393/RJ;Norte;Choque - Defensa, barreira ou "submarino";1;0;0;0;0;0;0;0;0;0;1;0;0;0;0
05/01/2013;10:34:00;23;com vítima;238,85;BR-393/RJ;Norte;Queda de Moto;0;0;0;1;0;0;0;0;0;0;0;1;0;0;0
06/01/2013;19:43:00;56;com vítima;177,83;BR-393/RJ;Sul;Colisão Traseira;2;0;0;0;0;0;0;0;0;0;0;3;0;0;0
06/01/2013;21:34:00;59;com vítima;181,56;BR-393/RJ;Norte;Queda de Moto;0;0;0;1;0;0;0;0;0;0;0;0;0;2;0
06/01/2013;19:10:00;55;com vítima;195,12;BR-393/RJ;Sul;Colisão Traseira;1;0;1;0;0;0;0;0;0;0;1;3;0;0;0
07/01/2013;17:30:00;83;com vítima;1,556;Alça Sul;Norte;Queda de Moto;0;0;0;1;0;0;0;0;0;0;0;1;0;0;0
08/01/2013;20:13:00;87;com vítima;170,51;BR-393/RJ;Sul;Tombamento;0;0;1;0;0;0;0;0;0;0;0;1;0;0;0
08/01/2013;06:04:00;19;com vítima;207,655;BR-393/RJ;Sul;Colisão Frontal;2;0;0;0;0;0;0;0;0;0;0;0;3;1;2
08/01/2013;06:19:00;20;sem vítima;236;BR-393/RJ;Norte;Queda de Bicicleta;0;1;0;0;0;0;0;0;0;0;1;0;0;0;0
08/01/2013;11:03:00;42;com vítima;265,68;BR-393/RJ;Norte;Abalroamento Sentido Oposto;1;0;1;0;0;0;0;0;0;0;1;0;1;0;0
09/01/2013;12:33:00;43;com vítima;284,2;BR-393/RJ;Norte;Colisão Traseira;1;0;0;0;0;0;0;0;0;1;1;1;0;0;0
10/01/2013;22:41:00;67;com vítima;116,03;BR-393/RJ;Sul;Choque - Talude;0;0;1;0;0;0;0;0;0;0;0;1;0;0;0
10/01/2013;18:18:00;52;com vítima;131,94;BR-393/RJ;Sul;Colisão Frontal;1;1;0;0;0;0;0;0;0;0;0;1;1;0;0
10/01/2013;01:16:00;11;sem vítima;139;BR-393/RJ;Norte;Atropelamento de Animal;0;0;0;0;1;0;0;0;0;0;1;0;0;0;0
10/01/2013;04:35:00;14;com vítima;155,53;BR-393/RJ;Norte;Choque - Outros;1;0;0;0;0;0;0;0;0;0;3;2;0;0;0
10/01/2013;07:29:00;19;sem vítima;160,7;BR-393/RJ;Norte;Colisão Traseira;2;0;0;0;0;0;0;0;0;0;6;0;0;0;0
10/01/2013;21:17:00;62;sem vítima;171,43;BR-393/RJ;Norte;Saida de Pista;1;0;0;0;0;0;0;0;0;0;1;0;0;0;0
10/01/2013;07:03:00;16;com vítima;229,65;BR-393/RJ;Sul;Choque - Talude;1;0;0;0;0;0;0;0;0;0;0;1;0;0;0
10/01/2013;20:16:00;56;sem vítima;280;BR-393/RJ;Norte;Colisão Lateral;1;0;0;0;1;0;0;0;0;0;2;0;0;0;0
10/01/2013;20:16:00;57;sem vítima;284,3;BR-393/RJ;Sul;Saida de Pista;1;0;0;0;0;0;0;0;0;0;1;0;0;0;0
11/01/2013;01:08:00;10;sem vítima;132,75;BR-393/RJ;Norte;Colisão Transversal;1;0;0;0;1;0;0;0;0;0;3;0;0;0;0
11/01/2013;12:24:00;58;com vítima;186,17;BR-393/RJ;Norte;Choque - Talude;1;0;0;0;0;0;0;0;0;0;0;1;0;0;0
11/01/2013;12:41:00;60;sem vítima;255,73;BR-393/RJ;Norte;Colisão Transversal;2;0;0;0;0;0;0;0;0;0;2;0;0;0;0
11/01/2013;15:38:00;72;com vítima;285;BR-393/RJ;Sul;Colisão Traseira;0;0;1;0;0;0;0;0;0;1;1;1;0;0;0
12/01/2013;13:57:00;59;com vítima;141,04;BR-393/RJ;Sul;Queda de Bicicleta;0;1;0;0;0;0;0;0;0;0;0;1;0;0;0
12/01/2013;20:05:00;78;com vítima;168,05;BR-393/RJ;Sul;Colisão Traseira;1;0;0;1;0;0;0;0;0;0;1;1;0;0;0
12/01/2013;10:23:00;41;com vítima;169,75;BR-393/RJ;Sul;Choque - Elemento de Drenagem;0;0;0;0;0;0;0;0;0;1;4;1;0;0;0
12/01/2013;09:05:00;32;com vítima;195,07;BR-393/RJ;Norte;Engavetamento;0;0;3;0;0;0;0;0;0;0;0;3;0;0;0
12/01/2013;00:59:00;11;com vítima;218,35;BR-393/RJ;Sul;Tombamento;0;0;1;0;0;0;0;0;0;0;0;1;0;0;0
12/01/2013;16:02:00;65;sem vítima;230,13;BR-393/RJ;Sul;Outros;1;0;0;0;0;0;0;0;0;0;1;0;0;0;0
12/01/2013;20:10:00;79;com vítima;233,51;BR-393/RJ;Sul;Colisão Traseira;2;0;0;0;0;0;0;0;0;0;5;1;0;0;0
12/01/2013;20:51:00;82;sem vítima;284,2;BR-393/RJ;Norte;Engavetamento;5;0;0;0;0;0;0;0;0;0;5;0;0;0;0
14/01/2013;20:47:00;74;com vítima;114;BR-393/RJ;Norte;Colisão Traseira;0;0;0;1;0;0;0;0;0;1;0;1;2;0;0
14/01/2013;13:16:00;44;sem vítima;265,19;BR-393/RJ;Norte;Colisão Traseira;1;0;1;0;0;0;0;0;0;0;2;0;0;0;0
14/01/2013;06:36:00;13;com vítima;268,341;BR-393/RJ;Sul;Colisão Lateral;2;0;0;0;0;0;0;0;0;0;0;3;0;0;0
14/01/2013;16:21:00;62;sem vítima;284,3;BR-393/RJ;Norte;Colisão Traseira;1;0;1;0;0;0;0;0;0;0;2;0;0;0;0
15/01/2013;16:19:00;87;sem vítima;208,42;BR-393/RJ;Norte;Colisão Traseira;2;0;0;0;0;0;0;0;0;0;2;0;0;0;0
15/01/2013;22:24:00;107;sem vítima;255,73;BR-393/RJ;Norte;Saida de Pista;1;0;0;0;0;0;0;0;0;0;1;0;0;0;0
15/01/2013;20:16:00;98;com vítima;274,18;BR-393/RJ;Norte;Colisão Frontal;1;0;1;0;0;0;0;0;0;0;1;1;0;0;0
16/01/2013;03:04:00;12;sem vítima;125,82;BR-393/RJ;Sul;Choque - Outros;0;0;0;0;1;0;0;0;0;0;1;0;0;0;0
16/01/2013;21:43:00;104;com vítima;163,35;BR-393/RJ;Sul;Outros;0;0;1;0;0;0;0;0;0;0;0;1;0;0;0
16/01/2013;14:10:00;78;com vítima;176,53;BR-393/RJ;Norte;Colisão Frontal;1;0;1;0;0;0;0;0;0;0;1;1;0;0;0
16/01/2013;14:53:00;79;com vítima;251,34;BR-393/RJ;Norte;Colisão Lateral;0;0;0;1;0;0;0;0;0;1;1;0;1;0;0
17/01/2013;11:38:00;41;com vítima;219;BR-393/RJ;Norte;Colisão Traseira;2;0;0;0;0;0;0;0;0;0;7;1;0;0;0
17/01/2013;21:37:00;82;sem vítima;284;BR-393/RJ;Sul;Saida de Pista;1;0;0;0;0;0;0;0;0;0;1;0;0;0;0
17/01/2013;16:46:00;60;com vítima;286;BR-393/RJ;Norte;Colisão Traseira;2;0;0;0;0;0;0;0;0;0;0;2;0;0;0
18/01/2013;09:42:00;40;com vítima;217,92;BR-393/RJ;Sul;Colisão Lateral;1;0;1;0;0;0;0;0;0;0;1;1;0;0;0
18/01/2013;14:42:00;56;sem vítima;285,6;BR-393/RJ;Sul;Abalroamento Mesmo Sentido ;1;0;1;0;0;0;0;0;0;0;2;0;0;0;0
19/01/2013;21:23:00;104;sem vítima;115;BR-393/RJ;Norte;Choque - Arvore;0;0;1;0;0;0;0;0;0;0;1;0;0;0;0
19/01/2013;21:49:00;99;com vítima;155,54;BR-393/RJ;Norte;Saida de Pista;1;0;0;0;0;0;0;0;0;0;0;6;0;0;0
19/01/2013;10:38:00;55;sem vítima;194,9;BR-393/RJ;Sul;Colisão Traseira;1;0;1;0;0;0;0;0;0;0;2;0;0;0;0
19/01/2013;06:45:00;22;com vítima;215,3;BR-393/RJ;Norte;Saida de Pista;1;0;0;0;0;0;0;0;0;0;0;4;0;0;0
19/01/2013;11:53:00;59;sem vítima;251,19;BR-393/RJ;Norte;Colisão Lateral;1;0;1;0;0;0;0;0;0;0;2;0;0;0;0
19/01/2013;18:21:00;93;sem vítima;274,57;BR-393/RJ;Sul;Choque - Suporte de Sinalização;1;0;0;0;0;0;0;0;0;0;1;0;0;0;0
19/01/2013;02:47:00;15;sem vítima;285,5;BR-393/RJ;Norte;Saida de Pista;1;0;0;0;0;0;0;0;0;0;1;0;0;0;0
20/01/2013;13:05:00;28;com vítima;121,4;BR-393/RJ;Norte;Tombamento;0;0;1;0;0;0;0;0;0;0;0;0;1;0;0
20/01/2013;16:56:00;38;com vítima;124,55;BR-393/RJ;Sul;Colisão Lateral;0;0;2;0;0;0;0;0;0;0;0;2;0;0;0
20/01/2013;16:34:00;36;com vítima;156,32;BR-393/RJ;Sul;Abalroamento Mesmo Sentido ;0;0;1;0;1;0;0;0;0;0;28;1;0;0;0
20/01/2013;15:56:00;33;sem vítima;165,215;BR-393/RJ;Sul;Colisão Traseira;2;0;0;0;0;0;0;0;0;0;6;0;0;0;0
20/01/2013;02:07:00;3;com vítima;232,92;BR-393/RJ;Sul;Queda de Moto;0;0;0;1;0;0;0;0;0;0;0;1;0;0;0
20/01/2013;10:54:00;19;com vítima;280,5;BR-393/RJ;Norte;Atropelamento - Ciclista;1;1;0;0;0;0;0;0;0;0;1;1;0;0;0
20/01/2013;04:34:00;6;sem vítima;282,53;BR-393/RJ;Norte;Queda de Moto;0;0;0;1;0;0;0;0;0;0;2;0;0;0;0
20/01/2013;22:06:00;61;sem vítima;283,1;BR-393/RJ;Norte;Colisão Traseira;1;0;0;0;0;0;0;0;0;1;2;0;0;0;0
21/01/2013;11:10:00;31;com vítima;179,79;BR-393/RJ;Sul;Colisão Lateral;2;0;0;0;0;0;0;0;0;0;0;2;0;0;0
21/01/2013;23:35:00;67;com vítima;285;BR-393/RJ;Sul;Choque - Outros;1;0;0;0;0;0;0;0;0;0;0;1;0;0;0
22/01/2013;18:25:00;74;com vítima;115;BR-393/RJ;Norte;Choque - Arvore;0;0;1;0;0;0;0;0;0;0;0;2;0;0;0
22/01/2013;18:52:00;75;sem vítima;237,05;BR-393/RJ;Norte;Colisão Traseira;0;0;1;0;1;0;0;0;0;0;2;0;0;0;0
22/01/2013;13:56:00;57;com vítima;273,64;BR-393/RJ;Sul;Choque - Suporte de Sinalização;1;0;0;0;0;0;0;0;0;0;0;1;0;0;0
23/01/2013;05:57:00;10;com vítima;158;BR-393/RJ;Norte;Queda de Bicicleta;0;1;0;0;0;0;0;0;0;0;0;1;0;0;0
23/01/2013;16:05:00;82;com vítima;238;BR-393/RJ;Norte;Queda de Moto;0;0;0;1;0;0;0;0;0;0;0;0;1;0;0
24/01/2013;16:38:00;78;sem vítima;168,18;BR-393/RJ;Sul;Abalroamento Mesmo Sentido ;1;0;1;0;0;0;0;0;0;0;2;0;0;0;0
25/01/2013;08:45:00;28;com vítima;103,575;BR-393/RJ;Norte;Colisão Transversal;1;0;0;1;0;0;0;0;0;0;1;1;0;0;0
25/01/2013;13:44:00;58;com vítima;163,24;BR-393/RJ;Norte;Capotamento;0;0;1;0;0;0;0;0;0;0;0;1;0;0;0
25/01/2013;11:36:00;51;sem vítima;265,11;BR-393/RJ;Norte;Colisão Traseira;1;0;1;0;0;0;0;0;0;0;2;0;0;0;0
25/01/2013;01:00:00;4;com vítima;274,1;BR-393/RJ;Sul;Tombamento;0;0;1;0;0;0;0;0;0;0;0;1;0;0;0
26/01/2013;15:06:00;43;com vítima;156;BR-393/RJ;Sul;Colisão Transversal;2;0;0;0;0;0;0;0;0;0;1;1;0;0;0
26/01/2013;05:45:00;17;com vítima;255,68;BR-393/RJ;Norte;Colisão Traseira;2;0;0;0;0;0;0;0;0;0;0;3;0;0;0
26/01/2013;23:15:00;68;com vítima;265;BR-393/RJ;Sul;Choque - Suporte de Sinalização;1;0;0;0;0;0;0;0;0;0;1;1;0;0;0
27/01/2013;00:34:00;1;sem vítima;171,39;BR-393/RJ;Sul;Saida de Pista;1;0;0;0;0;0;0;0;0;0;1;0;0;0;0
28/01/2013;00:06:00;2;com vítima;130,01;BR-393/RJ;Norte;Tombamento;0;0;1;0;0;0;0;0;0;0;0;0;0;0;1
28/01/2013;20:30:00;73;com vítima;214,69;BR-393/RJ;Sul;Atropelamento - Usuário;0;0;0;1;0;0;0;0;0;0;1;0;1;0;0
29/01/2013;08:44:00;22;com vítima;217,9;BR-393/RJ;Sul;Colisão Lateral;1;0;1;0;0;0;0;0;0;0;1;1;0;0;0
31/01/2013;06:33:00;16;com vítima;177,78;BR-393/RJ;Sul;Choque - Outros;1;0;0;0;0;0;0;0;0;0;0;1;1;0;0
31/01/2013;07:35:00;18;com vítima;186,97;BR-393/RJ;Norte;Capotamento;1;0;0;0;0;0;0;0;0;0;1;3;0;0;0
31/01/2013;05:24:00;15;sem vítima;205,3;BR-393/RJ;Norte;Saida de Pista;0;0;1;0;0;0;0;0;0;0;1;0;0;0;0
31/01/2013;15:24:00;74;sem vítima;242,42;BR-393/RJ;Norte;Colisão Traseira;1;0;1;0;0;0;0;0;0;0;2;0;0;0;0
01/02/2013;19:28:00;82;sem vítima;168,89;BR-393/RJ;Norte;Abalroamento Mesmo Sentido ;1;0;1;0;0;0;0;0;0;0;5;0;0;0;0
01/02/2013;23:20:00;93;sem vítima;189,2;BR-393/RJ;Norte;Choque - Outros;1;0;0;0;0;0;0;0;0;0;1;0;0;0;0
01/02/2013;22:34:00;89;com vítima;286;BR-393/RJ;Norte;Colisão Traseira;2;0;0;0;0;0;0;0;0;0;2;1;0;0;0
02/02/2013;21:49:00;59;sem vítima;102,1;BR-393/RJ;Norte;Abalroamento Sentido Oposto;1;0;1;0;0;0;0;0;0;0;3;0;0;0;0
02/02/2013;09:36:00;22;sem vítima;105,96;BR-393/RJ;Norte;Colisão Traseira;2;0;0;0;0;0;0;0;0;0;3;0;0;0;0
02/02/2013;16:38:00;49;com vítima;114,53;BR-393/RJ;Sul;Tombamento;0;0;1;0;0;0;0;0;0;0;0;1;1;0;0
02/02/2013;02:57:00;4;com vítima;155,5;BR-393/RJ;Norte;Saida de Pista;1;0;0;0;0;0;0;0;0;0;0;3;0;0;0