data;horario;n_da_ocorrencia;tipo_de_ocorrencia;km;trecho;sentido;tipo_de_acidente;automovel;bicicleta;caminhao;moto;onibus;outros;tracao_animal;transporte_de_cargas_especiais;trator_maquinas;utilitarios;ilesos;levemente_feridos;moderadamente_feridos;gravemente_feridos;mortos
02/04/2013;00:30:00;3;com vítima;228,22;BR-393/RJ;Sul;Queda de Moto;0;0;0;1;0;0;0;0;0;0;1;1;0;0;0
02/04/2013;07:40:00;21;sem vítima;285,3;BR-393/RJ;Sul;Abalroamento Mesmo Sentido ;1;0;1;0;0;0;0;0;0;0;2;0;0;0;0
02/04/2013;19:26:00;101;com vítima;286,3;BR-393/RJ;Norte;Colisão Transversal;1;0;0;0;1;0;0;0;0;0;1;1;0;0;0
03/04/2013;03:32:00;7;sem vítima;172,49;BR-393/RJ;Norte;Atropelamento de Animal;0;0;1;0;0;0;0;0;0;0;1;0;0;0;0
03/04/2013;08:12:00;13;sem vítima;281,5;BR-393/RJ;Norte;Choque - Poste;1;0;0;0;0;0;0;0;0;0;1;0;0;0;0
03/04/2013;16:10:00;52;sem vítima;283,5;BR-393/RJ;Norte;Colisão Traseira;1;0;0;0;0;0;0;0;0;1;2;0;0;0;0
04/04/2013;18:53:00;79;sem vítima;285,5;BR-393/RJ;Sul;Abalroamento Mesmo Sentido ;1;0;1;0;0;0;0;0;0;0;2;0;0;0;0
05/04/2013;23:35:00;113;sem vítima;120,63;BR-393/RJ;Norte;Choque - Talude;1;0;1;0;0;0;0;0;0;0;3;0;0;0;0
05/04/2013;11:45:00;67;com vítima;174;BR-393/RJ;Norte;Colisão Lateral;0;0;2;0;0;0;0;0;0;0;0;2;0;0;0
05/04/2013;21:49:00;108;com vítima;175,57;BR-393/RJ;Sul;Saida de Pista;1;0;0;0;0;0;0;0;0;0;0;1;0;0;0
05/04/2013;12:29:00;70;com vítima;177,8;BR-393/RJ;Norte;Engavetamento;3;0;0;0;0;0;0;0;0;0;2;2;0;0;0
05/04/2013;20:43:00;104;sem vítima;205,74;BR-393/RJ;Sul;Atropelamento de Animal;0;0;1;0;0;0;0;0;0;0;1;0;0;0;0
05/04/2013;16:44:00;86;sem vítima;281,16;BR-393/RJ;Sul;Colisão Lateral;2;0;0;0;0;0;0;0;0;0;2;0;0;0;0
06/04/2013;15:02:00;67;sem vítima;171,5;BR-393/RJ;Norte;Abalroamento Mesmo Sentido ;1;0;1;0;0;0;0;0;0;0;2;0;0;0;0
06/04/2013;16:21:00;76;com vítima;236,6;BR-393/RJ;Sul;Colisão Frontal;1;0;0;1;0;0;0;0;0;0;1;1;0;0;0
06/04/2013;09:41:00;33;sem vítima;242,45;BR-393/RJ;Norte;Abalroamento Mesmo Sentido ;1;0;1;0;0;0;0;0;0;0;3;0;0;0;0
06/04/2013;11:40:00;55;sem vítima;258,68;BR-393/RJ;Norte;Colisão Lateral;1;0;1;0;0;0;0;0;0;0;2;0;0;0;0
06/04/2013;18:52:00;86;sem vítima;261,32;BR-393/RJ;Sul;Abalroamento Sentido Oposto;2;0;0;0;0;0;0;0;0;0;2;0;0;0;0
06/04/2013;04:48:00;8;com vítima;285,43;BR-393/RJ;Sul;Saida de Pista;1;0;0;0;0;0;0;0;0;0;0;0;1;0;0
07/04/2013;14:59:00;33;com vítima;128,63;BR-393/RJ;Sul;Tombamento;0;0;1;0;0;0;0;0;0;0;0;1;0;0;0
07/04/2013;22:13:00;53;sem vítima;157,45;BR-393/RJ;Norte;Tombamento;0;0;1;0;0;0;0;0;0;0;1;0;0;0;0
07/04/2013;06:37:00;11;sem vítima;174,39;BR-393/RJ;Sul;Choque - Defensa, barreira ou "submarino";1;0;0;0;0;0;0;0;0;0;1;0;0;0;0
07/04/2013;16:16:00;38;sem vítima;195,05;BR-393/RJ;Sul;Colisão Lateral;1;0;1;0;0;0;0;0;0;0;2;0;0;0;0
07/04/2013;03:27:00;5;com vítima;221,85;BR-393/RJ;Sul;Capotamento;1;0;0;0;0;0;0;0;0;0;0;0;1;0;0
07/04/2013;18:27:00;49;com vítima;276,75;BR-393/RJ;Norte;Atropelamento - Ciclista;1;1;0;0;0;0;0;0;0;0;1;1;0;0;0
07/04/2013;00:59:00;1;com vítima;285,99;BR-393/RJ;Norte;Colisão Traseira;1;0;0;1;0;0;0;0;0;0;1;1;0;0;0
08/04/2013;18:38:00;59;sem vítima;237,07;BR-393/RJ;Sul;Engavetamento;3;0;0;0;0;0;0;0;0;0;3;0;0;0;0
08/04/2013;19:10:00;62;sem vítima;237,59;BR-393/RJ;Norte;Colisão Traseira;2;0;0;0;0;0;0;0;0;0;2;0;0;0;0
08/04/2013;19:41:00;66;com vítima;278,51;BR-393/RJ;Sul;Colisão Frontal;1;0;0;0;1;0;0;0;0;0;1;0;1;1;0
09/04/2013;19:57:00;100;com vítima;164,96;BR-393/RJ;Sul;Queda de Moto;0;0;0;1;0;0;0;0;0;0;0;1;0;0;0
09/04/2013;07:40:00;20;com vítima;235,165;BR-393/RJ;Norte;Colisão Lateral;1;0;0;0;0;0;0;0;0;1;1;2;0;0;0
09/04/2013;20:22:00;101;com vítima;241,23;BR-393/RJ;Sul;Queda de Moto;0;0;0;1;0;0;0;0;0;0;0;1;0;0;0
09/04/2013;17:06:00;87;sem vítima;242,39;BR-393/RJ;Norte;Abalroamento Mesmo Sentido ;1;0;1;0;0;0;0;0;0;0;2;0;0;0;0
10/04/2013;08:16:00;20;com vítima;175,45;BR-393/RJ;Sul;Abalroamento Mesmo Sentido ;0;0;1;1;0;0;0;0;0;0;3;1;0;0;0
10/04/2013;22:09:00;85;com vítima;227,89;BR-393/RJ;Sul;Queda de Moto;0;0;0;1;0;0;0;0;0;0;0;1;0;0;0
10/04/2013;22:20:00;86;com vítima;243,58;BR-393/RJ;Sul;Capotamento;1;0;0;0;0;0;0;0;0;0;0;1;0;0;0
10/04/2013;12:10:00;52;com vítima;3;Alça Sul;Sul;Colisão Traseira;1;0;1;0;0;0;0;0;0;0;1;1;0;0;0
10/04/2013;13:12:00;53;com vítima;285,359;BR-393/RJ;Norte;Tombamento;0;0;1;0;0;0;0;0;0;0;0;1;0;0;0
10/04/2013;01:21:00;3;com vítima;285,47;BR-393/RJ;Norte;Colisão Lateral;1;0;0;1;0;0;0;0;0;0;1;2;0;0;0
11/04/2013;19:30:00;68;sem vítima;144,19;BR-393/RJ;Sul;Colisão Frontal;1;0;1;0;0;0;0;0;0;0;3;0;0;0;0
11/04/2013;14:38:00;52;com vítima;168,44;BR-393/RJ;Sul;Colisão Traseira;1;0;0;1;0;0;0;0;0;0;2;1;0;0;0
11/04/2013;18:08:00;63;com vítima;235,24;BR-393/RJ;Norte;Atropelamento - Morador;0;0;0;1;0;0;0;0;0;0;1;1;0;0;0
12/04/2013;17:00:00;65;com vítima;105,95;BR-393/RJ;Norte;Colisão Lateral;1;0;0;1;0;0;0;0;0;0;1;1;0;0;0
12/04/2013;18:23:00;70;com vítima;218,33;BR-393/RJ;Sul;Tombamento;0;0;1;0;0;0;0;0;0;0;0;0;1;0;0
12/04/2013;23:06:00;85;com vítima;285,6;BR-393/RJ;Norte;Colisão Transversal;2;0;0;0;0;0;0;0;0;0;1;1;0;0;0
13/04/2013;11:20:00;49;sem vítima;133;BR-393/RJ;Sul;Abalroamento Mesmo Sentido ;2;0;0;0;0;0;0;0;0;0;3;0;0;0;0
13/04/2013;20:26:00;105;com vítima;215,22;BR-393/RJ;Sul;Saida de Pista;0;0;1;0;0;0;0;0;0;0;0;1;0;0;0
13/04/2013;08:44:00;31;com vítima;236,94;BR-393/RJ;Sul;Colisão Traseira;2;0;0;0;0;0;0;0;0;0;1;1;0;0;0
13/04/2013;18:58:00;100;sem vítima;284,48;BR-393/RJ;Norte;Colisão Traseira;2;0;0;0;0;0;0;0;0;0;2;0;0;0;0
13/04/2013;23:42:00;118;sem vítima;285,6;BR-393/RJ;Norte;Colisão Lateral;2;0;0;0;0;0;0;0;0;0;2;0;0;0;0
14/04/2013;00:00:00;1;com vítima;141,29;BR-393/RJ;Norte;Queda de Moto;0;0;0;1;0;0;0;0;0;0;0;1;0;0;0
14/04/2013;16:44:00;50;com vítima;218,37;BR-393/RJ;Sul;Colisão Lateral;1;0;1;0;0;0;0;0;0;0;1;3;0;0;0
14/04/2013;14:45:00;47;sem vítima;230,8;BR-393/RJ;Sul;Saida de Pista;0;0;1;0;0;0;0;0;0;0;1;0;0;0;0
14/04/2013;19:25:00;57;com vítima;243,594;BR-393/RJ;Norte;Atropelamento - Funcionário;0;0;2;0;0;0;0;0;0;0;1;1;0;0;0
14/04/2013;18:44:00;56;sem vítima;243,601;BR-393/RJ;Norte;Choque - Outros;1;0;0;0;0;0;0;0;0;0;2;0;0;0;0
14/04/2013;13:36:00;45;sem vítima;279;BR-393/RJ;Sul;Colisão Lateral;2;0;0;0;0;0;0;0;0;0;2;0;0;0;0
16/04/2013;06:57:00;14;sem vítima;177;BR-393/RJ;Norte;Colisão Traseira;0;0;2;0;0;0;0;0;0;0;3;0;0;0;0
16/04/2013;05:17:00;11;sem vítima;257,9;BR-393/RJ;Norte;Saida de Pista;0;0;1;0;0;0;0;0;0;0;1;0;0;0;0
17/04/2013;12:21:00;63;sem vítima;102;BR-393/RJ;Norte;Abalroamento Mesmo Sentido ;2;0;0;0;0;0;0;0;0;0;2;0;0;0;0
17/04/2013;09:08:00;29;com vítima;175,7;BR-393/RJ;Norte;Colisão Lateral;1;0;0;1;0;0;0;0;0;0;1;1;0;0;0
17/04/2013;18:08:00;105;sem vítima;238,59;BR-393/RJ;Sul;Colisão Lateral;2;0;0;0;0;0;0;0;0;0;2;0;0;0;0
18/04/2013;10:20:00;65;sem vítima;142,6;BR-393/RJ;Norte;Colisão Traseira;1;0;0;0;0;0;0;0;0;1;4;0;0;0;0
18/04/2013;12:57:00;126;sem vítima;166,07;BR-393/RJ;Norte;Colisão Traseira;0;0;2;0;0;0;0;0;0;0;2;0;0;0;0
18/04/2013;08:54:00;44;com vítima;256,83;BR-393/RJ;Norte;Colisão Lateral;2;0;0;0;0;0;0;0;0;0;1;1;0;0;0
18/04/2013;15:26:00;141;com vítima;265,18;BR-393/RJ;Sul;Colisão Traseira;1;0;1;0;0;0;0;0;0;0;0;3;0;0;0
19/04/2013;23:14:00;81;com vítima;176,23;BR-393/RJ;Norte;Queda de Moto;0;0;0;1;0;0;0;0;0;0;0;0;1;0;0
20/04/2013;22:31:00;61;com vítima;180,4;BR-393/RJ;Sul;Queda de Moto;0;0;0;1;0;0;0;0;0;0;0;0;1;0;0
20/04/2013;05:25:00;18;com vítima;259,21;BR-393/RJ;Norte;Colisão Frontal;1;0;0;1;0;0;0;0;0;0;0;1;0;0;1
20/04/2013;10:03:00;28;sem vítima;266,08;BR-393/RJ;Norte;Tombamento;0;0;1;0;0;0;0;0;0;0;1;0;0;0;0
20/04/2013;18:41:00;52;sem vítima;285;BR-393/RJ;Norte;Engavetamento;3;0;0;0;0;0;0;0;0;0;3;0;0;0;0
21/04/2013;11:06:00;50;sem vítima;128,64;BR-393/RJ;Sul;Tombamento;0;0;1;0;0;0;0;0;0;0;1;0;0;0;0
21/04/2013;13:15:00;59;com vítima;131,18;BR-393/RJ;Norte;Outros - Sequência;2;0;0;0;0;0;0;0;0;0;4;2;2;0;0
21/04/2013;17:49:00;73;sem vítima;140,7;BR-393/RJ;Sul;Colisão Lateral;2;0;0;0;0;0;0;0;0;0;2;0;0;0;0
21/04/2013;19:58:00;76;com vítima;146,34;BR-393/RJ;Sul;Queda de Moto;0;0;0;1;0;0;0;0;0;0;0;1;1;0;0
21/04/2013;13:54:00;61;com vítima;252,46;BR-393/RJ;Sul;Colisão Lateral;2;0;0;0;0;0;0;0;0;0;3;3;0;0;0
22/04/2013;15:12:00;77;com vítima;249,85;BR-393/RJ;Sul;Colisão Traseira;2;0;0;0;0;0;0;0;0;0;1;2;0;0;0
22/04/2013;20:39:00;99;sem vítima;254,7;BR-393/RJ;Norte;Saida de Pista;1;0;0;0;0;0;0;0;0;0;1;0;0;0;0
23/04/2013;22:19:00;68;com vítima;281;BR-393/RJ;Sul;Colisão Lateral;1;0;1;0;0;0;0;0;0;0;1;1;0;0;0
24/04/2013;15:31:00;50;sem vítima;154,9;BR-393/RJ;Sul;Engavetamento;0;0;2;0;0;0;0;0;0;1;4;0;0;0;0
24/04/2013;10:40:00;29;sem vítima;182,23;BR-393/RJ;Sul;Colisão Traseira;2;0;0;0;0;0;0;0;0;0;2;0;0;0;0
24/04/2013;17:58:00;60;sem vítima;232,08;BR-393/RJ;Norte;Choque - Talude;1;0;0;0;0;0;0;0;0;0;4;0;0;0;0
24/04/2013;12:39:00;34;com vítima;270,5;BR-393/RJ;Sul;Saida de Pista;1;0;0;0;0;0;0;0;0;0;0;1;0;0;0
25/04/2013;05:27:00;12;com vítima;146,38;BR-393/RJ;Sul;Saida de Pista;1;0;0;0;0;0;0;0;0;0;0;2;0;0;0
25/04/2013;22:47:00;136;com vítima;171,35;BR-393/RJ;Norte;Capotamento;0;0;1;0;0;0;0;0;0;0;0;2;0;0;0
25/04/2013;07:55:00;28;com vítima;254,54;BR-393/RJ;Sul;Atropelamento - Ciclista;1;1;0;0;0;0;0;0;0;0;1;0;1;0;0
25/04/2013;05:51:00;13;sem vítima;265,15;BR-393/RJ;Norte;Colisão Traseira;1;0;1;0;0;0;0;0;0;0;2;0;0;0;0
26/04/2013;13:44:00;66;com vítima;168,8;BR-393/RJ;Norte;Colisão Lateral;2;0;0;0;0;0;0;0;0;0;0;2;0;0;0
26/04/2013;14:27:00;69;sem vítima;179,45;BR-393/RJ;Sul;Colisão Traseira;2;0;0;0;0;0;0;0;0;0;2;0;0;0;0
26/04/2013;23:23:00;97;sem vítima;212,32;BR-393/RJ;Norte;Choque - Defensa, barreira ou "submarino";0;0;1;0;0;0;0;0;0;0;1;0;0;0;0
26/04/2013;17:15:00;83;sem vítima;274,22;BR-393/RJ;Sul;Choque - Defensa, barreira ou "submarino";0;0;1;0;0;0;0;0;0;0;1;0;0;0;0
26/04/2013;20:12:00;93;sem vítima;283,6;BR-393/RJ;Norte;Colisão Transversal;2;0;0;0;0;0;0;0;0;0;4;0;0;0;0
27/04/2013;09:08:00;20;sem vítima;103,84;BR-393/RJ;Norte;Colisão Traseira;2;0;0;0;0;0;0;0;0;0;2;0;0;0;0
27/04/2013;12:53:00;34;com vítima;113,85;BR-393/RJ;Norte;Tombamento;0;0;1;0;0;0;0;0;0;0;0;1;0;0;0
27/04/2013;16:25:00;50;com vítima;207,69;BR-393/RJ;Norte;Queda de Moto;0;0;0;1;0;0;0;0;0;0;0;2;0;0;0
28/04/2013;19:38:00;44;com vítima;102;BR-393/RJ;Norte;Choque - Defensa, barreira ou "submarino";1;0;0;0;0;0;0;0;0;0;0;1;0;0;0
28/04/2013;19:50:00;45;com vítima;103,8;BR-393/RJ;Norte;Choque - Defensa, barreira ou "submarino";1;0;0;0;0;0;0;0;0;0;0;0;0;1;0
28/04/2013;16:53:00;36;com vítima;172,29;BR-393/RJ;Norte;Queda de Moto;0;0;0;1;0;0;0;0;0;0;0;2;0;0;0
28/04/2013;18:54:00;41;com vítima;232,1;BR-393/RJ;Sul;Colisão Lateral;1;0;0;1;0;0;0;0;0;0;1;0;1;0;0
29/04/2013;11:03:00;75;sem vítima;125,8;BR-393/RJ;Sul;Colisão Traseira;1;0;1;0;0;0;0;0;0;0;5;0;0;0;0
29/04/2013;18:47:00;119;sem vítima;183,64;BR-393/RJ;Norte;Queda de Moto;0;0;0;1;0;0;0;0;0;0;1;0;0;0;0
29/04/2013;13:46:00;98;sem vítima;230,35;BR-393/RJ;Norte;Abalroamento Mesmo Sentido ;0;0;2;0;0;0;0;0;0;0;2;0;0;0;0
29/04/2013;15:42:00;104;sem vítima;283,9;BR-393/RJ;Norte;Colisão Traseira;1;0;1;0;0;0;0;0;0;0;2;0;0;0;0
30/04/2013;18:44:00;85;com vítima;236,75;BR-393/RJ;Norte;Colisão Transversal;2;0;0;0;0;0;0;0;0;0;2;1;0;0;0
30/04/2013;21:22:00;92;com vítima;238,69;BR-393/RJ;Sul;Colisão Transversal;1;0;0;1;0;0;0;0;0;0;1;0;2;0;0
30/04/2013;18:40:00;84;com vítima;274,08;BR-393/RJ;Sul;Tombamento;1;0;1;0;0;0;0;0;0;0;0;1;1;0;0
01/05/2013;04:53:00;3;sem vítima;181,659;BR-393/RJ;Sul;Abalroamento Sentido Oposto;1;0;0;0;1;0;0;0;0;0;2;0;0;0;0
01/05/2013;08:00:00;12;sem vítima;281,9;BR-393/RJ;Sul;Abalroamento Mesmo Sentido ;0;0;2;0;0;0;0;0;0;0;2;0;0;0;0
01/05/2013;09:58:00;19;sem vítima;285;BR-393/RJ;Norte;Colisão Lateral;1;0;1;0;0;0;0;0;0;0;2;0;0;0;0
02/05/2013;10:05:00;34;com vítima;161,47;BR-393/RJ;Sul;Atropelamento - Funcionário;0;0;0;1;0;0;0;0;0;0;0;0;2;0;0
02/05/2013;06:21:00;15;com vítima;175,5;BR-393/RJ;Sul;Choque - Poste;1;0;0;0;0;0;0;0;0;0;0;1;0;0;0
02/05/2013;17:57:00;71;sem vítima;176;BR-393/RJ;Norte;Engavetamento;3;0;0;0;0;0;0;0;0;0;3;0;0;0;0
02/05/2013;09:28:00;29;sem vítima;284;BR-393/RJ;Sul;Atropelamento de Animal;1;0;0;0;0;0;0;0;0;0;1;0;0;0;0
03/05/2013;20:26:00;90;com vítima;128,53;BR-393/RJ;Sul;Abalroamento Sentido Oposto;0;0;1;1;0;0;0;0;0;0;1;0;1;0;0
03/05/2013;17:46:00;80;com vítima;168,8;BR-393/RJ;Norte;Colisão Transversal;2;0;0;0;0;0;0;0;0;0;1;2;0;0;0
03/05/2013;17:37:00;79;sem vítima;236,6;BR-393/RJ;Norte;Colisão Traseira;1;0;1;0;0;0;0;0;0;0;2;0;0;0;0
03/05/2013;22:34:00;100;com vítima;268,3;BR-393/RJ;Sul;Colisão Lateral;2;0;0;0;0;0;0;0;0;0;1;4;0;0;0
03/05/2013;15:12:00;69;com vítima;281,5;BR-393/RJ;Sul;Colisão Traseira;2;0;0;0;0;0;0;0;0;0;1;2;0;0;0
03/05/2013;18:02:00;82;sem vítima;283,54;BR-393/RJ;Norte;Colisão Lateral;2;0;0;0;0;0;0;0;0;0;2;0;0;0;0
04/05/2013;13:30:00;50;com vítima;124,59;BR-393/RJ;Sul;Abalroamento Mesmo Sentido ;0;0;1;0;0;0;0;0;0;1;1;1;0;0;0
04/05/2013;20:54:00;79;sem vítima;148,84;BR-393/RJ;Norte;Choque - Elemento de Drenagem;1;0;0;0;0;0;0;0;0;0;1;0;0;0;0
04/05/2013;06:08:00;9;sem vítima;278,9;BR-393/RJ;Sul;Colisão Traseira;0;0;2;0;0;0;0;0;0;0;2;0;0;0;0
04/05/2013;07:25:00;14;com vítima;279;BR-393/RJ;Norte;Atropelamento - Ciclista;0;1;0;0;0;0;0;0;0;1;1;0;1;0;0
04/05/2013;12:02:00;45;com vítima;286,3;BR-393/RJ;Sul;Colisão Traseira;4;0;0;0;0;0;0;0;0;0;4;1;0;0;0
05/05/2013;12:48:00;28;com vítima;172,35;BR-393/RJ;Sul;Queda de Moto;0;0;0;1;0;0;0;0;0;0;0;1;0;0;0
05/05/2013;21:43:00;66;com vítima;206,15;BR-393/RJ;Norte;Colisão Transversal;1;0;1;0;0;0;0;0;0;0;1;1;0;0;0
05/05/2013;18:38:00;54;sem vítima;255,73;BR-393/RJ;Sul;Colisão Traseira;2;0;0;0;0;0;0;0;0;0;5;0;0;0;0
06/05/2013;04:44:00;13;com vítima;105,95;BR-393/RJ;Norte;Choque - Defensa, barreira ou "submarino";0;0;1;0;0;0;0;0;0;0;0;0;1;0;0
06/05/2013;08:36:00;22;sem vítima;195,05;BR-393/RJ;Sul;Colisão Traseira;1;0;1;0;0;0;0;0;0;0;2;0;0;0;0
06/05/2013;10:24:00;28;sem vítima;273,7;BR-393/RJ;Sul;Choque - Defensa, barreira ou "submarino";0;0;1;0;0;0;0;0;0;0;1;0;0;0;0
06/05/2013;06:31:00;15;com vítima;285,89;BR-393/RJ;Sul;Choque - Poste;0;0;0;0;1;0;0;0;0;0;0;1;0;0;0
07/05/2013;12:52:00;67;com vítima;175;BR-393/RJ;Sul;Colisão Lateral;2;0;0;0;0;0;0;0;0;0;0;5;0;0;0
08/05/2013;21:58:00;80;com vítima;107,04;BR-393/RJ;Norte;Colisão Transversal;1;0;0;1;0;0;0;0;0;0;1;0;1;0;0
08/05/2013;10:11:00;25;com vítima;169,55;BR-393/RJ;Norte;Tombamento;0;0;1;0;0;0;0;0;0;0;0;1;0;0;0
08/05/2013;19:12:00;72;com vítima;1,991;Alça Sul;Sul;Choque - Talude;1;0;0;0;0;0;0;0;0;0;0;1;0;0;0
08/05/2013;15:02:00;53;sem vítima;265,1;BR-393/RJ;Norte;Colisão Traseira;1;0;1;0;0;0;0;0;0;0;2;0;0;0;0
08/05/2013;06:59:00;7;sem vítima;283,1;BR-393/RJ;Norte;Colisão Lateral;2;0;0;0;0;0;0;0;0;0;2;0;0;0;0
09/05/2013;17:13:00;44;sem vítima;162,39;BR-393/RJ;Sul;Choque - Defensa, barreira ou "submarino";1;0;0;0;0;0;0;0;0;0;4;0;0;0;0
09/05/2013;06:25:00;11;com vítima;246,08;BR-393/RJ;Norte;Tombamento;0;0;1;0;0;0;0;0;0;0;0;1;0;0;0
10/05/2013;09:16:00;21;com vítima;235,63;BR-393/RJ;Norte;Queda de Moto;0;0;0;1;0;0;0;0;0;0;0;2;0;0;0
10/05/2013;08:18:00;16;com vítima;236,53;BR-393/RJ;Norte;Colisão Lateral;1;0;0;1;0;0;0;0;0;0;1;2;0;0;0
10/05/2013;16:48:00;62;sem vítima;243,3;BR-393/RJ;Sul;Queda de Moto;0;0;0;1;0;0;0;0;0;0;1;0;0;0;0
11/05/2013;18:22:00;75;sem vítima;171,6;BR-393/RJ;Norte;Choque - Elemento de Drenagem;0;0;1;0;0;0;0;0;0;0;1;0;0;0;0
11/05/2013;20:29:00;85;com vítima;255,64;BR-393/RJ;Norte;Queda de Moto;0;0;0;1;0;0;0;0;0;0;0;1;0;0;0
11/05/2013;16:58:00;71;sem vítima;281;BR-393/RJ;Sul;Colisão Lateral;1;0;0;0;1;0;0;0;0;0;2;0;0;0;0
11/05/2013;11:06:00;44;sem vítima;284,3;BR-393/RJ;Sul;Engavetamento;3;0;0;0;0;0;0;0;0;0;3;0;0;0;0
11/05/2013;21:33:00;88;sem vítima;3,003;Alça Sul;Norte;Capotamento;1;0;0;0;0;0;0;0;0;0;1;0;0;0;0
12/05/2013;18:04:00;47;sem vítima;159,07;BR-393/RJ;Sul;Outros;1;0;0;0;0;1;0;0;0;0;3;0;0;0;0
12/05/2013;04:25:00;8;sem vítima;175,79;BR-393/RJ;Norte;Choque - Poste;1;0;0;0;0;0;0;0;0;0;1;0;0;0;0
12/05/2013;22:17:00;60;sem vítima;180,07;BR-393/RJ;Norte;Choque - Elemento de Drenagem;1;0;0;0;0;0;0;0;0;0;2;0;0;0;0
12/05/2013;00:43:00;2;sem vítima;213,04;BR-393/RJ;Sul;Capotamento;1;0;0;0;0;0;0;0;0;0;1;0;0;0;0
12/05/2013;13:31:00;25;sem vítima;232,87;BR-393/RJ;Norte;Colisão Lateral;2;0;0;0;0;0;0;0;0;0;2;0;0;0;0
12/05/2013;01:41:00;4;sem vítima;242,93;BR-393/RJ;Norte;Outros - Sequência;3;0;0;0;0;0;0;0;0;0;3;0;0;0;0
12/05/2013;12:22:00;24;com vítima;251,3;BR-393/RJ;Sul;Queda de Moto;0;0;0;1;0;0;0;0;0;0;0;1;0;0;0
12/05/2013;21:13:00;58;com vítima;274,628;BR-393/RJ;Sul;Abalroamento Mesmo Sentido ;0;0;1;1;0;0;0;0;0;0;1;2;0;0;0
12/05/2013;17:27:00;43;com vítima;279,43;BR-393/RJ;Sul;Engavetamento;3;0;0;0;0;0;0;0;0;0;2;1;0;0;0
12/05/2013;04:35:00;9;com vítima;284;BR-393/RJ;Sul;Saida de Pista;1;0;0;0;0;0;0;0;0;0;0;1;0;0;0
13/05/2013;07:13:00;14;sem vítima;172,7;BR-393/RJ;Norte;Atropelamento de Animal;1;0;0;0;0;0;0;0;0;0;1;0;0;0;0
13/05/2013;01:24:00;3;com vítima;215,28;BR-393/RJ;Norte;Queda de Moto;0;0;0;1;0;0;0;0;0;0;0;0;1;0;0
13/05/2013;17:32:00;56;com vítima;285,4;BR-393/RJ;Sul;Abalroamento Mesmo Sentido ;1;0;1;0;1;0;0;0;0;0;2;1;0;0;0
14/05/2013;02:33:00;12;com vítima;164,75;BR-393/RJ;Sul;Tombamento;0;0;1;0;0;0;0;0;0;0;0;1;0;0;0
14/05/2013;00:06:00;9;com vítima;234,93;BR-393/RJ;Norte;Capotamento;1;0;0;0;0;0;0;0;0;0;0;0;1;0;0
15/05/2013;08:38:00;27;com vítima;135,98;BR-393/RJ;Norte;Atropelamento - Morador;1;0;0;0;0;0;0;0;0;0;1;1;0;0;0
15/05/2013;08:38:00;25;sem vítima;136;BR-393/RJ;Norte;Engavetamento;2;0;1;0;0;0;0;0;0;0;9;0;0;0;0
15/05/2013;06:59:00;18;com vítima;143,6;BR-393/RJ;Norte;Tombamento;0;0;1;0;0;0;0;0;0;0;0;0;1;0;0
15/05/2013;10:41:00;29;com vítima;211,8;BR-393/RJ;Sul;Engavetamento;0;0;2;0;0;0;0;0;0;1;1;1;2;0;0
16/05/2013;20:45:00;81;sem vítima;108,45;BR-393/RJ;Sul;Choque - Outros;0;0;0;0;1;0;0;0;0;0;1;0;0;0;0
16/05/2013;17:45:00;76;sem vítima;279,63;BR-393/RJ;Norte;Colisão Transversal;2;0;0;0;0;0;0;0;0;0;2;0;0;0;0
16/05/2013;08:49:00;17;sem vítima;285,67;BR-393/RJ;Sul;Abalroamento Mesmo Sentido ;1;0;1;0;0;0;0;0;0;0;2;0;0;0;0
17/05/2013;20:14:00;63;com vítima;251,25;BR-393/RJ;Norte;Colisão Transversal;1;0;0;1;0;0;0;0;0;0;1;2;0;0;0
17/05/2013;06:43:00;9;com vítima;267,78;BR-393/RJ;Sul;Saida de Pista;0;0;0;0;0;0;0;0;0;1;0;1;0;0;0
18/05/2013;12:37:00;27;sem vítima;286,2;BR-393/RJ;Norte;Colisão Traseira;2;0;0;0;0;0;0;0;0;0;2;0;0;0;0
19/05/2013;04:58:00;15;com vítima;139,54;BR-393/RJ;Norte;Choque - Arvore;1;0;0;0;0;0;0;0;0;0;0;2;0;0;0
19/05/2013;00:13:00;9;com vítima;160,79;BR-393/RJ;Norte;Outros - Sequência;2;0;0;0;0;0;0;0;0;2;3;3;1;0;0
19/05/2013;19:54:00;56;sem vítima;171,53;BR-393/RJ;Sul;Saida de Pista;0;0;1;0;0;0;0;0;0;0;1;0;0;0;0
20/05/2013;11:09:00;40;sem vítima;242,84;BR-393/RJ;Sul;Saida de Pista;0;0;1;0;0;0;0;0;0;0;1;0;0;0;0
21/05/2013;13:01:00;42;com vítima;135,84;BR-393/RJ;Norte;Colisão Traseira;1;0;1;0;0;0;0;0;0;0;1;1;0;0;0
21/05/2013;03:07:00;4;com vítima;193,29;BR-393/RJ;Norte;Queda de Moto;0;0;0;1;0;0;0;0;0;0;0;1;0;0;0
21/05/2013;21:05:00;67;com vítima;244,43;BR-393/RJ;Norte;Atropelamento de Animal;1;0;0;0;0;0;0;0;0;0;0;1;0;0;0
21/05/2013;09:18:00;18;com vítima;250,2;BR-393/RJ;Norte;Colisão Traseira;2;0;0;0;0;0;0;0;0;0;0;2;0;0;0
21/05/2013;18:06:00;58;com vítima;281,07;BR-393/RJ;Norte;Colisão Transversal;1;0;0;1;0;0;0;0;0;0;1;1;0;0;0
21/05/2013;12:55:00;41;com vítima;3,0015;Alça Sul;Norte;Choque - Veiculo parado no acostamento;1;1;0;0;0;0;0;0;0;0;1;1;0;0;0
22/05/2013;09:05:00;27;com vítima;205,77;BR-393/RJ;Sul;Colisão Traseira;0;0;1;0;1;0;0;0;0;0;1;1;0;0;0
22/05/2013;13:25:00;44;sem vítima;217,62;BR-393/RJ;Sul;Queda de Moto;0;0;0;1;0;0;0;0;0;0;1;0;0;0;0
22/05/2013;17:26:00;57;com vítima;253,67;BR-393/RJ;Norte;Colisão Traseira;0;0;2;0;0;0;0;0;0;0;1;0;2;0;0
22/05/2013;07:18:00;22;com vítima;285,52;BR-393/RJ;Sul;Abalroamento Mesmo Sentido ;1;0;1;0;0;0;0;0;0;0;0;2;0;0;0
23/05/2013;08:02:00;14;com vítima;180,78;BR-393/RJ;Norte;Colisão Frontal;2;0;1;0;0;0;0;0;0;1;0;5;0;0;1