data;horario;n_da_ocorrencia;tipo_de_ocorrencia;km;trecho;sentido;tipo_de_acidente;automovel;bicicleta;caminhao;moto;onibus;outros;tracao_animal;transporte_de_cargas_especiais;trator_maquinas;utilitarios;ilesos;levemente_feridos;moderadamente_feridos;gravemente_feridos;mortos
10/01/2014;07:22:00;19;com vítima;281,9;BR-393/RJ;Norte;Colisão Transversal;1;0;0;1;0;0;0;0;0;0;1;1;0;0;0
11/01/2014;10:40:00;20;sem vítima;124;BR-393/RJ;Norte;Choque - Talude;1;0;0;0;0;0;0;0;0;0;2;0;0;0;0
11/01/2014;13:43:00;33;com vítima;143;BR-393/RJ;Norte;Colisão Transversal;2;0;0;0;0;0;0;0;0;0;3;1;0;0;0
11/01/2014;13:13:00;28;com vítima;177,1;BR-393/RJ;Norte;Choque - Talude;1;0;0;0;0;0;0;0;0;0;0;2;0;0;0
11/01/2014;11:15:00;23;sem vítima;200,546;BR-393/RJ;Sul;Colisão Traseira;0;0;2;0;0;0;0;0;0;0;3;0;0;0;0
12/01/2014;02:53:00;13;com vítima;172,318;BR-393/RJ;Sul;Choque - Defensa, barreira ou "submarino";1;0;0;0;0;0;0;0;0;0;2;1;0;0;0
12/01/2014;09:19:00;25;com vítima;181;BR-393/RJ;Sul;Outros - Sequência;1;0;0;0;0;0;0;0;0;0;0;4;1;0;0
13/01/2014;12:55:00;51;sem vítima;107,6;BR-393/RJ;Norte;Choque - Outros;1;0;0;0;0;0;0;0;0;0;1;0;0;0;0
13/01/2014;17:10:00;71;sem vítima;281;BR-393/RJ;Norte;Colisão Lateral;0;0;1;0;1;0;0;0;0;0;2;0;0;0;0
13/01/2014;15:47:00;67;com vítima;284,228;BR-393/RJ;Norte;Engavetamento;1;0;2;0;0;0;0;0;0;0;3;1;0;0;0
14/01/2014;06:28:00;11;sem vítima;143,316;BR-393/RJ;Norte;Colisão Lateral;3;0;0;0;0;0;0;0;0;0;5;0;0;0;0
15/01/2014;06:51:00;16;com vítima;212,835;BR-393/RJ;Norte;Saida de Pista;0;0;1;0;0;0;0;0;0;0;0;1;1;0;0
15/01/2014;18:37:00;54;sem vítima;280,174;BR-393/RJ;Norte;Colisão Lateral;2;0;0;0;0;0;0;0;0;0;4;0;0;0;0
15/01/2014;05:10:00;14;sem vítima;284,412;BR-393/RJ;Norte;Choque - Outros;1;0;0;0;0;0;0;0;0;0;1;0;0;0;0
16/01/2014;03:35:00;14;sem vítima;122,573;BR-393/RJ;Sul;Atropelamento de Animal;0;0;1;0;0;0;0;0;0;0;1;0;0;0;0
16/01/2014;16:51:00;77;com vítima;235;BR-393/RJ;Sul;Colisão Lateral;2;0;0;0;0;0;0;0;0;0;5;1;0;0;0
16/01/2014;14:51:00;61;sem vítima;286;BR-393/RJ;Sul;Colisão Traseira;2;0;0;0;0;0;0;0;0;0;2;0;0;0;0
17/01/2014;06:37:00;16;sem vítima;125;BR-393/RJ;Norte;Colisão Traseira;1;0;1;0;0;0;0;0;0;0;3;0;0;0;0
17/01/2014;17:25:00;40;com vítima;136,4;BR-393/RJ;Norte;Queda de Moto;0;0;0;1;0;0;0;0;0;0;0;0;1;0;0
17/01/2014;18:26:00;46;sem vítima;225,7;BR-393/RJ;Sul;Saida de Pista;1;0;0;0;0;0;0;0;0;0;2;0;0;0;0
18/01/2014;10:38:00;26;sem vítima;141,2;BR-393/RJ;Sul;Choque - Defensa, barreira ou "submarino";1;0;0;0;0;0;0;0;0;0;4;0;0;0;0
18/01/2014;18:43:00;55;sem vítima;277,516;BR-393/RJ;Sul;Colisão Lateral;1;0;1;0;0;0;0;0;0;0;2;0;0;0;0
19/01/2014;10:44:00;25;sem vítima;154;BR-393/RJ;Norte;Colisão Lateral;0;0;2;0;0;0;0;0;0;0;2;0;0;0;0
19/01/2014;16:19:00;40;sem vítima;252,2;BR-393/RJ;Sul;Colisão Lateral;1;0;1;0;0;0;0;0;0;0;2;0;0;0;0
19/01/2014;20:32:00;60;com vítima;274,667;BR-393/RJ;Sul;Capotamento;2;0;0;0;0;0;0;0;0;0;1;1;0;0;0
19/01/2014;05:47:00;15;sem vítima;283;BR-393/RJ;Norte;Colisão Lateral;2;0;0;0;0;0;0;0;0;0;2;0;0;0;0
20/01/2014;17:47:00;67;com vítima;201,7;BR-393/RJ;Norte;Colisão Transversal;2;0;0;0;0;0;0;0;0;0;2;1;0;0;0
20/01/2014;18:28:00;69;sem vítima;281,5;BR-393/RJ;Sul;Abalroamento Mesmo Sentido ;1;0;1;0;0;0;0;0;0;0;2;0;0;0;0
21/01/2014;09:11:00;26;com vítima;165,5;BR-393/RJ;Norte;Colisão Traseira;2;0;0;0;0;0;0;0;0;0;0;2;0;0;0
21/01/2014;08:51:00;25;com vítima;210,727;BR-393/RJ;Norte;Colisão Traseira;1;0;1;0;0;0;0;0;0;0;1;1;0;0;0
21/01/2014;17:11:00;60;com vítima;238,932;BR-393/RJ;Norte;Colisão Lateral;1;0;0;1;0;0;0;0;0;0;1;0;1;0;0
21/01/2014;05:24:00;15;com vítima;273,5;BR-393/RJ;Sul;Tombamento;0;0;1;0;0;0;0;0;0;0;0;1;0;0;0
21/01/2014;08:31:00;24;com vítima;279,859;BR-393/RJ;Sul;Colisão Lateral;1;0;0;1;0;0;0;0;0;0;1;0;1;0;0
22/01/2014;18:53:00;55;sem vítima;168,123;BR-393/RJ;Sul;Colisão Lateral;0;0;2;0;0;0;0;0;0;0;2;0;0;0;0
22/01/2014;11:07:00;21;sem vítima;199,84;BR-393/RJ;Sul;Colisão Traseira;2;0;0;0;1;0;0;0;0;0;8;0;0;0;0
22/01/2014;12:00:00;26;sem vítima;228;BR-393/RJ;Sul;Colisão Lateral;1;0;2;0;0;0;0;0;0;0;3;0;0;0;0
22/01/2014;03:11:00;11;com vítima;270,622;BR-393/RJ;Norte;Tombamento;0;0;1;0;0;0;0;0;0;0;0;1;0;0;0
22/01/2014;08:31:00;14;sem vítima;285,454;BR-393/RJ;Sul;Colisão Lateral;1;0;1;0;0;0;0;0;0;0;2;0;0;0;0
23/01/2014;17:07:00;52;sem vítima;242,551;BR-393/RJ;Sul;Capotamento;1;0;0;0;0;0;0;0;0;0;1;0;0;0;0
23/01/2014;17:00:00;50;sem vítima;282;BR-393/RJ;Norte;Engavetamento;2;0;1;0;0;0;0;0;0;0;3;0;0;0;0
23/01/2014;17:40:00;56;sem vítima;285,439;BR-393/RJ;Norte;Colisão Lateral;1;0;1;0;0;0;0;0;0;0;2;0;0;0;0
24/01/2014;06:07:00;15;com vítima;170,875;BR-393/RJ;Norte;Capotamento;1;0;0;0;0;0;0;0;0;0;0;1;0;0;0
24/01/2014;18:20:00;63;sem vítima;185,8;BR-393/RJ;Norte;Abalroamento Mesmo Sentido ;0;0;1;0;1;0;0;0;0;0;2;0;0;0;0
24/01/2014;17:11:00;54;com vítima;222,91;BR-393/RJ;Norte;Tombamento;0;0;2;0;0;0;0;0;0;0;2;0;1;0;0
24/01/2014;22:38:00;77;com vítima;235,18;BR-393/RJ;Sul;Colisão Lateral;1;0;1;0;0;0;0;0;0;0;1;3;0;0;0
24/01/2014;07:20:00;20;com vítima;285,616;BR-393/RJ;Sul;Atropelamento - Ciclista;0;1;0;1;0;0;0;0;0;0;1;1;0;0;0
25/01/2014;12:15:00;37;com vítima;157,9;BR-393/RJ;Norte;Outros - Sequência;1;0;1;0;0;0;0;0;0;0;2;1;0;0;0
25/01/2014;17:48:00;58;sem vítima;185;BR-393/RJ;Norte;Queda de Moto;0;0;0;1;0;0;0;0;0;0;1;0;0;0;0
26/01/2014;21:48:00;53;com vítima;281,25;BR-393/RJ;Norte;Atropelamento - Ambulante;1;0;0;0;0;0;0;0;0;0;1;0;1;0;0
27/01/2014;12:56:00;33;sem vítima;279;BR-393/RJ;Norte;Colisão Traseira;2;0;0;0;0;0;0;0;0;0;2;0;0;0;0
27/01/2014;10:08:00;25;com vítima;281,735;BR-393/RJ;Norte;Outros - Sequência;3;0;0;0;0;0;0;0;0;0;2;1;0;0;0
28/01/2014;15:22:00;58;com vítima;256;BR-393/RJ;Norte;Colisão Traseira;1;0;1;0;0;0;0;0;0;0;1;2;0;0;0
28/01/2014;15:38:00;64;sem vítima;256;BR-393/RJ;Norte;Colisão Traseira;0;0;0;0;1;0;0;0;0;1;2;0;0;0;0
28/01/2014;18:15:00;73;com vítima;274;BR-393/RJ;Norte;Tombamento;0;0;1;0;0;0;0;0;0;0;0;1;0;0;0
29/01/2014;12:48:00;31;com vítima;185,5;BR-393/RJ;Norte;Colisão Traseira;1;0;1;0;0;0;0;0;0;0;0;2;0;0;0
29/01/2014;11:50:00;28;sem vítima;246;BR-393/RJ;Norte;Colisão Lateral;1;0;1;0;0;0;0;0;0;0;3;0;0;0;0
29/01/2014;08:16:00;17;com vítima;258;BR-393/RJ;Sul;Outros;1;0;1;0;0;0;0;0;0;0;1;1;0;0;0
29/01/2014;12:34:00;30;sem vítima;281;BR-393/RJ;Norte;Colisão Traseira;1;0;1;0;0;0;0;0;0;0;2;0;0;0;0
31/01/2014;08:33:00;28;sem vítima;175;BR-393/RJ;Norte;Colisão Traseira;1;0;1;0;0;0;0;0;0;0;2;0;0;0;0
31/01/2014;16:33:00;54;sem vítima;193;BR-393/RJ;Norte;Outros;0;0;1;0;0;0;0;0;0;0;1;0;0;0;0
01/02/2014;13:52:00;25;com vítima;165;BR-393/RJ;Norte;Queda de Bicicleta;0;1;0;0;0;0;0;0;0;0;0;1;0;1;0
01/02/2014;12:05:00;23;com vítima;233;BR-393/RJ;Norte;Colisão Transversal;0;0;2;0;0;0;0;0;0;0;0;2;0;0;0
01/02/2014;04:52:00;14;sem vítima;239,369;BR-393/RJ;Sul;Choque - Defensa, barreira ou "submarino";1;0;0;0;0;0;0;0;0;0;1;0;0;0;0
01/02/2014;20:58:00;49;com vítima;280;BR-393/RJ;Norte;Atropelamento - Morador;1;0;0;0;0;0;0;0;0;0;1;2;0;0;0
01/02/2014;18:14:00;35;sem vítima;285;BR-393/RJ;Norte;Colisão Traseira;2;0;0;0;0;0;0;0;0;0;2;0;0;0;0
02/02/2014;10:57:00;26;com vítima;162,8;BR-393/RJ;Sul;Engavetamento;3;0;0;0;0;0;0;0;0;0;6;1;1;0;0
03/02/2014;11:56:00;46;com vítima;104;BR-393/RJ;Norte;Engavetamento;2;0;0;1;0;0;0;0;0;0;3;1;0;0;0
03/02/2014;11:27:00;40;sem vítima;175;BR-393/RJ;Sul;Colisão Traseira;3;0;0;0;0;0;0;0;0;0;3;0;0;0;0
03/02/2014;21:46:00;77;com vítima;241,111;BR-393/RJ;Norte;Colisão Traseira;3;0;0;0;0;0;0;0;0;0;4;1;0;0;0
03/02/2014;07:07:00;18;sem vítima;250,595;BR-393/RJ;Sul;Colisão Lateral;1;0;0;0;1;0;0;0;0;0;2;0;0;0;0
03/02/2014;17:05:00;67;sem vítima;285;BR-393/RJ;Norte;Colisão Traseira;2;0;0;0;0;0;0;0;0;0;2;0;0;0;0
03/02/2014;08:21:00;20;com vítima;285,39;BR-393/RJ;Norte;Colisão Transversal;2;0;0;0;0;0;0;0;0;0;1;2;0;0;0
04/02/2014;19:28:00;69;sem vítima;105,581;BR-393/RJ;Norte;Colisão Lateral;1;0;1;0;0;0;0;0;0;0;2;0;0;0;0
05/02/2014;20:20:00;66;com vítima;162,8;BR-393/RJ;Norte;Colisão Traseira;1;0;1;0;0;0;0;0;0;0;2;1;0;0;0
05/02/2014;05:46:00;17;com vítima;262,083;BR-393/RJ;Sul;Tombamento;0;0;1;0;0;0;0;0;0;0;1;2;0;0;0
07/02/2014;10:58:00;31;com vítima;283,342;BR-393/RJ;Norte;Engavetamento;3;0;0;0;0;0;0;0;0;0;3;0;1;0;0
08/02/2014;03:08:00;11;com vítima;104,647;BR-393/RJ;Norte;Colisão Lateral;1;0;1;0;0;0;0;0;0;0;1;0;0;0;1
08/02/2014;05:15:00;16;sem vítima;236,758;BR-393/RJ;Sul;Colisão Transversal;2;0;0;0;0;0;0;0;0;0;3;0;0;0;0
08/02/2014;07:59:00;24;sem vítima;271,627;BR-393/RJ;Norte;Objeto lançado contra veículo;2;0;0;0;0;0;0;0;0;0;9;0;0;0;0
09/02/2014;23:27:00;56;com vítima;175,7;BR-393/RJ;Sul;Capotamento;1;0;0;0;0;0;0;0;0;0;0;1;0;0;0
10/02/2014;14:54:00;39;com vítima;201,47;BR-393/RJ;Norte;Colisão Traseira;2;0;0;0;0;0;0;0;0;0;1;4;0;0;0
10/02/2014;08:50:00;22;com vítima;268,092;BR-393/RJ;Norte;Colisão Lateral;1;0;0;0;0;0;0;0;0;1;0;2;0;0;0
11/02/2014;17:31:00;65;sem vítima;110,8;BR-393/RJ;Sul;Choque - Suporte de Sinalização;1;0;1;0;0;0;0;0;0;0;2;0;0;0;0
11/02/2014;18:00:00;69;com vítima;124,467;BR-393/RJ;Norte;Tombamento;0;0;2;0;0;0;0;0;0;0;1;1;0;0;0
11/02/2014;09:54:00;23;com vítima;147,222;BR-393/RJ;Sul;Tombamento;0;0;1;0;0;0;0;0;0;0;0;0;1;0;0
11/02/2014;07:00:00;14;com vítima;259,975;BR-393/RJ;Norte;Outros - Sequência;1;0;2;0;0;0;0;0;0;0;0;3;0;0;0
11/02/2014;13:34:00;36;com vítima;285,268;BR-393/RJ;Norte;Choque - Outros;1;0;0;0;0;0;0;0;0;0;3;2;0;0;0
12/02/2014;22:42:00;76;com vítima;188,406;BR-393/RJ;Norte;Atropelamento de Animal;1;0;0;0;0;0;0;0;0;0;0;2;0;0;0
12/02/2014;18:41:00;65;sem vítima;285,8;BR-393/RJ;Sul;Colisão Transversal;1;0;1;0;0;0;0;0;0;0;3;0;0;0;0
13/02/2014;19:07:00;61;sem vítima;238,7;BR-393/RJ;Sul;Colisão Lateral;2;0;0;0;0;0;0;0;0;0;4;0;0;0;0
13/02/2014;07:45:00;13;com vítima;285,547;BR-393/RJ;Sul;Colisão Lateral;1;0;1;0;0;0;0;0;0;0;0;2;0;0;0
14/02/2014;16:58:00;58;com vítima;274;BR-393/RJ;Norte;Saida de Pista;0;0;0;0;0;0;0;0;0;1;0;1;0;0;0
14/02/2014;07:39:00;17;sem vítima;279,313;BR-393/RJ;Norte;Colisão Traseira;2;0;0;0;0;0;0;0;0;0;4;0;0;0;0
15/02/2014;12:04:00;31;com vítima;169,62;BR-393/RJ;Sul;Colisão Transversal;0;0;0;2;0;0;0;0;0;0;1;1;0;0;0
15/02/2014;20:30:00;50;com vítima;172,186;BR-393/RJ;Sul;Choque - Talude;1;0;0;0;0;0;0;0;0;0;0;1;0;0;0
15/02/2014;04:49:00;12;com vítima;238,341;BR-393/RJ;Norte;Colisão Frontal;2;0;0;0;1;0;0;0;0;0;2;1;0;1;1
15/02/2014;09:30:00;25;sem vítima;264,907;BR-393/RJ;Norte;Colisão Traseira;0;0;1;0;0;0;0;0;0;1;2;0;0;0;0
15/02/2014;00:49:00;10;sem vítima;273,8;BR-393/RJ;Sul;Tombamento;0;0;1;0;0;0;0;0;0;0;1;0;0;0;0
16/02/2014;03:37:00;16;sem vítima;136,041;BR-393/RJ;Norte;Choque - Outros;1;0;0;0;0;0;0;0;0;0;1;0;0;0;0
16/02/2014;09:59:00;28;sem vítima;157;BR-393/RJ;Norte;Colisão Traseira;1;0;1;0;0;0;0;0;0;0;2;0;0;0;0
16/02/2014;16:05:00;40;sem vítima;254;BR-393/RJ;Norte;Colisão Traseira;1;0;0;0;0;0;0;0;0;0;1;0;0;0;0
16/02/2014;07:15:00;20;sem vítima;263;BR-393/RJ;Sul;Saida de Pista;1;0;0;0;0;0;0;0;0;0;1;0;0;0;0
16/02/2014;09:53:00;26;sem vítima;285;BR-393/RJ;Norte;Colisão Lateral;2;0;0;0;0;0;0;0;0;0;2;0;0;0;0
17/02/2014;17:27:00;48;sem vítima;158,413;BR-393/RJ;Norte;Colisão Traseira;2;0;0;0;0;0;0;0;0;0;2;0;0;0;0
18/02/2014;11:40:00;29;com vítima;123,646;BR-393/RJ;Sul;Choque - Suporte de Sinalização;1;0;0;0;0;0;0;0;0;0;0;4;0;0;0
18/02/2014;14:58:00;43;sem vítima;124,431;BR-393/RJ;Norte;Colisão Lateral;0;0;2;0;0;0;0;0;0;0;2;0;0;0;0
18/02/2014;09:41:00;22;sem vítima;236,097;BR-393/RJ;Norte;Colisão Traseira;2;0;0;0;0;0;0;0;0;0;5;0;0;0;0
18/02/2014;08:01:00;18;sem vítima;283,072;BR-393/RJ;Sul;Engavetamento;2;0;0;1;0;0;0;0;0;0;3;0;0;0;0
19/02/2014;23:25:00;84;com vítima;251,696;BR-393/RJ;Norte;Atropelamento - Morador;0;0;0;1;0;0;0;0;0;0;1;0;1;0;0
20/02/2014;17:30:00;63;com vítima;237;BR-393/RJ;Sul;Colisão Lateral;2;0;0;0;0;0;0;0;0;0;0;3;0;0;0
20/02/2014;20:04:00;70;sem vítima;245,486;BR-393/RJ;Sul;Engavetamento;2;0;1;0;0;0;0;0;0;0;3;0;0;0;0
20/02/2014;19:11:00;71;sem vítima;247,18;BR-393/RJ;Norte;Colisão Traseira;0;0;2;0;0;0;0;0;0;0;2;0;0;0;0
20/02/2014;11:37:00;40;sem vítima;286;BR-393/RJ;Sul;Colisão Traseira;2;0;0;0;0;0;0;0;0;0;3;0;0;0;0
21/02/2014;14:01:00;45;com vítima;268,498;BR-393/RJ;Norte;Colisão Transversal;2;0;0;0;0;0;0;0;0;0;3;1;0;0;0
21/02/2014;17:51:00;58;sem vítima;285,5;BR-393/RJ;Sul;Colisão Lateral;1;0;1;0;0;0;0;0;0;0;2;0;0;0;0
22/02/2014;20:53:00;57;sem vítima;285,5;BR-393/RJ;Norte;Colisão Traseira;2;0;0;0;0;0;0;0;0;0;2;0;0;0;0
23/02/2014;22:01:00;59;sem vítima;195,551;BR-393/RJ;Sul;Saida de Pista;1;0;0;0;0;0;0;0;0;0;1;0;0;0;0
23/02/2014;14:55:00;34;sem vítima;258,276;BR-393/RJ;Norte;Colisão Traseira;1;0;1;0;0;0;0;0;0;0;2;0;0;0;0
23/02/2014;20:03:00;54;sem vítima;286,002;BR-393/RJ;Sul;Colisão Lateral;1;0;1;0;0;0;0;0;0;0;7;0;0;0;0
24/02/2014;11:31:00;40;sem vítima;103,734;BR-393/RJ;Norte;Outros;0;0;1;0;0;0;0;0;0;0;1;0;0;0;0
24/02/2014;06:57:00;17;sem vítima;140;BR-393/RJ;Norte;Saida de Pista;1;0;0;0;0;0;0;0;0;0;1;0;0;0;0
24/02/2014;09:36:00;30;com vítima;150;BR-393/RJ;Sul;Outros - Sequência;1;0;1;0;0;0;0;0;0;0;2;1;0;0;0
24/02/2014;20:56:00;79;sem vítima;268,723;BR-393/RJ;Sul;Atropelamento de Animal;1;0;0;0;0;0;0;0;0;0;1;0;0;0;0
26/02/2014;11:37:00;39;com vítima;140,074;BR-393/RJ;Sul;Queda de Moto;0;0;0;1;0;0;0;0;0;0;0;1;0;0;0
26/02/2014;19:17:00;70;com vítima;163,7;BR-393/RJ;Norte;Engavetamento;3;0;0;0;0;0;0;0;0;0;0;3;0;0;0
26/02/2014;07:33:00;15;sem vítima;255,774;BR-393/RJ;Sul;Abalroamento Mesmo Sentido ;1;0;1;0;0;0;0;0;0;0;2;0;0;0;0
27/02/2014;17:09:00;91;com vítima;175;BR-393/RJ;Norte;Colisão Lateral;1;0;0;1;0;0;0;0;0;0;1;2;0;0;0
27/02/2014;03:51:00;19;sem vítima;186,6;BR-393/RJ;Norte;Atropelamento de Animal;1;0;1;0;0;0;0;0;0;0;2;0;0;0;0
27/02/2014;14:47:00;82;sem vítima;245,7;BR-393/RJ;Norte;Colisão Traseira;2;0;0;0;0;0;0;0;0;0;2;0;0;0;0
27/02/2014;06:44:00;24;com vítima;265;BR-393/RJ;Sul;Colisão Traseira;0;0;1;0;1;0;0;0;0;0;2;1;0;0;0
27/02/2014;14:40:00;80;com vítima;273,7;BR-393/RJ;Sul;Tombamento;0;0;1;0;0;0;0;0;0;0;0;0;1;0;0
27/02/2014;13:12:00;68;com vítima;281;BR-393/RJ;Sul;Colisão Transversal;2;0;0;0;0;0;0;0;0;0;4;2;0;0;0
28/02/2014;15:50:00;52;sem vítima;102;BR-393/RJ;Norte;Colisão Frontal;2;0;0;0;0;0;0;0;0;0;4;0;0;0;0
28/02/2014;22:03:00;87;com vítima;177,799;BR-393/RJ;Norte;Colisão Traseira;2;0;0;0;0;0;0;0;0;0;5;5;0;0;0
28/02/2014;07:30:00;14;sem vítima;201,8;BR-393/RJ;Norte;Colisão Traseira;0;0;2;0;0;0;0;0;0;0;2;0;0;0;0
28/02/2014;20:19:00;78;com vítima;216,1;BR-393/RJ;Sul;Choque - Elemento de Drenagem;1;0;0;0;0;0;0;0;0;0;0;2;0;0;0
28/02/2014;08:03:00;17;com vítima;235,234;BR-393/RJ;Norte;Atropelamento - Morador;0;0;1;0;0;0;0;0;0;0;1;1;0;0;0
28/02/2014;10:32:00;30;sem vítima;279;BR-393/RJ;Sul;Colisão Traseira;2;0;0;0;0;0;0;0;0;0;2;0;0;0;0
28/02/2014;19:38:00;74;sem vítima;281,48;BR-393/RJ;Sul;Colisão Lateral;2;0;0;0;0;0;0;0;0;0;2;0;0;0;0
28/02/2014;18:24:00;67;sem vítima;285,996;BR-393/RJ;Norte;Colisão Traseira;1;0;0;0;1;0;0;0;0;0;2;0;0;0;0
01/03/2014;05:03:00;18;com vítima;179,619;BR-393/RJ;Norte;Choque - Talude;1;0;0;0;0;0;0;0;0;0;0;1;0;0;0
01/03/2014;06:46:00;21;com vítima;182,357;BR-393/RJ;Norte;Colisão Lateral;1;0;1;0;0;0;0;0;0;0;0;2;1;0;0
01/03/2014;01:21:00;11;com vítima;229,842;BR-393/RJ;Norte;Saida de Pista;1;0;0;0;0;0;0;0;0;0;2;2;0;0;0
01/03/2014;11:22:00;41;com vítima;277,704;BR-393/RJ;Sul;Choque - Arvore;1;0;0;0;0;0;0;0;0;0;0;1;0;0;0
02/03/2014;20:16:00;57;sem vítima;153,628;BR-393/RJ;Norte;Colisão Transversal;2;0;0;0;0;0;0;0;0;0;2;0;0;0;0
02/03/2014;21:21:00;60;sem vítima;238;BR-393/RJ;Norte;Colisão Lateral;2;0;0;0;0;0;0;0;0;0;2;0;0;0;0
04/03/2014;06:49:00;11;sem vítima;177,768;BR-393/RJ;Norte;Choque - Outros;1;0;0;0;0;0;0;0;0;0;2;0;0;0;0
04/03/2014;12:42:00;25;sem vítima;201,942;BR-393/RJ;Norte;Colisão Traseira;2;0;0;0;0;0;0;0;0;0;2;0;0;0;0
05/03/2014;15:24:00;44;com vítima;195;BR-393/RJ;Sul;Abalroamento Mesmo Sentido ;1;0;1;0;0;0;0;0;0;0;4;1;0;0;0
05/03/2014;21:46:00;60;sem vítima;284,2;BR-393/RJ;Norte;Choque - Outros;1;0;0;0;0;0;0;0;0;0;1;0;0;0;0
06/03/2014;20:56:00;56;com vítima;203,6;BR-393/RJ;Norte;Outros - Sequência;2;0;1;0;0;0;0;0;0;0;0;3;0;0;0
06/03/2014;19:17:00;51;com vítima;223;BR-393/RJ;Norte;Colisão Traseira;0;0;0;1;0;0;0;0;0;1;1;1;0;0;0
06/03/2014;01:45:00;13;sem vítima;246,331;BR-393/RJ;Sul;Colisão Traseira;1;0;1;0;0;0;0;0;0;0;2;0;0;0;0
07/03/2014;22:26:00;71;com vítima;127,658;BR-393/RJ;Sul;Saida de Pista;1;0;0;0;0;0;0;0;0;0;0;0;1;0;0
07/03/2014;09:51:00;30;sem vítima;142;BR-393/RJ;Sul;Colisão Traseira;2;0;0;0;0;0;0;0;0;0;9;0;0;0;0
07/03/2014;21:58:00;69;sem vítima;220,031;BR-393/RJ;Sul;Saida de Pista;1;0;0;0;0;0;0;0;0;0;5;0;0;0;0
07/03/2014;00:25:00;10;sem vítima;283,3;BR-393/RJ;Norte;Choque - Outros;1;0;0;0;0;0;0;0;0;0;1;0;0;0;0
08/03/2014;20:16:00;47;sem vítima;201,001;BR-393/RJ;Sul;Colisão Traseira;2;0;0;0;0;0;0;0;0;0;7;0;0;0;0
10/03/2014;13:16:00;35;com vítima;243,594;BR-393/RJ;Norte;Colisão Frontal;2;0;0;0;0;0;0;0;0;0;1;3;0;0;0
10/03/2014;14:16:00;37;sem vítima;285,588;BR-393/RJ;Sul;Colisão Lateral;1;0;1;0;0;0;0;0;0;0;2;0;0;0;0
11/03/2014;14:41:00;50;com vítima;243,7;BR-393/RJ;Sul;Queda de Moto;0;0;0;1;0;0;0;0;0;0;0;1;0;0;0
11/03/2014;21:38:00;75;sem vítima;285,3;BR-393/RJ;Sul;Colisão Traseira;1;0;0;1;0;0;0;0;0;0;3;0;0;0;0
12/03/2014;15:21:00;63;com vítima;171,5;BR-393/RJ;Norte;Choque - Talude;1;0;0;0;0;0;0;0;0;0;3;0;1;0;0
12/03/2014;06:59:00;16;sem vítima;285,545;BR-393/RJ;Norte;Colisão Lateral;1;0;1;0;0;0;0;0;0;0;2;0;0;0;0
14/03/2014;06:55:00;14;sem vítima;246,838;BR-393/RJ;Sul;Colisão Traseira;1;0;1;0;0;0;0;0;0;0;2;0;0;0;0
14/03/2014;15:15:00;44;sem vítima;268,324;BR-393/RJ;Sul;Colisão Traseira;1;0;1;0;0;0;0;0;0;0;2;0;0;0;0
14/03/2014;09:10:00;22;com vítima;285,5;BR-393/RJ;Sul;Outros - Sequência;2;0;1;0;0;0;0;0;0;0;0;3;0;0;0
15/03/2014;15:11:00;33;com vítima;124,451;BR-393/RJ;Norte;Tombamento;0;0;1;0;0;0;0;0;0;0;0;0;1;0;0
15/03/2014;01:43:00;9;com vítima;127,1;BR-393/RJ;Norte;Colisão Frontal;1;0;1;0;0;0;0;0;0;0;1;0;0;0;1
15/03/2014;04:19:00;11;com vítima;139,469;BR-393/RJ;Norte;Tombamento;0;0;1;0;0;0;0;0;0;0;0;0;2;0;0
16/03/2014;16:37:00;41;com vítima;245,177;BR-393/RJ;Sul;Colisão Lateral;0;0;0;2;0;0;0;0;0;0;1;1;0;0;0
16/03/2014;18:50:00;48;sem vítima;281,5;BR-393/RJ;Sul;Colisão Traseira;2;0;0;0;0;0;0;0;0;0;2;0;0;0;0
16/03/2014;15:59:00;38;com vítima;286;BR-393/RJ;Norte;Colisão Traseira;1;0;0;1;0;0;0;0;0;0;1;1;0;0;0
17/03/2014;12:00:00;41;com vítima;170;BR-393/RJ;Sul;Outros - Sequência;3;0;0;0;0;0;0;0;0;0;5;1;0;0;0
17/03/2014;07:38:00;17;com vítima;181,453;BR-393/RJ;Sul;Colisão Frontal;1;0;1;0;0;0;0;0;0;0;0;1;0;0;1
17/03/2014;15:26:00;52;com vítima;265,45;BR-393/RJ;Norte;Colisão Frontal;2;0;0;0;0;0;0;0;0;0;1;5;0;0;0
17/03/2014;05:07:00;13;com vítima;277,819;BR-393/RJ;Norte;Colisão Lateral;1;0;0;0;0;0;0;0;0;1;0;2;0;0;0
18/03/2014;12:53:00;41;com vítima;236,555;BR-393/RJ;Norte;Colisão Lateral;1;0;0;1;0;0;0;0;0;0;1;0;1;0;0
19/03/2014;15:41:00;40;sem vítima;265,456;BR-393/RJ;Sul;Colisão Traseira;1;0;1;0;0;0;0;0;0;0;3;0;0;0;0
19/03/2014;20:19:00;50;sem vítima;286;BR-393/RJ;Sul;Engavetamento;3;0;0;0;0;0;0;0;0;0;3;0;0;0;0
20/03/2014;01:38:00;3;com vítima;220,496;BR-393/RJ;Norte;Tombamento;0;0;1;0;0;0;0;0;0;0;0;1;0;0;0
20/03/2014;07:17:00;18;sem vítima;265;BR-393/RJ;Norte;Colisão Traseira;1;0;1;0;0;0;0;0;0;0;2;0;0;0;0
21/03/2014;17:33:00;57;sem vítima;155;BR-393/RJ;Norte;Outros;0;0;1;0;0;0;0;0;0;0;1;0;0;0;0
21/03/2014;22:15:00;66;com vítima;195,1;BR-393/RJ;Sul;Colisão Traseira;1;0;1;0;0;0;0;0;0;0;0;2;1;0;0
22/03/2014;11:07:00;36;sem vítima;201,698;BR-393/RJ;Norte;Colisão Traseira;0;0;2;0;0;0;0;0;0;0;2;0;0;0;0
22/03/2014;20:41:00;66;com vítima;262,048;BR-393/RJ;Norte;Colisão Lateral;1;0;1;0;0;0;0;0;0;0;1;1;0;0;0
23/03/2014;03:39:00;14;com vítima;239,409;BR-393/RJ;Norte;Capotamento;1;0;0;0;0;0;0;0;0;0;0;1;0;0;0
23/03/2014;03:25:00;13;sem vítima;242,43;BR-393/RJ;Sul;Capotamento;1;0;0;0;0;0;0;0;0;0;1;0;0;0;0