data;horario;n_da_ocorrencia;tipo_de_ocorrencia;km;trecho;sentido;tipo_de_acidente;automovel;bicicleta;caminhao;moto;onibus;outros;tracao_animal;transporte_de_cargas_especiais;trator_maquinas;utilitarios;ilesos;levemente_feridos;moderadamente_feridos;gravemente_feridos;mortos
23/03/2014;19:23:00;46;com vítima;2,99;Alça Sul;Norte;Atropelamento - Morador;1;0;0;0;0;0;0;0;0;0;1;1;0;0;0
24/03/2014;00:08:00;1;sem vítima;227,246;BR-393/RJ;Sul;Saida de Pista;1;0;0;0;0;0;0;0;0;0;1;0;0;0;0
24/03/2014;03:42:00;13;sem vítima;254,9;BR-393/RJ;Norte;Atropelamento de Animal;2;0;0;0;0;0;0;0;0;0;5;0;0;0;0
24/03/2014;12:51:00;32;sem vítima;281;BR-393/RJ;Sul;Colisão Lateral;1;0;0;0;1;0;0;0;0;0;2;0;0;0;0
24/03/2014;18:43:00;50;sem vítima;285,8;BR-393/RJ;Sul;Colisão Lateral;1;0;1;0;0;0;0;0;0;0;2;0;0;0;0
24/03/2014;17:55:00;49;com vítima;286;BR-393/RJ;Sul;Colisão Transversal;1;0;0;1;0;0;0;0;0;0;1;1;0;0;0
26/03/2014;16:07:00;49;sem vítima;162,1;BR-393/RJ;Sul;Saida de Pista;0;0;0;0;0;0;0;0;0;1;1;0;0;0;0
26/03/2014;13:06:00;44;com vítima;220,635;BR-393/RJ;Norte;Saida de Pista;0;0;1;0;0;0;0;0;0;0;0;1;1;0;0
26/03/2014;22:56:00;62;com vítima;274;BR-393/RJ;Sul;Tombamento;0;0;1;0;0;0;0;0;0;0;0;1;0;0;0
26/03/2014;16:12:00;50;com vítima;284,5;BR-393/RJ;Norte;Colisão Traseira;2;0;0;0;0;0;0;0;0;0;1;1;0;0;0
26/03/2014;10:00:00;30;com vítima;285,404;BR-393/RJ;Sul;Colisão Traseira;2;0;0;0;0;0;0;0;0;0;1;1;0;0;0
27/03/2014;07:19:00;14;com vítima;157,923;BR-393/RJ;Sul;Colisão Frontal;0;0;2;0;0;0;0;0;0;0;1;1;0;0;0
27/03/2014;18:50:00;55;com vítima;0,55;Alça Sul;Norte;Atropelamento - Ciclista;0;1;0;0;0;0;0;0;0;1;1;1;0;0;0
27/03/2014;05:07:00;12;com vítima;189,259;BR-393/RJ;Norte;Choque - Arvore;0;0;0;0;0;0;0;0;0;1;0;0;1;0;0
27/03/2014;08:01:00;16;com vítima;203,968;BR-393/RJ;Sul;Capotamento;1;0;1;0;0;0;0;0;0;0;1;0;1;0;0
27/03/2014;23:55:00;62;com vítima;238,66;BR-393/RJ;Norte;Colisão Transversal;0;0;1;1;0;0;0;0;0;0;0;1;0;0;1
28/03/2014;12:08:00;32;sem vítima;105,9;BR-393/RJ;Norte;Colisão Transversal;2;0;0;0;0;0;0;0;0;0;3;0;0;0;0
28/03/2014;18:27:00;47;sem vítima;135,5;BR-393/RJ;Norte;Colisão Frontal;2;0;0;0;0;0;0;0;0;0;3;0;0;0;0
28/03/2014;09:31:00;21;sem vítima;177,6;BR-393/RJ;Norte;Engavetamento;3;0;0;0;0;0;0;0;0;0;4;0;0;0;0
28/03/2014;02:41:00;10;sem vítima;265;BR-393/RJ;Sul;Choque - Defensa, barreira ou "submarino";1;0;0;0;0;0;0;0;0;0;1;0;0;0;0
29/03/2014;15:25:00;49;com vítima;182,208;BR-393/RJ;Sul;Colisão Frontal;0;0;1;1;0;0;0;0;0;0;0;1;0;0;1
29/03/2014;10:42:00;35;sem vítima;246,584;BR-393/RJ;Sul;Colisão Lateral;1;0;1;0;0;0;0;0;0;0;2;0;0;0;0
29/03/2014;21:07:00;65;sem vítima;263,1;BR-393/RJ;Sul;Capotamento;1;0;0;0;0;0;0;0;0;0;1;0;0;0;0
29/03/2014;01:38:00;10;sem vítima;285;BR-393/RJ;Norte;Choque - Outros;1;0;0;0;0;0;0;0;0;0;1;0;0;0;0
30/03/2014;10:49:00;25;com vítima;210,831;BR-393/RJ;Norte;Queda de Moto;0;0;0;1;0;0;0;0;0;0;0;1;0;0;0
30/03/2014;10:43:00;24;com vítima;255,774;BR-393/RJ;Sul;Colisão Transversal;2;0;0;0;0;0;0;0;0;0;1;2;1;0;0
30/03/2014;05:28:00;15;com vítima;270,791;BR-393/RJ;Norte;Colisão Frontal;2;0;0;0;0;0;0;0;0;0;0;1;1;1;0
30/03/2014;02:59:00;12;sem vítima;285,9;BR-393/RJ;Norte;Colisão Lateral;2;0;0;0;0;0;0;0;0;0;2;0;0;0;0
31/03/2014;06:36:00;11;sem vítima;139,629;BR-393/RJ;Norte;Saida de Pista;1;0;0;0;0;0;0;0;0;0;3;0;0;0;0
31/03/2014;13:08:00;35;com vítima;141,325;BR-393/RJ;Sul;Queda de Bicicleta;0;1;0;0;0;0;0;0;0;0;0;1;0;0;0
31/03/2014;09:28:00;23;sem vítima;165,8;BR-393/RJ;Sul;Engavetamento;4;0;0;0;0;0;0;0;0;0;4;0;0;0;0
31/03/2014;17:24:00;53;sem vítima;240,501;BR-393/RJ;Norte;Saida de Pista;1;0;0;0;0;0;0;0;0;0;2;0;0;0;0
31/03/2014;11:31:00;32;com vítima;284,452;BR-393/RJ;Sul;Queda de Moto;0;0;0;1;0;0;0;0;0;0;0;1;0;0;0
01/04/2014;11:18:00;31;sem vítima;178;BR-393/RJ;Norte;Colisão Traseira;0;0;2;0;0;0;0;0;0;0;2;0;0;0;0
01/04/2014;13:53:00;44;com vítima;253;BR-393/RJ;Sul;Saida de Pista;1;0;0;0;0;0;0;0;0;0;0;1;0;0;0
01/04/2014;10:25:00;26;com vítima;284,496;BR-393/RJ;Norte;Colisão Traseira;2;0;1;0;0;0;0;0;0;0;2;1;0;0;0
01/04/2014;11:11:00;30;sem vítima;284,52;BR-393/RJ;Norte;Colisão Traseira;1;0;1;0;0;0;0;0;0;0;2;0;0;0;0
01/04/2014;12:11:00;32;sem vítima;285,495;BR-393/RJ;Sul;Colisão Traseira;1;0;1;0;0;0;0;0;0;0;2;0;0;0;0
03/04/2014;21:12:00;62;sem vítima;165,3;BR-393/RJ;Norte;Colisão Traseira;1;0;1;0;0;0;0;0;0;0;4;0;0;0;0
03/04/2014;19:15:00;58;sem vítima;181,76;BR-393/RJ;Norte;Saida de Pista;1;0;0;0;0;0;0;0;0;0;1;0;0;0;0
03/04/2014;12:58:00;43;com vítima;250,871;BR-393/RJ;Norte;Colisão Traseira;2;0;0;0;0;0;0;0;0;0;0;2;0;0;0
04/04/2014;11:27:00;39;sem vítima;122,4;BR-393/RJ;Sul;Saida de Pista;1;0;0;0;0;0;0;0;0;0;2;0;0;0;0
04/04/2014;21:36:00;69;sem vítima;183,5;BR-393/RJ;Norte;Colisão Traseira;2;0;0;0;0;0;0;0;0;0;2;0;0;0;0
04/04/2014;07:50:00;17;sem vítima;271;BR-393/RJ;Norte;Capotamento;1;0;1;0;0;0;0;0;0;0;2;0;0;0;0
05/04/2014;08:48:00;17;sem vítima;165;BR-393/RJ;Norte;Colisão Traseira;2;0;0;0;0;0;0;0;0;0;2;0;0;0;0
05/04/2014;12:19:00;26;com vítima;2;Alça Sul;Sul;Colisão Transversal;2;0;0;0;0;0;0;0;0;0;2;3;0;0;0
06/04/2014;15:39:00;37;sem vítima;241,707;BR-393/RJ;Sul;Choque - Talude;1;0;0;0;0;0;0;0;0;0;1;0;0;0;0
06/04/2014;07:01:00;16;com vítima;248,115;BR-393/RJ;Sul;Saida de Pista;1;0;0;0;0;0;0;0;0;0;0;1;0;0;0
06/04/2014;05:12:00;14;sem vítima;282,366;BR-393/RJ;Norte;Colisão Traseira;2;0;0;0;0;0;0;0;0;0;2;0;0;0;0
07/04/2014;17:27:00;58;sem vítima;168,401;BR-393/RJ;Sul;Colisão Lateral;1;0;1;0;0;0;0;0;0;0;2;0;0;0;0
07/04/2014;04:42:00;13;sem vítima;1,77;Alça Sul;Sul;Atropelamento de Animal;1;0;0;0;0;0;0;0;0;0;1;0;0;0;0
08/04/2014;20:43:00;46;sem vítima;165,494;BR-393/RJ;Norte;Colisão Traseira;1;0;1;0;0;0;0;0;0;0;3;0;0;0;0
08/04/2014;17:54:00;42;com vítima;169,697;BR-393/RJ;Norte;Colisão Transversal;1;0;1;0;0;0;0;0;0;0;0;2;1;2;0
08/04/2014;17:01:00;40;sem vítima;279;BR-393/RJ;Sul;Colisão Traseira;0;0;2;0;0;0;0;0;0;0;2;0;0;0;0
08/04/2014;07:33:00;18;com vítima;281,9;BR-393/RJ;Norte;Queda de Moto;0;0;0;1;0;0;0;0;0;0;1;1;0;0;0
08/04/2014;11:01:00;27;sem vítima;284;BR-393/RJ;Norte;Colisão Traseira;2;0;0;0;0;0;0;0;0;0;2;0;0;0;0
10/04/2014;15:08:00;50;sem vítima;265,206;BR-393/RJ;Norte;Abalroamento Mesmo Sentido ;1;0;1;0;0;0;0;0;0;0;3;0;0;0;0
10/04/2014;09:02:00;29;sem vítima;286;BR-393/RJ;Sul;Engavetamento;3;0;0;0;0;0;0;0;0;0;5;0;0;0;0
11/04/2014;16:53:00;49;com vítima;193,279;BR-393/RJ;Sul;Colisão Lateral;0;0;1;1;0;0;0;0;0;0;1;0;0;0;1
11/04/2014;13:56:00;37;sem vítima;285,388;BR-393/RJ;Sul;Colisão Transversal;2;0;0;0;0;0;0;0;0;0;2;0;0;0;0
11/04/2014;06:52:00;16;sem vítima;285,618;BR-393/RJ;Sul;Abalroamento Mesmo Sentido ;1;0;1;0;0;0;0;0;0;0;2;0;0;0;0
12/04/2014;12:17:00;35;sem vítima;180;BR-393/RJ;Norte;Colisão Traseira;2;0;0;0;0;0;0;0;0;0;2;0;0;0;0
12/04/2014;05:22:00;14;sem vítima;225,6;BR-393/RJ;Norte;Choque - Outros;1;0;0;0;0;0;0;0;0;0;2;0;0;0;0
13/04/2014;18:55:00;48;sem vítima;282;BR-393/RJ;Sul;Colisão Traseira;2;0;0;0;0;0;0;0;0;0;2;0;0;0;0
13/04/2014;19:17:00;50;sem vítima;282,1;BR-393/RJ;Norte;Colisão Traseira;2;0;0;0;0;0;0;0;0;0;2;0;0;0;0
13/04/2014;18:27:00;47;com vítima;282,497;BR-393/RJ;Sul;Colisão Traseira;3;0;0;0;0;0;0;0;0;0;2;1;0;0;0
15/04/2014;12:22:00;43;sem vítima;157,492;BR-393/RJ;Sul;Abalroamento Mesmo Sentido ;1;0;1;0;0;0;0;0;0;0;2;0;0;0;0
15/04/2014;06:52:00;17;com vítima;277,554;BR-393/RJ;Sul;Atropelamento - Ciclista;1;1;0;0;0;0;0;0;0;0;1;2;0;0;0
15/04/2014;17:50:00;55;com vítima;285;BR-393/RJ;Norte;Outros - Sequência;1;0;2;0;0;0;0;0;0;0;2;0;1;0;0
16/04/2014;23:45:00;63;com vítima;147,217;BR-393/RJ;Norte;Tombamento;0;0;1;0;0;0;0;0;0;0;0;1;0;0;0
16/04/2014;18:38:00;55;com vítima;250,486;BR-393/RJ;Sul;Colisão Transversal;1;0;0;1;0;0;0;0;0;0;1;1;0;0;0
17/04/2014;09:13:00;25;sem vítima;155,577;BR-393/RJ;Norte;Colisão Traseira;1;0;1;0;0;0;0;0;0;0;6;0;0;0;0
17/04/2014;11:32:00;32;com vítima;176,889;BR-393/RJ;Norte;Colisão Lateral;1;0;1;0;0;0;0;0;0;0;3;1;0;0;0
17/04/2014;09:06:00;24;com vítima;281,9;BR-393/RJ;Norte;Colisão Transversal;1;0;0;1;0;0;0;0;0;0;0;2;0;0;0
17/04/2014;17:27:00;51;sem vítima;284,208;BR-393/RJ;Norte;Colisão Traseira;1;0;1;0;0;0;0;0;0;0;2;0;0;0;0
17/04/2014;00:01:00;1;sem vítima;284,512;BR-393/RJ;Norte;Colisão Traseira;2;0;0;0;0;0;0;0;0;0;3;0;0;0;0
17/04/2014;10:04:00;27;sem vítima;285,493;BR-393/RJ;Norte;Colisão Traseira;1;0;1;0;0;0;0;0;0;0;2;0;0;0;0
18/04/2014;09:30:00;26;sem vítima;106,294;BR-393/RJ;Norte;Engavetamento;1;0;1;0;0;0;0;0;0;1;5;0;0;0;0
18/04/2014;11:58:00;42;com vítima;168,761;BR-393/RJ;Norte;Colisão Transversal;1;0;1;0;0;0;0;0;0;0;0;3;0;0;0
18/04/2014;07:36:00;17;sem vítima;202,254;BR-393/RJ;Norte;Engavetamento;3;0;0;0;0;0;0;0;0;0;3;0;0;0;0
18/04/2014;06:50:00;13;sem vítima;255,805;BR-393/RJ;Norte;Colisão Traseira;1;0;0;1;0;0;0;0;0;0;2;0;0;0;0
20/04/2014;23:06:00;60;com vítima;174,553;BR-393/RJ;Sul;Atropelamento de Animal;0;0;0;0;1;0;0;0;0;0;50;1;0;0;0
20/04/2014;17:27:00;47;com vítima;282,8;BR-393/RJ;Norte;Engavetamento;3;0;0;0;0;0;0;0;0;0;3;1;0;0;0
21/04/2014;09:35:00;23;sem vítima;175,813;BR-393/RJ;Norte;Tombamento;0;0;1;0;0;0;0;0;0;0;1;0;0;0;0
21/04/2014;06:05:00;13;com vítima;218,567;BR-393/RJ;Norte;Capotamento;1;0;0;0;0;0;0;0;0;0;3;2;1;0;0
22/04/2014;19:20:00;54;com vítima;226;BR-393/RJ;Sul;Capotamento;1;0;0;0;0;0;0;0;0;0;0;2;0;0;0
22/04/2014;17:43:00;47;com vítima;266,602;BR-393/RJ;Norte;Capotamento;1;0;0;0;0;0;0;0;0;0;1;4;0;0;0
22/04/2014;12:25:00;29;sem vítima;281,356;BR-393/RJ;Norte;Colisão Traseira;0;0;2;0;0;0;0;0;0;0;3;0;0;0;0
23/04/2014;04:18:00;14;sem vítima;140,283;BR-393/RJ;Norte;Capotamento;1;0;0;0;0;0;0;0;0;0;1;0;0;0;0
23/04/2014;16:30:00;52;sem vítima;177,797;BR-393/RJ;Sul;Colisão Traseira;2;0;0;0;0;0;0;0;0;0;2;0;0;0;0
23/04/2014;14:23:00;45;com vítima;230,748;BR-393/RJ;Norte;Capotamento;0;0;0;0;0;0;0;0;0;1;1;0;1;0;0
23/04/2014;17:17:00;53;sem vítima;239,216;BR-393/RJ;Norte;Choque - Outros;1;0;0;0;0;0;0;0;0;0;1;0;0;0;0
24/04/2014;12:51:00;41;com vítima;161,893;BR-393/RJ;Sul;Outros - Sequência;3;0;1;0;0;0;0;0;0;0;0;5;1;1;0
24/04/2014;14:34:00;46;com vítima;210;BR-393/RJ;Norte;Colisão Traseira;0;0;2;0;0;0;0;0;0;0;0;3;0;0;0
24/04/2014;14:41:00;47;sem vítima;242,504;BR-393/RJ;Sul;Saida de Pista;1;0;0;0;0;0;0;0;0;0;1;0;0;0;0
24/04/2014;21:48:00;65;sem vítima;284,364;BR-393/RJ;Sul;Colisão Traseira;2;0;0;0;0;0;0;0;0;0;2;0;0;0;0
25/04/2014;23:47:00;57;com vítima;171,471;BR-393/RJ;Sul;Colisão Transversal;1;0;1;0;0;0;0;0;0;0;1;1;1;1;0
25/04/2014;20:22:00;48;com vítima;182;BR-393/RJ;Norte;Atropelamento - Morador;1;0;0;0;0;0;0;0;0;0;3;0;1;0;0
25/04/2014;22:46:00;51;sem vítima;200,018;BR-393/RJ;Sul;Atropelamento de Animal;0;0;1;0;0;0;0;0;0;0;1;0;0;0;0
26/04/2014;07:13:00;15;sem vítima;161,84;BR-393/RJ;Norte;Tombamento;0;0;1;0;0;0;0;0;0;0;1;0;0;0;0
26/04/2014;15:46:00;37;sem vítima;222,761;BR-393/RJ;Norte;Colisão Transversal;2;0;0;0;0;0;0;0;0;0;2;0;0;0;0
27/04/2014;20:17:00;44;com vítima;232;BR-393/RJ;Norte;Colisão Frontal;2;0;0;0;0;0;0;0;0;0;0;0;2;0;0
27/04/2014;22:11:00;50;sem vítima;266,8;BR-393/RJ;Norte;Capotamento;1;0;0;0;0;0;0;0;0;0;1;0;0;0;0
28/04/2014;00:15:00;2;com vítima;234;BR-393/RJ;Norte;Colisão Frontal;0;0;1;1;0;0;0;0;0;0;0;0;1;0;1
30/04/2014;11:18:00;30;com vítima;105,925;BR-393/RJ;Norte;Colisão Lateral;2;0;0;0;0;0;0;0;0;0;0;1;1;0;0
30/04/2014;22:51:00;61;sem vítima;251;BR-393/RJ;Norte;Choque - Poste;1;0;0;0;0;0;0;0;0;0;1;0;0;0;0
30/04/2014;17:25:00;47;com vítima;283,3;BR-393/RJ;Norte;Abalroamento Mesmo Sentido ;0;0;1;1;0;0;0;0;0;0;2;1;0;0;0
30/04/2014;19:11:00;53;sem vítima;284,4;BR-393/RJ;Norte;Abalroamento Sentido Oposto;1;0;1;0;0;0;0;0;0;0;2;0;0;0;0
01/05/2014;04:38:00;17;com vítima;237,61;BR-393/RJ;Norte;Tombamento;0;0;1;0;0;0;0;0;0;0;0;2;0;0;0
02/05/2014;07:27:00;15;com vítima;187,194;BR-393/RJ;Norte;Colisão Lateral;0;0;2;0;0;0;0;0;0;0;0;2;0;0;0
02/05/2014;18:55:00;45;sem vítima;200;BR-393/RJ;Sul;Atropelamento de Animal;1;0;0;0;0;0;0;0;0;0;1;0;0;0;0
02/05/2014;15:47:00;37;com vítima;252,47;BR-393/RJ;Sul;Colisão Transversal;1;0;1;0;0;0;0;0;0;0;1;0;0;0;3
02/05/2014;18:08:00;41;com vítima;285,641;BR-393/RJ;Sul;Colisão Lateral;2;0;0;0;0;0;0;0;0;0;0;2;0;0;0
03/05/2014;02:54:00;11;com vítima;121,507;BR-393/RJ;Norte;Choque - Defensa, barreira ou "submarino";1;0;0;0;0;0;0;0;0;0;0;1;0;0;0
03/05/2014;18:44:00;47;com vítima;200,5;BR-393/RJ;Sul;Atropelamento - Morador;1;0;0;0;0;0;0;0;0;0;1;1;0;0;0
03/05/2014;13:03:00;31;sem vítima;215;BR-393/RJ;Norte;Tombamento;0;0;1;0;0;0;0;0;0;0;3;0;0;0;0
04/05/2014;15:25:00;36;com vítima;176,967;BR-393/RJ;Norte;Outros - Sequência;0;0;3;0;0;0;0;0;0;0;0;2;1;0;0
04/05/2014;00:14:00;9;sem vítima;182,287;BR-393/RJ;Sul;Saida de Pista;1;0;0;0;0;0;0;0;0;0;1;0;0;0;0
04/05/2014;14:54:00;34;com vítima;238,637;BR-393/RJ;Norte;Colisão Transversal;1;0;0;1;0;0;0;0;0;0;1;1;0;0;0
04/05/2014;19:42:00;56;sem vítima;284;BR-393/RJ;Norte;Colisão Traseira;2;0;0;0;0;0;0;0;0;0;4;0;0;0;0
06/05/2014;17:46:00;56;sem vítima;133,345;BR-393/RJ;Norte;Colisão Traseira;0;0;0;2;0;0;0;0;0;0;2;0;0;0;0
06/05/2014;20:27:00;63;com vítima;235,04;BR-393/RJ;Sul;Queda de Moto;0;0;0;1;0;0;0;0;0;0;0;1;0;0;0
08/05/2014;23:09:00;67;sem vítima;285;BR-393/RJ;Sul;Abalroamento Mesmo Sentido ;1;0;0;0;1;0;0;0;0;0;2;0;0;0;0
09/05/2014;12:16:00;30;sem vítima;175,871;BR-393/RJ;Sul;Colisão Traseira;0;0;2;0;0;0;0;0;0;0;2;0;0;0;0
10/05/2014;09:11:00;17;com vítima;175;BR-393/RJ;Norte;Colisão Lateral;0;0;0;1;0;0;0;0;0;1;1;1;0;0;0
10/05/2014;20:48:00;51;sem vítima;250,65;BR-393/RJ;Norte;Colisão Traseira;2;0;0;0;0;0;0;0;0;0;2;0;0;0;0
10/05/2014;18:15:00;45;sem vítima;2,11;Alça Sul;Norte;Colisão Lateral;2;0;0;0;0;0;0;0;0;0;3;0;0;0;0
10/05/2014;12:31:00;27;sem vítima;286,4;BR-393/RJ;Sul;Engavetamento;3;0;0;0;0;0;0;0;0;0;5;0;0;0;0
11/05/2014;02:24:00;2;com vítima;226;BR-393/RJ;Sul;Outros - Sequência;2;0;0;0;0;0;0;0;0;0;3;1;0;0;0
11/05/2014;07:32:00;17;com vítima;238;BR-393/RJ;Norte;Saida de Pista;1;0;0;0;0;0;0;0;0;0;2;1;0;0;0
11/05/2014;06:28:00;13;sem vítima;269;BR-393/RJ;Sul;Choque - Defensa, barreira ou "submarino";1;0;0;0;0;0;0;0;0;0;1;0;0;0;0
11/05/2014;18:43:00;33;sem vítima;283,3;BR-393/RJ;Norte;Colisão Lateral;1;0;1;0;0;0;0;0;0;0;2;0;0;0;0
12/05/2014;17:02:00;61;com vítima;238,647;BR-393/RJ;Norte;Colisão Transversal;1;0;1;0;0;0;0;0;0;0;1;2;0;0;0
12/05/2014;08:07:00;27;sem vítima;282,14;BR-393/RJ;Sul;Engavetamento;2;0;0;1;0;0;0;0;0;0;3;0;0;0;0
14/05/2014;16:19:00;62;sem vítima;106,1;BR-393/RJ;Sul;Colisão Traseira;2;0;1;0;0;0;0;0;0;0;3;0;0;0;0
14/05/2014;07:00:00;14;sem vítima;146,773;BR-393/RJ;Sul;Colisão Lateral;1;0;1;0;0;0;0;0;0;0;3;0;0;0;0
14/05/2014;14:30:00;55;sem vítima;231,9;BR-393/RJ;Sul;Colisão Traseira;2;0;0;0;0;0;0;0;0;0;4;0;0;0;0
14/05/2014;19:06:00;72;com vítima;274,118;BR-393/RJ;Norte;Choque - Objeto sobre a pista;1;0;1;0;0;0;0;0;0;0;1;0;2;0;0
15/05/2014;10:20:00;28;com vítima;245;BR-393/RJ;Sul;Choque - Arvore;1;0;0;0;0;0;0;0;0;0;0;2;0;0;0
15/05/2014;21:21:00;61;sem vítima;283,696;BR-393/RJ;Norte;Colisão Traseira;2;0;0;0;0;0;0;0;0;0;2;0;0;0;0
15/05/2014;07:43:00;18;sem vítima;285;BR-393/RJ;Norte;Colisão Lateral;2;0;0;0;0;0;0;0;0;0;2;0;0;0;0
16/05/2014;06:47:00;15;com vítima;175,593;BR-393/RJ;Sul;Colisão Traseira;2;0;0;0;0;0;0;0;0;0;0;2;0;0;0
16/05/2014;14:51:00;40;sem vítima;242,829;BR-393/RJ;Norte;Colisão Traseira;1;0;1;0;0;0;0;0;0;0;2;0;0;0;0
17/05/2014;17:29:00;61;com vítima;168,469;BR-393/RJ;Norte;Outros - Sequência;0;0;2;1;0;0;0;0;0;0;1;0;1;0;1
18/05/2014;06:26:00;16;com vítima;161,893;BR-393/RJ;Norte;Capotamento;1;0;0;0;0;0;0;0;0;0;0;2;0;0;0
19/05/2014;08:49:00;25;sem vítima;107;BR-393/RJ;Sul;Colisão Traseira;1;0;1;0;0;0;0;0;0;0;2;0;0;0;0
19/05/2014;17:57:00;51;com vítima;188,212;BR-393/RJ;Norte;Atropelamento de Animal;1;0;0;0;0;0;0;0;0;0;0;1;0;0;0
20/05/2014;05:11:00;12;sem vítima;118,045;BR-393/RJ;Sul;Colisão Traseira;0;0;2;0;0;0;0;0;0;0;3;0;0;0;0
20/05/2014;09:44:00;30;com vítima;178,34;BR-393/RJ;Norte;Tombamento;0;0;1;0;0;0;0;0;0;0;0;1;0;0;0
20/05/2014;10:21:00;33;sem vítima;283,354;BR-393/RJ;Sul;Engavetamento;3;0;0;0;0;0;0;0;0;0;3;0;0;0;0
21/05/2014;12:08:00;31;com vítima;232,732;BR-393/RJ;Sul;Colisão Frontal;2;0;0;0;0;0;0;0;0;0;0;0;2;0;0
21/05/2014;12:30:00;36;sem vítima;282;BR-393/RJ;Norte;Engavetamento;3;0;0;0;0;0;0;0;0;0;3;0;0;0;0
22/05/2014;07:52:00;19;com vítima;103,767;BR-393/RJ;Sul;Colisão Traseira;2;0;0;0;0;0;0;0;0;0;3;2;0;0;0
22/05/2014;18:27:00;57;com vítima;210,394;BR-393/RJ;Sul;Outros - Sequência;1;0;0;0;0;0;0;0;0;0;0;1;0;0;0
23/05/2014;01:56:00;5;com vítima;179,765;BR-393/RJ;Norte;Atropelamento de Animal;1;0;0;0;0;0;0;0;0;0;0;4;0;0;0
23/05/2014;23:47:00;79;com vítima;185;BR-393/RJ;Sul;Engavetamento;1;0;0;0;1;0;0;0;0;1;47;3;2;1;0
23/05/2014;17:07:00;60;com vítima;260,483;BR-393/RJ;Sul;Colisão Lateral;2;0;0;0;0;0;0;0;0;0;3;1;0;0;0
24/05/2014;00:38:00;2;sem vítima;173,6;BR-393/RJ;Norte;Choque - Defensa, barreira ou "submarino";1;0;0;0;0;0;0;0;0;0;1;0;0;0;0
24/05/2014;11:55:00;30;com vítima;266,172;BR-393/RJ;Norte;Capotamento;1;0;0;0;0;0;0;0;0;0;1;1;0;0;0
24/05/2014;14:53:00;40;sem vítima;284,2;BR-393/RJ;Norte;Colisão Traseira;2;0;0;0;0;0;0;0;0;0;2;0;0;0;0
24/05/2014;15:38:00;41;sem vítima;284,8;BR-393/RJ;Norte;Colisão Lateral;1;0;1;0;0;0;0;0;0;0;2;0;0;0;0
24/05/2014;13:01:00;34;sem vítima;285,9;BR-393/RJ;Sul;Colisão Traseira;1;0;1;0;0;0;0;0;0;0;2;0;0;0;0
25/05/2014;15:55:00;41;com vítima;175,528;BR-393/RJ;Sul;Capotamento;1;0;0;0;0;0;0;0;0;0;0;3;0;0;0
25/05/2014;13:07:00;26;sem vítima;235,697;BR-393/RJ;Sul;Queda de Moto;0;0;0;1;0;0;0;0;0;0;1;0;0;0;0
25/05/2014;13:21:00;29;sem vítima;282;BR-393/RJ;Sul;Colisão Traseira;2;0;0;0;0;0;0;0;0;0;2;0;0;0;0
26/05/2014;13:51:00;37;com vítima;111;BR-393/RJ;Norte;Colisão Lateral;2;0;0;0;0;0;0;0;0;0;1;1;0;0;0
27/05/2014;15:03:00;46;com vítima;168,655;BR-393/RJ;Norte;Colisão Transversal;1;0;0;1;0;0;0;0;0;0;1;1;0;0;0
27/05/2014;09:52:00;22;com vítima;235,097;BR-393/RJ;Norte;Colisão Transversal;1;0;0;1;0;0;0;0;0;0;1;1;1;0;0
28/05/2014;14:41:00;45;com vítima;263,087;BR-393/RJ;Sul;Abalroamento Sentido Oposto;1;0;1;0;0;0;0;0;0;0;1;1;0;0;0
28/05/2014;12:52:00;35;sem vítima;285,418;BR-393/RJ;Norte;Colisão Lateral;2;0;0;0;0;0;0;0;0;0;2;0;0;0;0
29/05/2014;08:13:00;15;com vítima;124,423;BR-393/RJ;Norte;Outros - Sequência;0;0;2;0;0;0;0;0;0;0;1;1;0;0;0
29/05/2014;21:49:00;57;sem vítima;143;BR-393/RJ;Norte;Saida de Pista;0;0;1;0;0;0;0;0;0;0;2;0;0;0;0
29/05/2014;08:39:00;18;com vítima;167;BR-393/RJ;Norte;Queda de Moto;0;0;0;1;0;0;0;0;0;0;0;1;0;0;0
29/05/2014;09:52:00;27;sem vítima;167,9;BR-393/RJ;Sul;Colisão Lateral;0;0;2;0;0;0;0;0;0;0;2;0;0;0;0
29/05/2014;12:00:00;29;com vítima;279,279;BR-393/RJ;Norte;Colisão Frontal;1;0;0;1;0;0;0;0;0;0;1;1;0;0;0
30/05/2014;17:30:00;56;com vítima;260;BR-393/RJ;Norte;Queda de Bicicleta;0;1;0;0;0;0;0;0;0;0;0;1;0;0;0
30/05/2014;04:48:00;14;com vítima;262,857;BR-393/RJ;Norte;Abalroamento Sentido Oposto;1;0;1;0;0;0;0;0;0;0;1;0;0;1;0
31/05/2014;06:47:00;18;sem vítima;161,943;BR-393/RJ;Norte;Saida de Pista;1;0;0;0;0;0;0;0;0;0;5;0;0;0;0
31/05/2014;20:17:00;51;sem vítima;220,382;BR-393/RJ;Norte;Saida de Pista;1;0;0;0;0;0;0;0;0;0;1;0;0;0;0
31/05/2014;05:50:00;14;sem vítima;258,993;BR-393/RJ;Norte;Saida de Pista;1;0;0;0;0;0;0;0;0;0;1;0;0;0;0
01/06/2014;13:09:00;31;com vítima;131,386;BR-393/RJ;Sul;Queda de Moto;0;0;0;1;0;0;0;0;0;0;0;0;1;0;0
01/06/2014;20:55:00;58;com vítima;153;BR-393/RJ;Norte;Saida de Pista;1;0;0;0;0;0;0;0;0;0;2;1;0;0;0
01/06/2014;07:51:00;23;com vítima;178;BR-393/RJ;Norte;Colisão Traseira;1;0;1;0;0;0;0;0;0;0;0;5;0;0;0
01/06/2014;19:30:00;51;com vítima;195;BR-393/RJ;Sul;Engavetamento;3;0;0;0;0;0;0;0;0;0;0;4;0;0;0
01/06/2014;22:00:00;62;com vítima;239;BR-393/RJ;Sul;Capotamento;1;0;0;0;0;0;0;0;0;0;0;2;0;0;0
01/06/2014;19:43:00;52;com vítima;2;Alça Sul;Sul;Colisão Traseira;0;0;0;1;0;0;1;0;0;0;1;2;0;0;0
01/06/2014;01:53:00;5;com vítima;285,3;BR-393/RJ;Norte;Capotamento;1;0;0;0;0;0;0;0;0;0;0;4;0;0;0
02/06/2014;07:56:00;7;sem vítima;229,832;BR-393/RJ;Sul;Choque - Talude;1;0;0;0;0;0;0;0;0;0;2;0;0;0;0