data;horario;n_da_ocorrencia;tipo_de_ocorrencia;km;trecho;sentido;tipo_de_acidente;automovel;bicicleta;caminhao;moto;onibus;outros;tracao_animal;transporte_de_cargas_especiais;trator_maquinas;utilitarios;ilesos;levemente_feridos;moderadamente_feridos;gravemente_feridos;mortos
06/10/2015;05:07:00;32;com vítima;279,241;BR-393/RJ;Pista Sul;Colisão com veículos (traseira);;;2;;;;;;;;0;2;;;
06/10/2015;14:19:00;56;com vítima;284;BR-393/RJ;Pista Sul;Atropelamento de pedestre;;1;;1;;;;;;;0;2;;;
07/10/2015;12:53:00;41;com vítima;102,5;BR-393/RJ;Pista Sul;Colisão lateral no mesmo sentido;2;;;;;;;;;;3;1;;;
07/10/2015;15:31:00;48;sem vítima;266,3;BR-393/RJ;Pista Sul;Colisão com veículos (traseira);1;;1;;;;;;;;2;;;;
07/10/2015;22:02:00;63;com vítima;281;BR-393/RJ;Pista Sul;Colisão com veículos (frontal);1;;;1;;;;;;;1;1;;;
07/10/2015;22:12:00;65;sem vítima;281;BR-393/RJ;Pista Norte;Engavetamento;;;;;;;;;;;0;;;;
08/10/2015;09:58:00;26;com vítima;218,881;BR-393/RJ;Pista Norte;Colisão lateral no sentido contrário;2;;;;;;;;;;2;1;;;
08/10/2015;08:37:00;22;com vítima;229,625;BR-393/RJ;Pista Sul;Tombamento;;;1;;;;;;;;0;2;;;
08/10/2015;06:44:00;15;com vítima;274,162;BR-393/RJ;Pista Norte;Tombamento;1;;2;;;;;;;;3;1;;;
08/10/2015;20:09:00;93;sem vítima;280,3;BR-393/RJ;Pista Sul;Colisão lateral no mesmo sentido;1;;;1;;;;;;;2;;;;
08/10/2015;10:03:00;27;com vítima;284,5;BR-393/RJ;Pista Sul;Acidentes de outra natureza;;;;1;;;;;;;0;1;;;
09/10/2015;20:31:00;89;com vítima;151;BR-393/RJ;Pista Norte;Colisão lateral no mesmo sentido;1;;1;;;;;;;;0;4;;;
09/10/2015;12:39:00;60;sem vítima;274;BR-393/RJ;Pista Norte;Colisão com veículos (traseira);2;;;;;;;;;;2;;;;
09/10/2015;20:59:00;92;sem vítima;284,2;BR-393/RJ;Pista Norte;Colisão com veículos (traseira);2;;;;;;;;;;2;;;;
10/10/2015;18:09:00;94;sem vítima;278;BR-393/RJ;Pista Norte;Colisão com veículos (traseira);2;;;;;;;;;;2;;;;
10/10/2015;20:02:00;97;sem vítima;285;BR-393/RJ;Pista Sul;Colisão lateral no mesmo sentido;2;;;;;;;;;;2;;;;
11/10/2015;10:49:00;29;sem vítima;278;BR-393/RJ;Pista Norte;Colisão com veículos (traseira);2;;;;;;;;;;2;;;;
11/10/2015;00:55:00;4;sem vítima;282;BR-393/RJ;Pista Norte;Colisão com veículos (frontal);2;;;;;;;;;;4;;;;
12/10/2015;19:42:00;88;com vítima;192,986;BR-393/RJ;Pista Norte;Capotamento;1;;;;;;;;;;0;3;;;
13/10/2015;10:58:00;40;sem vítima;105,9;BR-393/RJ;Pista Norte;Colisão lateral no mesmo sentido;2;;;;;;;;;;4;;;;
13/10/2015;17:55:00;75;com vítima;121,269;BR-393/RJ;Pista Sul;Tombamento;;;1;;;;;;;;0;;1;;
14/10/2015;10:27:00;36;com vítima;123,575;BR-393/RJ;Pista Norte;Tombamento;;;1;;;;;;;;0;1;;;
14/10/2015;18:49:00;56;com vítima;181,2;BR-393/RJ;Pista Sul;Colisão com veículos (traseira);1;;;1;;;;;;;1;1;;;
14/10/2015;19:37:00;59;com vítima;235,8;BR-393/RJ;Pista Sul;Colisão Lateral Mesmo Sentido;1;;;1;;;;;;;2;;1;;
14/10/2015;22:09:00;64;com vítima;283,3;BR-393/RJ;Pista Sul;Colisão lateral no sentido contrário;1;;1;;;;;;;;1;1;;;
15/10/2015;23:08:00;71;sem vítima;250,8;BR-393/RJ;Pista Sul;Saídas de pista;1;;;;;;;;;;1;;;;
16/10/2015;12:56:00;45;com vítima;220,946;BR-393/RJ;Pista Sul;Capotamento;1;;;;;;;;;;0;1;;;
16/10/2015;17:35:00;62;com vítima;268;BR-393/RJ;Pista Sul;Colisão com veículos (frontal);2;;;;;;;;;;1;2;;;
17/10/2015;15:30:00;59;sem vítima;131,266;BR-393/RJ;Pista Sul;Saídas de pista;1;;;;;;;;;;2;;;;
17/10/2015;03:00:00;19;com vítima;284,412;BR-393/RJ;Pista Sul;Colisão lateral no sentido contrário;2;;;;;;;;;;2;1;;;
18/10/2015;19:28:00;29;com vítima;181,3;BR-393/RJ;Pista Sul;Colisão c/ obstáculos;1;;;;;;;;;;0;1;2;;
18/10/2015;21:40:00;39;com vítima;283,3;BR-393/RJ;Pista Sul;Colisão com veículos (frontal);1;;;2;;;;;;;2;1;;;
20/10/2015;18:44:00;58;sem vítima;280;BR-393/RJ;Pista Norte;Saídas de pista;1;;;;;;;;;;1;;;;
21/10/2015;08:50:00;39;com vítima;103,928;BR-393/RJ;Pista Sul;Colisão com veículos (traseira);2;;;;;;;;;;3;1;;;
21/10/2015;14:59:00;81;com vítima;278;BR-393/RJ;Pista Sul;Saídas de pista;2;;;;;;;;;;2;1;;;
22/10/2015;17:31:00;72;com vítima;184,28;BR-393/RJ;Pista Norte;Colisão com veículos (frontal);1;;1;;;;;;;;0;1;;1;1
22/10/2015;13:32:00;59;com vítima;250,036;BR-393/RJ;Pista Sul;Acidentes de outra natureza;1;;1;;;;;;;;3;;;;1
22/10/2015;15:35:00;65;com vítima;282,198;BR-393/RJ;Pista Sul;Colisão com veículos (traseira);1;;1;;;;;;;;0;2;;;
23/10/2015;12:19:00;31;sem vítima;174,524;BR-393/RJ;Pista Sul;Capotamento;;;1;;;;;;;;2;;;;
23/10/2015;00:33:00;2;sem vítima;237,9;BR-393/RJ;Pista Sul;Atropelamento de animais;;;1;;;;;;;;1;;;;
24/10/2015;05:10:00;18;com vítima;151,882;BR-393/RJ;Pista Sul;Tombamento;;;1;;;;;;;;0;1;;;
24/10/2015;10:58:00;29;sem vítima;175,6;BR-393/RJ;Pista Sul;Colisão com veículos (traseira);1;;1;;;;;;;;2;;;;
24/10/2015;23:49:00;73;sem vítima;280,257;BR-393/RJ;Pista Sul;Colisão lateral no sentido contrário;2;;;;;;;;;;2;;;;
26/10/2015;21:27:00;91;com vítima;135,543;BR-393/RJ;Pista Sul;Atropelamento de pedestre;1;1;;;;;;;;;1;2;;;
26/10/2015;09:02:00;46;com vítima;168,809;BR-393/RJ;Pista Sul;Colisão com veículos (traseira);1;1;;;;;;;;;0;1;;;1
26/10/2015;12:19:00;53;com vítima;280,266;BR-393/RJ;Pista Norte;Colisão lateral no mesmo sentido;1;;;1;;;;;;;1;1;;;
26/10/2015;18:43:00;81;com vítima;281,6;BR-393/RJ;Pista Norte;Atropelamento de pedestre;;;;1;;;;;;;1;1;;;
26/10/2015;06:46:00;35;com vítima;285,403;BR-393/RJ;Pista Sul;Colisão lateral no sentido contrário;1;;;1;;;;;;;1;1;;;
29/10/2015;06:37:00;24;sem vítima;175,661;BR-393/RJ;Pista Sul;Colisão com veículos (traseira);2;;;1;;;;;;;6;;;;
30/10/2015;13:47:00;41;com vítima;103,977;BR-393/RJ;Pista Sul;Atropelamento de animais;;;;1;;;;;;;0;1;1;;
31/10/2015;12:07:00;35;com vítima;168,021;BR-393/RJ;Pista Sul;Atropelamento de pedestre;;;;1;;;;;;;2;1;;;
31/10/2015;07:08:00;17;sem vítima;170,626;BR-393/RJ;Pista Norte;Colisão c/ obstáculos;1;;;;;;;;;;4;;;;
31/10/2015;07:26:00;20;com vítima;232,096;BR-393/RJ;Pista Norte;Colisão lateral no mesmo sentido;1;;;;1;;;;;;2;1;;;
31/10/2015;23:09:00;65;com vítima;241,2;BR-393/RJ;Pista Norte;Saídas de pista;;;;1;;;;;;;0;;;1;
01/11/2015;18:13:00;49;sem vítima;138,1;BR-393/RJ;Pista Norte;Colisão c/ obstáculos;1;;;;;;;;;;1;;;;
01/11/2015;08:14:00;21;com vítima;175,554;BR-393/RJ;Pista Sul;Capotamento;1;;;;;;;;;;0;1;;2;
01/11/2015;18:53:00;53;sem vítima;282,688;BR-393/RJ;Pista Norte;Saídas de pista;1;;;;;;;;;;2;;;;
01/11/2015;22:24:00;63;com vítima;284,555;BR-393/RJ;Pista Norte;Colisão com veículos (traseira);2;;;;;;;;;;1;2;;;
01/11/2015;08:01:00;19;com vítima;285;BR-393/RJ;Pista Norte;Colisão c/ obstáculos;1;;;;;;;;;;0;1;;;
01/11/2015;19:28:00;55;com vítima;285,95;BR-393/RJ;Pista Sul;Colisão lateral no mesmo sentido;;;;1;1;;;;;;0;2;;;
02/11/2015;14:31:00;60;com vítima;216,608;BR-393/RJ;Pista Norte;Colisão lateral no mesmo sentido;2;;;;;;;;;;4;1;;;
02/11/2015;08:30:00;27;sem vítima;232;BR-393/RJ;Pista Norte;Colisão lateral no sentido contrário;1;;;;1;;;;;;29;;;;
02/11/2015;19:59:00;88;sem vítima;239,2;BR-393/RJ;Pista Norte;Saídas de pista;1;;;;;;;;;;1;;;;
03/11/2015;00:57:00;6;sem vítima;105,8;BR-393/RJ;Pista Norte;Saídas de pista;1;;;;;;;;;;1;;;;
03/11/2015;17:11:00;52;com vítima;141,251;BR-393/RJ;Pista Sul;Colisão c/ obstáculos;1;;;;;;;;;;1;1;1;;
03/11/2015;01:40:00;17;com vítima;284,507;BR-393/RJ;Pista Sul;Tombamento;;;1;;;;;;;;0;2;;;
04/11/2015;08:35:00;22;com vítima;155,709;BR-393/RJ;Pista Norte;Tombamento;1;;2;;;;;;;1;0;6;;;
05/11/2015;00:14:00;1;com vítima;223,2;BR-393/RJ;Pista Norte;Saídas de pista;;;1;;;;;;;;0;1;;;
05/11/2015;14:24:00;59;com vítima;224;BR-393/RJ;Pista Norte;Colisão lateral no sentido contrário;1;;1;;;;;;;;0;2;;1;
05/11/2015;13:19:00;54;com vítima;235,216;BR-393/RJ;Pista Norte;Colisão lateral no sentido contrário;2;;;;;;;;;;1;1;;;
05/11/2015;18:49:00;69;com vítima;263,509;BR-393/RJ;Pista Sul;Colisão com veículos (frontal);1;;;1;;;;;;;0;1;1;;
05/11/2015;19:30:00;71;sem vítima;263,509;BR-393/RJ;Pista Sul;Colisão lateral no mesmo sentido;1;;1;;;;;;;;4;;;;
05/11/2015;21:47:00;82;com vítima;279,707;BR-393/RJ;Pista Norte;Colisão com veículos (traseira);2;;;;;;;;;;1;1;;;
05/11/2015;23:02:00;86;com vítima;281,1;BR-393/RJ;Pista Sul;Acidentes de outra natureza;;;;1;;;;;;;0;2;;;
06/11/2015;21:14:00;137;sem vítima;280,785;BR-393/RJ;Pista Sul;Colisão com veículos (traseira);2;;;;;;;;;;2;;;;
07/11/2015;22:49:00;82;sem vítima;123,7;BR-393/RJ;Pista Norte;Saídas de pista;1;;;;;;;;;;1;;;;
07/11/2015;08:03:00;32;com vítima;139,581;BR-393/RJ;Pista Sul;Saídas de pista;1;;;;;;;;;;0;3;;;
07/11/2015;22:12:00;81;com vítima;229,9;BR-393/RJ;Pista Sul;Saídas de pista;1;;;;;;;;;;0;2;;;
07/11/2015;18:04:00;66;com vítima;252,2;BR-393/RJ;Pista Norte;Colisão lateral no sentido contrário;2;;;;;;;;;;0;1;1;;
08/11/2015;19:22:00;48;com vítima;132,8;BR-393/RJ;Pista Sul;Acidentes de outra natureza;;;;1;;;;;;;0;1;;;
08/11/2015;23:10:00;66;com vítima;144,9;BR-393/RJ;Pista Norte;Acidentes de outra natureza;;;;1;;;;;;;0;2;;;
08/11/2015;12:47:00;25;sem vítima;233,929;BR-393/RJ;Pista Sul;Colisão lateral no mesmo sentido;2;;;;;;;;;;2;;;;
08/11/2015;16:33:00;35;com vítima;281,114;BR-393/RJ;Pista Sul;Acidentes de outra natureza;;;;1;;;;;;;0;1;;;
08/11/2015;20:28:00;54;sem vítima;284,4;BR-393/RJ;Pista Sul;Saídas de pista;;;1;;;;;;;;1;;;;
09/11/2015;19:47:00;84;com vítima;285,095;BR-393/RJ;Pista Norte;Colisão com veículos (traseira);2;;;;;;;;;;2;1;;;
10/11/2015;08:27:00;38;sem vítima;168,419;BR-393/RJ;Pista Sul;Engavetamento;2;;;;;;;;;1;3;;;;
10/11/2015;20:50:00;113;sem vítima;259;BR-393/RJ;Pista Norte;Saídas de pista;1;;;;;;;;;;1;;;;
11/11/2015;00:27:00;9;sem vítima;175,497;BR-393/RJ;Pista Sul;Capotamento;1;;;;;;;;;;1;;;;
12/11/2015;09:27:00;17;com vítima;232,725;BR-393/RJ;Pista Sul;Colisão lateral no mesmo sentido;2;;;;;;;;;;1;1;;;
12/11/2015;07:55:00;11;sem vítima;266,628;BR-393/RJ;Pista Norte;Colisão com veículos (traseira);;;2;;;;;;;;2;;;;
12/11/2015;16:02:00;47;sem vítima;283,113;BR-393/RJ;Pista Sul;Colisão com veículos (traseira);;;2;;;;;;;;2;;;;
13/11/2015;14:27:00;64;com vítima;274,8;BR-393/RJ;Pista Sul;Colisão lateral no mesmo sentido;1;;1;;;;;;;;1;2;;;
13/11/2015;17:19:00;77;sem vítima;283,3;BR-393/RJ;Pista Norte;Colisão com veículos (traseira);2;;;;;;;;;;2;;;;
13/11/2015;16:21:00;70;sem vítima;285,102;BR-393/RJ;Pista Norte;Colisão com veículos (traseira);2;;;;;;;;;;2;;;;
13/11/2015;18:52:00;86;sem vítima;285,388;BR-393/RJ;Pista Norte;Engavetamento;3;;;;;;;;;;5;;;;
13/11/2015;19:44:00;94;com vítima;285,5;BR-393/RJ;Pista Norte;Colisão lateral no mesmo sentido;1;;;;1;;;;;;2;;;;1
13/11/2015;12:04:00;51;com vítima;285,6;BR-393/RJ;Pista Sul;Acidentes de outra natureza;;;;1;;;;;;;0;1;;;
14/11/2015;05:03:00;18;com vítima;280;BR-393/RJ;Pista Norte;Atropelamento de pedestre;1;1;;;;;;;;;1;;;1;1
14/11/2015;04:14:00;15;sem vítima;285,482;BR-393/RJ;Pista Norte;Colisão lateral no sentido contrário;2;;;;;;;;;;2;;;;
16/11/2015;08:33:00;32;sem vítima;125,815;BR-393/RJ;Pista Norte;Colisão com veículos (traseira);2;;;;;;;;;;4;;;;
16/11/2015;08:12:00;31;com vítima;168,807;BR-393/RJ;Pista Sul;Colisão lateral no sentido contrário;1;;1;;;;;;;;0;2;;;
16/11/2015;17:49:00;62;com vítima;284;BR-393/RJ;Pista Sul;Colisão lateral no mesmo sentido;1;;;1;;;;;;;1;1;;;
18/11/2015;11:00:00;59;com vítima;168,136;BR-393/RJ;Pista Norte;Colisão lateral no sentido contrário;1;;;;;;;;;1;4;1;;;
18/11/2015;17:23:00;91;com vítima;243,528;BR-393/RJ;Pista Norte;Colisão c/ obstáculos;1;;;;;;;;;;0;1;;;1
18/11/2015;17:14:00;90;com vítima;264,915;BR-393/RJ;Pista Sul;Colisão lateral no sentido contrário;1;;1;;;;;;;;0;2;;;
18/11/2015;07:25:00;45;sem vítima;285,177;BR-393/RJ;Pista Norte;Colisão lateral no mesmo sentido;2;;;;;;;;;;2;;;;
19/11/2015;06:58:00;33;com vítima;184,891;BR-393/RJ;Pista Norte;Colisão lateral no mesmo sentido;;;1;;1;;;;;;1;1;;;
19/11/2015;06:10:00;32;com vítima;285,172;BR-393/RJ;Pista Norte;Colisão lateral no sentido contrário;2;;;;;;;;;;2;2;;;
20/11/2015;17:58:00;39;sem vítima;132;BR-393/RJ;Pista Norte;Colisão lateral no mesmo sentido;2;;;;;;;;;;5;;;;
20/11/2015;16:56:00;38;com vítima;1,298;Alça Sul;Pista Sul;Capotamento;1;;;;;;;;;;0;2;;;
20/11/2015;05:32:00;13;com vítima;273,92;BR-393/RJ;Pista Norte;Tombamento;;;1;;;;;;;;0;1;;;
20/11/2015;13:26:00;33;com vítima;3;Alça Sul;Pista Sul;Colisão lateral no mesmo sentido;2;;;;;;;;;;1;2;;;
21/11/2015;16:54:00;51;com vítima;131,461;BR-393/RJ;Pista Norte;Tombamento;;;1;;;;;;;;0;;;1;
21/11/2015;14:33:00;43;com vítima;238,641;BR-393/RJ;Pista Norte;Colisão lateral no sentido contrário;2;;;;;;;;;;0;6;;;
21/11/2015;05:10:00;14;com vítima;282,4;BR-393/RJ;Pista Sul;Colisão c/ obstáculos;1;;;;;;;;;;0;;1;;
22/11/2015;18:41:00;74;com vítima;151,9;BR-393/RJ;Pista Sul;Tombamento;;;1;;;;;;;;0;1;;;
22/11/2015;10:19:00;34;sem vítima;236,377;BR-393/RJ;Pista Sul;Colisão lateral no mesmo sentido;1;;;;1;;;;;;36;;;;
22/11/2015;03:17:00;16;com vítima;260,451;BR-393/RJ;Pista Norte;Saídas de pista;1;;;;;;;;;;0;1;;;
22/11/2015;17:12:00;59;com vítima;281,251;BR-393/RJ;Pista Norte;Colisão com veículos (traseira);2;;;;;;;;;;2;1;;;
22/11/2015;11:32:00;37;com vítima;3,015;Alça Sul;Pista Sul;Colisão com veículos (frontal);1;;;1;;;;;;;0;2;;;
23/11/2015;22:44:00;65;com vítima;134;BR-393/RJ;Pista Norte;Atropelamento de animais;1;;;;;;;;;;1;1;;;
23/11/2015;16:24:00;51;sem vítima;134,88;BR-393/RJ;Pista Norte;Saídas de pista;1;;;;;;;;;;2;;;;
23/11/2015;10:30:00;32;com vítima;206,243;BR-393/RJ;Pista Norte;Colisão c/ obstáculos;1;;;;;;;;;;0;1;;;
23/11/2015;08:02:00;23;com vítima;222,639;BR-393/RJ;Pista Sul;Colisão lateral no sentido contrário;;;1;1;;;;;;;1;1;;;
23/11/2015;18:10:00;56;com vítima;266,8;BR-393/RJ;Pista Norte;Saídas de pista;1;;;;;;;;;;0;1;;;
23/11/2015;19:27:00;60;com vítima;281;BR-393/RJ;Pista Sul;Colisão lateral no mesmo sentido;2;;;;;;;;;;1;2;;;
24/11/2015;21:15:00;66;com vítima;232,7;BR-393/RJ;Pista Sul;Colisão lateral no sentido contrário;2;;;;;;;;;;2;1;;;
25/11/2015;06:34:00;11;com vítima;138,229;BR-393/RJ;Pista Sul;Capotamento;;;1;;;;;;;;0;1;;;
25/11/2015;09:12:00;23;sem vítima;165,839;BR-393/RJ;Pista Sul;Colisão lateral no sentido contrário;2;;;;;;;;;;5;;;;
26/11/2015;06:53:00;25;com vítima;283,235;BR-393/RJ;Pista Sul;Colisão com veículos (traseira);2;;;;;;;;;;1;1;;;
28/11/2015;06:41:00;15;sem vítima;181,415;BR-393/RJ;Pista Norte;Saídas de pista;1;;;;;;;;;;1;;;;
28/11/2015;12:40:00;38;sem vítima;250,471;BR-393/RJ;Pista Norte;Colisão lateral no sentido contrário;2;;;;;;;;;;4;;;;
29/11/2015;19:16:00;68;com vítima;181,601;BR-393/RJ;Pista Norte;Acidentes de outra natureza;;;;1;;;;;;;0;1;;;
29/11/2015;23:00:00;85;com vítima;284,431;BR-393/RJ;Pista Norte;Colisão com veículos (traseira);2;;;;;;;;;;3;1;;;
30/11/2015;18:46:00;124;sem vítima;106,4;BR-393/RJ;Pista Norte;Colisão lateral no mesmo sentido;1;;1;;;;;;;;3;;;;
30/11/2015;17:21:00;119;com vítima;252,475;BR-393/RJ;Pista Norte;Colisão lateral no sentido contrário;2;;;;;;;;;;5;1;;;
30/11/2015;18:06:00;123;sem vítima;280,198;BR-393/RJ;Pista Sul;Colisão com veículos (frontal);2;;;;;;;;;;2;;;;
30/11/2015;12:37:00;97;com vítima;282,234;BR-393/RJ;Pista Norte;Acidentes de outra natureza;;1;;;;;;;;;0;1;;;
01/12/2015;08:20:00;54;com vítima;124,439;BR-393/RJ;Pista Norte;Acidentes de outra natureza; ;;;1;;;;;;;0;1;;;
01/12/2015;11:18:00;68;com vítima;281,097;BR-393/RJ;Pista Norte;Colisão lateral no sentido contrário;1;;;1;;;;;;;1;1;;;
03/12/2015;07:00:00;15;com vítima;188,845;BR-393/RJ;Pista Norte;Capotamento;1;;;;;;;;;;0;2;;;
05/12/2015;18:26:00;47;sem vítima;232,8;BR-393/RJ;Pista Sul;Colisão lateral no sentido contrário;2;;;;;;;;;;5;;;;
05/12/2015;14:10:00;40;com vítima;281;BR-393/RJ;Pista Norte;Colisão lateral no sentido contrário;1;;;1;;;;;;;3;1;;;
05/12/2015;02:10:00;1;sem vítima;285,03;BR-393/RJ;Pista Norte;Saídas de pista;1;;;;;;;;;;1;;;;
06/12/2015;14:36:00;38;sem vítima;265;BR-393/RJ;Pista Norte;Colisão com veículos (traseira);;;2;;;;;;;;2;;;;
06/12/2015;13:54:00;37;com vítima;285;BR-393/RJ;Pista Norte;Colisão com veículos (traseira);1;;;1;;;;;;;0;3;;;
06/12/2015;22:00:00;65;sem vítima;286;BR-393/RJ;Pista Sul;Colisão c/ obstáculos;1;;;;1;;;;;;37;;;;
07/12/2015;01:08:00;4;com vítima;165,7;BR-393/RJ;Pista Norte;Capotamento;1;;;;;;;;;;0;4;;;
07/12/2015;00:27:00;1;com vítima;190;BR-393/RJ;Pista Norte;Colisão lateral no sentido contrário;1;;;;1;;;;;;1;4;;;
07/12/2015;07:17:00;24;com vítima;283,3;BR-393/RJ;Pista Norte;Colisão com veículos (traseira);2;;;;;;;;;;1;1;;;
10/12/2015;15:49:00;44;com vítima;128;BR-393/RJ;Pista Norte;Saídas de pista;1;;;;;;;;;;0;1;;;
11/12/2015;18:21:00;69;com vítima;123,141;BR-393/RJ;Pista Norte;Saida de Pista;1;;;;;;;;;;2;1;;;
11/12/2015;19:20:00;74;sem vítima;141,077;BR-393/RJ;Pista Sul;Acidentes de outra natureza;;1;;;;;;;;;1;;;;
11/12/2015;14:38:00;53;sem vítima;182;BR-393/RJ;Pista Norte;Colisão com veículos (traseira);1;;1;;;;;;;;3;;;;
11/12/2015;01:02:00;5;com vítima;210,7;BR-393/RJ;Pista Sul;Atropelamento de animais;1;;;;;;;;;;0;1;;;
11/12/2015;21:12:00;89;sem vítima;286;BR-393/RJ;Pista Sul;Engavetamento;3;;;;;;;;;;3;;;;
12/12/2015;00:41:00;13;sem vítima;102,3;BR-393/RJ;Pista Sul;Colisão lateral no sentido contrário;1;;1;;;;;;;;2;;;;
12/12/2015;21:18:00;101;com vítima;179,322;BR-393/RJ;Pista Norte;Acidentes de outra natureza;;1;;;;;;;;;0;;1;;
12/12/2015;23:28:00;109;com vítima;179,73;BR-393/RJ;Pista Norte;Colisão lateral no sentido contrário;2;;1;;;;;;;;1;4;;;
12/12/2015;01:11:00;14;sem vítima;242,465;BR-393/RJ;Pista Norte;Acidentes de outra natureza;;;1;;;;;;;;1;;;;
12/12/2015;18:38:00;87;com vítima;261,326;BR-393/RJ;Pista Norte;Colisão c/ obstáculos;1;;;;;;;;;;0;3;1;;
12/12/2015;02:17:00;27;sem vítima;2,5;Alça Sul;Pista Sul;Atropelamento de animais;1;;;;;;;;;;1;;;;
12/12/2015;09:05:00;52;sem vítima;281,519;BR-393/RJ;Pista Norte;Engavetamento;3;;;;;;;;;;4;;;;
13/12/2015;19:06:00;48;sem vítima;122,921;BR-393/RJ;Pista Sul;Tombamento;;;1;;;;;;;;1;;;;
13/12/2015;22:20:00;73;sem vítima;134;BR-393/RJ;Pista Sul;Saídas de pista;;;;;;;;;;1;1;;;;
13/12/2015;04:38:00;17;com vítima;243,8;BR-393/RJ;Pista Norte;Colisão c/ obstáculos;1;;;;;;;;;;0;2;;;
13/12/2015;05:00:00;19;com vítima;256,04;BR-393/RJ;Pista Norte;Saídas de pista;1;;;;;;;;;;0;1;;;
13/12/2015;22:14:00;72;sem vítima;284,2;BR-393/RJ;Pista Sul;Colisão com veículos (traseira);1;;;1;;;;;;;2;;;;
13/12/2015;20:22:00;58;com vítima;286;BR-393/RJ;Pista Norte;Colisão com veículos (traseira);2;;;;;;;;;;2;1;;;
14/12/2015;01:23:00;3;com vítima;119;BR-393/RJ;Pista Sul;Saídas de pista;1;;;;;;;;;;0;2;;;
14/12/2015;15:09:00;53;com vítima;278,898;BR-393/RJ;Pista Sul;Engavetamento;2;;1;;;;;;;;2;2;;;
14/12/2015;19:09:00;63;com vítima;284,2;BR-393/RJ;Pista Norte;Atropelamento de pedestre;1;1;;;;;;;;;1;;;1;
15/12/2015;15:05:00;41;sem vítima;273;BR-393/RJ;Pista Norte;Saídas de pista;;;1;;;;;;;;1;;;;
15/12/2015;23:31:00;85;sem vítima;285,2;BR-393/RJ;Pista Norte;Acidentes de outra natureza;;;;1;;;;;;;1;;;;
17/12/2015;21:03:00;77;sem vítima;142,5;BR-393/RJ;Pista Sul;Colisão com veículos (traseira);2;;;;;;;;;;3;;;;
17/12/2015;05:54:00;30;com vítima;171,175;BR-393/RJ;Pista Sul;Colisão com veículos (frontal);1;;1;;;;;;;;1;3;;;
17/12/2015;09:25:00;33;sem vítima;284,252;BR-393/RJ;Pista Norte;Colisão lateral no sentido contrário;2;;;;;;;;;;3;;;;
18/12/2015;20:02:00;50;com vítima;180,7;BR-393/RJ;Pista Norte;Atropelamento de pedestre;;1;;1;;;;;;;0;1;1;;
18/12/2015;17:47:00;45;sem vítima;187,05;BR-393/RJ;Pista Norte;Colisão lateral no mesmo sentido;1;;1;;;;;;;;4;;;;
18/12/2015;15:19:00;35;sem vítima;283,406;BR-393/RJ;Pista Norte;Colisão com veículos (traseira);2;;;;;;;;;;2;;;;
19/12/2015;04:24:00;18;sem vítima;139,2;BR-393/RJ;Pista Norte;Saídas de pista;1;;;;;;;;;;5;;;;
19/12/2015;05:44:00;20;sem vítima;1,937;Alça Sul;Pista Norte;Atropelamento de animais;1;;;;;;;;;;1;;;;
19/12/2015;15:09:00;64;sem vítima;277;BR-393/RJ;Pista Norte;Engavetamento;2;;1;;;;;;;;7;;;;