data;horario;n_da_ocorrencia;tipo_de_ocorrencia;km;trecho;sentido;tipo_de_acidente;automovel;bicicleta;caminhao;moto;onibus;outros;tracao_animal;transporte_de_cargas_especiais;trator_maquinas;utilitarios;ilesos;levemente_feridos;moderadamente_feridos;gravemente_feridos;mortos
12/03/2016;10:27:00;35;com vítima;238,6;BR-393/RJ;Pista Norte;Colisão lateral no sentido contrário;1;;1;;;;;;;;1;2;;;
12/03/2016;17:53:00;82;com vítima;172,23;BR-393/RJ;Pista Norte;Colisão c/ obstáculos;1;;;;;;;;;;0;1;;;
12/03/2016;20:16:00;90;sem vítima;284;BR-393/RJ;Pista Norte;Colisão com veículos (traseira);2;;;;;;;;;;2;;;;
13/03/2016;04:15:00;5;com vítima;188,175;BR-393/RJ;Pista Sul;Acidente - Outra Natureza;;;;1;;;;;;;0;;1;;
13/03/2016;16:49:00;69;com vítima;201,546;BR-393/RJ;Pista Norte;Tombamento;;;1;;;;;;;;0;1;;;
13/03/2016;19:07:00;76;com vítima;278,349;BR-393/RJ;Pista Sul;Colisão lateral no sentido contrário;2;;;;;;;;;;1;3;;;
13/03/2016;21:42:00;82;com vítima;285;BR-393/RJ;Pista Norte;Acidente - Outra Natureza;;;;1;;;;;;;0;2;;;
14/03/2016;16:21:00;50;com vítima;102;BR-393/RJ;Pista Norte;Colisão lateral no sentido contrário;1;;1;;;;;;;;1;1;;;
15/03/2016;13:48:00;46;com vítima;184;BR-393/RJ;Pista Norte;Colisão lateral no sentido contrário;1;;1;;;;;;;;5;2;;;
15/03/2016;14:16:00;50;com vítima;139,381;BR-393/RJ;Pista Norte;Tombamento;;;1;;;;;;;;0;;1;;
15/03/2016;16:04:00;56;com vítima;175,6;BR-393/RJ;Pista Norte;Tombamento;;;1;;;;;;;;0;1;;;
16/03/2016;05:23:00;11;com vítima;169,572;BR-393/RJ;Pista Sul;Colisão c/ obstáculos;;;;;1;;;;;;1;22;6;;
16/03/2016;12:11:00;53;sem vítima;286;BR-393/RJ;Pista Norte;Colisão lateral no mesmo sentido;1;;1;;;;;;;;2;;;;
16/03/2016;14:09:00;62;com vítima;172,206;BR-393/RJ;Pista Sul;Tombamento;;;1;;;;;;;;0;1;;;
16/03/2016;15:36:00;71;com vítima;178,197;BR-393/RJ;Pista Sul;Engavetamento;1;;2;;;;;;;;1;4;;;
16/03/2016;21:19:00;101;com vítima;274;BR-393/RJ;Pista Sul;Capotamento;1;;;;;;;;;;0;2;;;
17/03/2016;08:56:00;32;com vítima;170,923;BR-393/RJ;Pista Norte;Colisão com veículos (traseira);1;;1;;;;;;;;2;1;;;
17/03/2016;14:58:00;77;sem vítima;132;BR-393/RJ;Pista Norte;Engavetamento;3;;1;;;;;;;;4;;;;
17/03/2016;18:20:00;84;com vítima;286;BR-393/RJ;Pista Norte;Colisão lateral no sentido contrário;1;;;1;;;;;;;1;1;;;
18/03/2016;10:32:00;44;sem vítima;111,5;BR-393/RJ;Pista Norte;Saídas de pista;1;;;;;;;;;;1;;;;
18/03/2016;19:15:00;77;com vítima;236,259;BR-393/RJ;Pista Sul;Acidente - Outra Natureza;;;;1;;;;;;;0;1;;;
18/03/2016;22:20:00;90;sem vítima;125;BR-393/RJ;Pista Norte;Colisão com veículos (frontal);1;;1;;;;;;;;4;;;;
19/03/2016;06:17:00;19;com vítima;174,3;BR-393/RJ;Pista Sul;Colisão c/ obstáculos;1;;;;;;;;;;0;1;;;
19/03/2016;16:43:00;58;sem vítima;148,1;BR-393/RJ;Pista Norte;Saídas de pista;1;;;;;;;;;;1;;;;
19/03/2016;21:33:00;70;com vítima;235;BR-393/RJ;Pista Norte;Acidente - Outra Natureza;;;;1;;;;;;;0;;1;;
20/03/2016;19:42:00;65;com vítima;132,095;BR-393/RJ;Pista Sul;Abalroamento - Sentido Oposto;1;;;;;;;;;1;2;2;;;
21/03/2016;07:01:00;29;sem vítima;167,766;BR-393/RJ;Pista Norte;Colisão com veículos (traseira);2;;;;;;;;;;2;;;;
21/03/2016;13:59:00;84;sem vítima;285;BR-393/RJ;Pista Sul;Colisão com veículos (traseira);2;;;;;;;;;;2;;;;
21/03/2016;15:49:00;94;sem vítima;257,9;BR-393/RJ;Pista Sul;Colisão c/ obstáculos;1;;;;;;;;;;1;;;;
21/03/2016;17:24:00;102;com vítima;285;BR-393/RJ;Pista Sul;Colisão com veículos (frontal);1;;1;;;;;;;1;4;1;;;
21/03/2016;17:46:00;104;com vítima;283;BR-393/RJ;Pista Norte;Acidente - Outra Natureza;1;1;;;;;;;;;1;1;;;
23/03/2016;17:45:00;86;com vítima;282,6;BR-393/RJ;Pista Norte;Atropelamento - Pedestre;1;1;;;;;;;;;1;1;;;
24/03/2016;11:40:00;53;com vítima;169,75;BR-393/RJ;Pista Sul;Acidente - Outra Natureza;;;;1;;;;;;;0;1;;;
24/03/2016;13:05:00;61;com vítima;114,399;BR-393/RJ;Pista Norte;Tombamento;;;1;;;;;;;;0;;;;1
24/03/2016;22:54:00;131;sem vítima;208,9;BR-393/RJ;Pista Sul;Saídas de pista;1;;;;;;;;;;4;;;;
25/03/2016;19:01:00;95;com vítima;238;BR-393/RJ;Pista Norte;Colisão lateral no sentido contrário;1;;;1;;;;;;;5;2;;;
26/03/2016;03:11:00;10;sem vítima;228,9;BR-393/RJ;Pista Norte;Acidente - Outra Natureza;1;;;;;;;;;;2;;;;
26/03/2016;13:55:00;33;sem vítima;234,94;BR-393/RJ;Pista Sul;Acidente - Outra Natureza;1;;;;;;;;;;2;;;;
26/03/2016;15:39:00;36;com vítima;211,222;BR-393/RJ;Pista Sul;Saídas de pista;;;;;;;;;;1;0;2;;;
26/03/2016;17:31:00;44;sem vítima;257,8;BR-393/RJ;Pista Sul;Capotamento;1;;;;;;;;;;2;;;;
27/03/2016;16:38:00;56;sem vítima;168,6;BR-393/RJ;Pista Norte;Colisão com veículos (traseira);2;;;;;;;;;;5;;;;
02/04/2016;10:34:00;36;sem vítima;252,361;BR-393/RJ;Pista Sul;Colisão com veículos (traseira);2;;;;;;;;;;5;;;;
02/04/2016;18:20:00;77;com vítima;177,375;BR-393/RJ;Pista Norte;Colisão lateral no sentido contrário;3;;;;;;;;;;1;5;;;
04/04/2016;16:13:00;55;sem vítima;257;BR-393/RJ;Pista Sul;Colisão com veículos (traseira);1;;1;;;;;;;;2;;;;
04/04/2016;21:57:00;73;com vítima;284;BR-393/RJ;Pista Norte;Colisão lateral no mesmo sentido;1;;;1;;;;;;;1;1;;;
06/04/2016;23:03:00;127;com vítima;186;BR-393/RJ;Pista Norte;Saídas de pista;1;;;;;;;;;;0;1;;;
07/04/2016;08:19:00;27;com vítima;168,3;BR-393/RJ;Pista Norte;Colisão com veículos (traseira);;;1;1;;;;;;;1;1;;;
08/04/2016;00:59:00;11;sem vítima;251,05;BR-393/RJ;Pista Sul;Capotamento;1;;;;;;;;;;1;;;;
08/04/2016;09:06:00;24;com vítima;217;BR-393/RJ;Pista Sul;Colisão c/ obstáculos;;;2;;;;;;;;1;1;;;
08/04/2016;21:25:00;75;sem vítima;251;BR-393/RJ;Pista Sul;Colisão lateral no mesmo sentido;2;;;;;;;;;;2;;;;
09/04/2016;09:33:00;25;com vítima;1,643;Alça Sul;Pista Norte;Colisão lateral no sentido contrário;2;;;;;;;;;;0;7;;;
09/04/2016;13:56:00;41;sem vítima;255,667;BR-393/RJ;Pista Norte;Colisão com veículos (traseira);2;;;;;;;;;;4;;;;
09/04/2016;14:24:00;43;sem vítima;255;BR-393/RJ;Pista Norte;Colisão com veículos (traseira);2;;;;;;;;;;2;;;;
09/04/2016;23:59:00;79;com vítima;279;BR-393/RJ;Pista Norte;Colisão com veículos (frontal);1;;;1;;;;;;;1;1;;;
10/04/2016;05:02:00;16;sem vítima;284,4;BR-393/RJ;Pista Sul;Colisão c/ obstáculos;1;;;;;;;;;;1;;;;
10/04/2016;05:34:00;18;sem vítima;283,6;BR-393/RJ;Pista Sul;Saídas de pista;1;;;;;;;;;;1;;;;
10/04/2016;16:18:00;44;com vítima;212,158;BR-393/RJ;Pista Norte;Colisão lateral no mesmo sentido;1;;1;;;;;;;;1;3;;;
11/04/2016;17:56:00;58;com vítima;284;BR-393/RJ;Pista Norte;Colisão com veículos (traseira);1;;;1;;;;;;;1;1;;;
12/04/2016;05:43:00;13;sem vítima;170,9;BR-393/RJ;Pista Sul;Saídas de pista;1;;;;;;;;;;1;;;;
13/04/2016;18:23:00;89;sem vítima;237;BR-393/RJ;Pista Sul;Colisão lateral no mesmo sentido;1;;1;;;;;;;;2;;;;
13/04/2016;19:30:00;92;com vítima;283;BR-393/RJ;Pista Norte;Colisão lateral no sentido contrário;;;1;1;;;;;;;1;1;2;;
13/04/2016;23:01:00;98;com vítima;114;BR-393/RJ;Pista Norte;Colisão c/ obstáculos;;;1;;;;;;;;0;2;;;
14/04/2016;07:22:00;26;sem vítima;130;BR-393/RJ;Pista Norte;Saídas de pista;1;;;;;;;;;;3;;;;
14/04/2016;11:09:00;49;com vítima;201,3;BR-393/RJ;Pista Norte;Colisão c/ obstáculos;1;;;;;;;;;;0;1;;;
15/04/2016;04:39:00;14;sem vítima;229,369;BR-393/RJ;Pista Norte;Saídas de pista;1;;;;;;;;;;2;;;;
15/04/2016;06:05:00;15;com vítima;284,052;BR-393/RJ;Pista Norte;Colisão com veículos (frontal);2;;;;;;;;;;1;1;;;
15/04/2016;09:50:00;27;com vítima;168,768;BR-393/RJ;Pista Norte;Colisão lateral no mesmo sentido;1;;;1;;;;;;;0;2;;;
15/04/2016;14:55:00;44;com vítima;182;BR-393/RJ;Pista Norte;Colisão com veículos (traseira);;;2;;;;;;;;0;2;;;
16/04/2016;18:41:00;37;com vítima;172,288;BR-393/RJ;Pista Sul;Colisão com veículos (frontal);2;;;;;;;;;;8;3;;;
17/04/2016;06:55:00;16;sem vítima;233,987;BR-393/RJ;Pista Sul;Acidente - Outra Natureza;1;;1;;;;;;;;3;;;;
17/04/2016;19:05:00;50;com vítima;271;BR-393/RJ;Pista Norte;Atropelamento - Pedestre;;1;;;1;;;;;;1;;1;;
17/04/2016;19:31:00;53;com vítima;141,502;BR-393/RJ;Pista Sul;Colisão com veículos (traseira);1;;1;;;;;;;;1;1;1;;
18/04/2016;18:38:00;100;sem vítima;283,399;BR-393/RJ;Pista Norte;Colisão lateral no mesmo sentido;1;;1;;;;;;;;2;;;;
19/04/2016;13:54:00;36;sem vítima;238,597;BR-393/RJ;Pista Norte;Colisão lateral no sentido contrário;2;;;;;;;;;;3;;;;
20/04/2016;14:31:00;46;sem vítima;268,301;BR-393/RJ;Pista Sul;Colisão lateral no sentido contrário;1;;1;;;;;;;;2;;;;
20/04/2016;16:09:00;50;sem vítima;107,022;BR-393/RJ;Pista Norte;Colisão lateral no mesmo sentido;2;;;;;;;;;;2;;;;
22/04/2016;05:21:00;25;com vítima;146,007;BR-393/RJ;Pista Norte;Acidente - Outra Natureza;;;;1;;;;;;;0;1;;;
23/04/2016;04:20:00;9;com vítima;217,744;BR-393/RJ;Pista Sul;Acidente - Outra Natureza;;;;1;;;;;;;0;1;;;
23/04/2016;19:32:00;42;sem vítima;143,423;BR-393/RJ;Pista Norte;Atropelamento - Animal;1;;;;;;;;;;1;;;;
24/04/2016;01:58:00;16;com vítima;285;BR-393/RJ;Pista Sul;Colisão c/ obstáculos;1;;;;;;;;;;0;2;;;
24/04/2016;06:34:00;19;com vítima;169,377;BR-393/RJ;Pista Norte;Capotamento;1;;;;;;;;;;0;1;;;
24/04/2016;21:32:00;50;com vítima;248,8;BR-393/RJ;Pista Sul;Colisão com veículos (frontal);2;;;;;;;;;;4;;1;;
24/04/2016;23:15:00;54;com vítima;254,112;BR-393/RJ;Pista Norte;Colisão com veículos (frontal);1;;;1;;;;;;;0;2;1;;
25/04/2016;09:09:00;17;com vítima;175,49;BR-393/RJ;Pista Sul;Acidente - Outra Natureza;;;;1;;;;;;;0;1;;;
25/04/2016;19:12:00;93;sem vítima;178,4;BR-393/RJ;Pista Norte;Colisão lateral no mesmo sentido;2;;;;;;;;;;3;;;;
26/04/2016;07:24:00;24;sem vítima;236,78;BR-393/RJ;Pista Sul;Colisão lateral no sentido contrário;2;;;;;;;;;;4;;;;
27/04/2016;07:01:00;17;sem vítima;285,6;BR-393/RJ;Pista Norte;Colisão com veículos (traseira);1;;;;1;;;;;;2;;;;
27/04/2016;11:35:00;42;com vítima;121,253;BR-393/RJ;Pista Sul;Colisão c/ obstáculos;1;;;;;;;;;;0;1;;;
27/04/2016;13:45:00;48;com vítima;102,69;BR-393/RJ;Pista Norte;Colisão lateral no mesmo sentido;1;;;1;;;;;;;1;1;;;
27/04/2016;18:07:00;64;com vítima;233,941;BR-393/RJ;Pista Sul;Colisão lateral no mesmo sentido;1;;;1;;;;;;;2;1;;;
28/04/2016;08:14:00;19;com vítima;193,437;BR-393/RJ;Pista Sul;Acidente - Outra Natureza;;1;;;;;;;;;0;1;;;
29/04/2016;14:04:00;39;com vítima;257;BR-393/RJ;Pista Sul;Colisão lateral no mesmo sentido;1;;1;;;;;;;;1;1;;;
29/04/2016;21:43:00;76;com vítima;284,3;BR-393/RJ;Pista Norte;Colisão com veículos (traseira);2;;;;;;;;;;2;2;;;
30/04/2016;15:11:00;65;sem vítima;243,443;BR-393/RJ;Pista Norte;Acidente - Outra Natureza;3;;;;;;;;;;3;;;;
30/04/2016;20:26:00;83;com vítima;276,5;BR-393/RJ;Pista Sul;Colisão lateral no sentido contrário;2;;;;;;;;;;2;1;;;
30/04/2016;22:36:00;88;sem vítima;262;BR-393/RJ;Pista Norte;Saídas de pista;1;;;;;;;;;;1;;;;
30/04/2016;23:45:00;94;sem vítima;282;BR-393/RJ;Pista Sul;Colisão c/ obstáculos;1;;;;;;;;;;1;;;;
01/05/2016;00:46:00;13;sem vítima;121,191;BR-393/RJ;Pista Norte;Saida de Pista;;;1;;;;;;;;1;;;;
02/05/2016;13:13:00;39;com vítima;258,92;BR-393/RJ;Pista Sul;Queda de Moto;;;;1;;;;;;;0;1;;;
02/05/2016;18:04:00;50;com vítima;251,3;BR-393/RJ;Pista Sul;Atropelamento - Ciclista;;1;;1;;;;;;;1;1;;;
04/05/2016;07:24:00;22;com vítima;284,5;BR-393/RJ;Pista Sul;Colisão Lateral Sentido Oposto;1;;;1;;;;;;;1;1;1;;
04/05/2016;11:59:00;50;com vítima;286;BR-393/RJ;Pista Norte;Colisão Traseira;1;;1;;;;;;;;1;1;;;
04/05/2016;23:42:00;106;com vítima;201,376;BR-393/RJ;Pista Norte;Tombamento;;;1;;;;;;;;0;;1;;
06/05/2016;12:32:00;30;com vítima;232,53;BR-393/RJ;Pista Norte;Colisão Transversal;2;;;;;;;;;;2;2;;;
06/05/2016;13:03:00;32;com vítima;202,897;BR-393/RJ;Pista Sul;Capotamento;1;;;;;;;;;;0;3;;;
06/05/2016;17:39:00;43;com vítima;268,4;BR-393/RJ;Pista Norte;Colisão Transversal;2;;;;;;;;;;6;1;;;
06/05/2016;17:58:00;45;com vítima;252;BR-393/RJ;Pista Norte;Atropelamento - Ciclista;;2;;1;;;;;;;1;2;;;
06/05/2016;21:07:00;55;com vítima;276;BR-393/RJ;Pista Sul;Saida de Pista;1;;;;;;;;;;3;1;;;
07/05/2016;05:12:00;16;com vítima;278,9;BR-393/RJ;Pista Sul;Colisão Frontal;2;;;;;;;;;;2;1;;;
07/05/2016;13:02:00;36;com vítima;237,1;BR-393/RJ;Pista Sul;Colisão Traseira;1;;;1;;;;;;;1;1;;;
07/05/2016;13:33:00;43;com vítima;258,278;BR-393/RJ;Pista Sul;Colisão Transversal;2;;;;;;;;;;5;1;;;
07/05/2016;22:05:00;69;sem vítima;279;BR-393/RJ;Pista Sul;Abalroamento - Mesmo Sentido;2;;;;;;;;;;2;;;;
07/05/2016;22:29:00;70;com vítima;232,127;BR-393/RJ;Pista Norte;Capotamento;1;;;;;;;;;;0;1;;;
09/05/2016;03:55:00;15;sem vítima;220,5;BR-393/RJ;Pista Norte;Tombamento;;;1;;;;;;;;1;;;;
09/05/2016;14:19:00;50;sem vítima;284;BR-393/RJ;Pista Norte;Abalroamento - Mesmo Sentido;1;;1;;;;;;;;2;;;;
09/05/2016;16:00:00;53;com vítima;268;BR-393/RJ;Pista Norte;Colisão Lateral Mesmo Sentido;2;;;;;;;;;;1;2;;;
10/05/2016;12:38:00;24;com vítima;132;BR-393/RJ;Pista Sul;Engavetamento;3;;;;;;;;;;2;3;;;
12/05/2016;18:13:00;75;com vítima;284,2;BR-393/RJ;Pista Norte;Abalroamento - Mesmo Sentido;1;;1;;;;;;;;1;1;;;
13/05/2016;13:02:00;39;com vítima;244;BR-393/RJ;Pista Sul;Choque - Defensa, barreira ou "submarino";1;;;;;;;;;;0;1;;;
13/05/2016;21:43:00;51;sem vítima;225,9;BR-393/RJ;Pista Sul;Saida de Pista;1;;;;;;;;;;6;;;;
14/05/2016;03:51:00;3;sem vítima;253;BR-393/RJ;Pista Sul;Colisão Lateral Mesmo Sentido;2;;;;;;;;;;2;;;;
14/05/2016;06:28:00;15;com vítima;168,794;BR-393/RJ;Pista Norte;Colisão Frontal;1;1;;;;;;;;;0;1;;1;
14/05/2016;08:35:00;18;sem vítima;239,388;BR-393/RJ;Pista Sul;Choque - Defensa, barreira ou "submarino";1;;;;;;;;;;1;;;;
14/05/2016;15:40:00;35;sem vítima;282,3;BR-393/RJ;Pista Norte;Colisão Transversal;2;;;;;;;;;;2;;;;
14/05/2016;18:20:00;38;sem vítima;275;BR-393/RJ;Pista Norte;Colisão Traseira;;;2;;;;;;;;3;;;;
15/05/2016;06:46:00;4;com vítima;164,786;BR-393/RJ;Pista Sul;Queda de Moto;;;;1;;;;;;;0;;;;1
15/05/2016;17:44:00;37;com vítima;166;BR-393/RJ;Pista Norte;Colisão Transversal;2;;;;;;;;;;1;1;;;
15/05/2016;18:20:00;39;sem vítima;282,6;BR-393/RJ;Pista Sul;Colisão Traseira;1;;;1;;;;;;;4;;;;
16/05/2016;15:33:00;65;sem vítima;132;BR-393/RJ;Pista Norte;Colisão Transversal;1;;;;;;;;;1;4;;;;
16/05/2016;17:14:00;71;com vítima;220,145;BR-393/RJ;Pista Norte;Colisão Lateral Mesmo Sentido;2;;;;;;;;;;0;2;;;
18/05/2016;09:32:00;15;com vítima;139;BR-393/RJ;Pista Norte;Tombamento;;;1;;;;;;;;0;;1;;
18/05/2016;14:20:00;31;com vítima;213;BR-393/RJ;Pista Sul;Saida de Pista;;;1;;;;;;;;0;1;;;
19/05/2016;10:51:00;20;com vítima;124,4;BR-393/RJ;Pista Sul;Tombamento;;;1;;;;;;;;0;1;;;
19/05/2016;17:51:00;41;com vítima;168;BR-393/RJ;Pista Sul;Atropelamento - Ciclista;;1;;1;;;;;;;0;2;1;;
22/05/2016;01:18:00;2;sem vítima;269;BR-393/RJ;Pista Norte;Colisão Traseira;2;;;;;;;;;;4;;;;
22/05/2016;04:54:00;7;sem vítima;125;BR-393/RJ;Pista Sul;Choque - Defensa, barreira ou "submarino";;;;;1;;;;;;26;;;;
23/05/2016;00:36:00;2;com vítima;152,567;BR-393/RJ;Pista Sul;Tombamento;;;1;;;;;;;;0;1;;;
23/05/2016;08:39:00;11;com vítima;257,962;BR-393/RJ;Pista Norte;Colisão Transversal;;;;;1;;;;;1;2;;1;;
24/05/2016;00:55:00;10;sem vítima;275,409;BR-393/RJ;Pista Sul;Choque - Poste;;;1;;;;;;;;1;;;;
24/05/2016;19:13:00;89;com vítima;128,5;BR-393/RJ;Pista Sul;Colisão Transversal;;;1;1;;;;;;;0;1;;;1
25/05/2016;03:27:00;5;com vítima;187;BR-393/RJ;Pista Sul;Colisão Traseira;1;;1;;;;;;;;1;1;;;
25/05/2016;17:00:00;57;com vítima;175,5;BR-393/RJ;Pista Norte;Colisão Traseira;1;;;;;;;;;1;1;1;;;
26/05/2016;18:39:00;27;sem vítima;286;BR-393/RJ;Pista Sul;Colisão Traseira;2;;;;;;;;;;2;;;;
26/05/2016;19:07:00;29;com vítima;218;BR-393/RJ;Pista Sul;Saida de Pista;1;;;;;;;;;;0;1;;;
27/05/2016;19:02:00;31;com vítima;285,95;BR-393/RJ;Pista Sul;Colisão Transversal;1;;;1;;;;;;;1;1;;;
27/05/2016;21:39:00;36;sem vítima;251;BR-393/RJ;Pista Norte;Colisão Traseira;1;;;1;;;;;;;2;;;;
28/05/2016;10:12:00;22;com vítima;105;BR-393/RJ;Pista Norte;Colisão Lateral Mesmo Sentido;1;;;1;;;;;;;2;1;;;
30/05/2016;07:39:00;14;com vítima;254,2;BR-393/RJ;Pista Sul;Abalroamento - Mesmo Sentido;1;;2;;;;;;;;3;1;;;
30/05/2016;13:35:00;31;sem vítima;177,7;BR-393/RJ;Pista Sul;Colisão Traseira;2;;;;;;;;;;4;;;;
30/05/2016;19:04:00;56;sem vítima;184,123;BR-393/RJ;Pista Sul;Choque - Arvore;1;;;;;;;;;;1;;;;
30/05/2016;20:00:00;60;com vítima;218;BR-393/RJ;Pista Sul;Colisão Transversal;1;;1;;;;;;;;2;1;1;1;
31/05/2016;09:52:00;19;sem vítima;130,2;BR-393/RJ;Pista Sul;Saida de Pista;1;;;;;;;;;;1;;;;
01/06/2016;16:13:00;66;sem vítima;155;BR-393/RJ;Pista Norte;Colisão c/ obstáculos;1;;;;;;;;;;1;;;;
02/06/2016;13:06:00;51;sem vítima;282,9;BR-393/RJ;Pista Norte;Colisão lateral no sentido contrário;1;;1;;;;;;;;3;;;;
02/06/2016;14:43:00;53;sem vítima;218,6;BR-393/RJ;Pista Norte;Colisão lateral no mesmo sentido;;;2;;;;;;;;2;;;;
03/06/2016;07:14:00;21;sem vítima;238,5;BR-393/RJ;Pista Sul;Colisão lateral no sentido contrário;2;;;;;;;;;;2;;;;
03/06/2016;13:21:00;40;sem vítima;278,8;BR-393/RJ;Pista Sul;Colisão lateral no mesmo sentido;1;;;1;;;;;;;2;;;;
03/06/2016;19:24:00;64;sem vítima;279;BR-393/RJ;Pista Norte;Saídas de pista;1;;;;;;;;;;1;;;;
04/06/2016;19:01:00;56;com vítima;222,502;BR-393/RJ;Pista Norte;Colisão com veículos (frontal);1;;;1;;;;;;;1;;;1;1
05/06/2016;03:20:00;20;sem vítima;262,797;BR-393/RJ;Pista Norte;Colisão c/ obstáculos;1;;;;;;;;;;3;;;;
05/06/2016;16:12:00;41;com vítima;174,531;BR-393/RJ;Pista Norte;Acidentes de outra natureza;;;;1;;;;;;;0;1;;;
06/06/2016;08:00:00;22;sem vítima;201,43;BR-393/RJ;Pista Norte;Saídas de pista;;;1;;;;;;;;2;;;;
07/06/2016;21:41:00;45;sem vítima;284,2;BR-393/RJ;Pista Sul;Saídas de pista;1;;;;;;;;;;1;;;;
10/06/2016;11:07:00;52;sem vítima;168,7;BR-393/RJ;Pista Sul;Colisão lateral no sentido contrário;2;;;;;;;;;;2;;;;
10/06/2016;11:47:00;54;sem vítima;218,7;BR-393/RJ;Pista Sul;Colisão lateral no mesmo sentido;2;;;;;;;;;;6;;;;
10/06/2016;14:18:00;62;sem vítima;281,35;BR-393/RJ;Pista Norte;Engavetamento;3;;;;;;;;;;3;;;;
10/06/2016;15:03:00;64;com vítima;103,1;BR-393/RJ;Pista Sul;Saídas de pista;1;;;;;;;;;;0;1;;;
11/06/2016;03:19:00;3;sem vítima;219,6;BR-393/RJ;Pista Norte;Atropelamento de animais;;;1;;;;;;;;1;;;;
11/06/2016;06:11:00;14;com vítima;235;BR-393/RJ;Pista Norte;Colisão lateral no sentido contrário;1;;1;;;;;;;;1;1;;1;
11/06/2016;18:29:00;40;com vítima;176;BR-393/RJ;Pista Sul;Atropelamento de pedestre;1;;;;;;;;;;1;;;1;
12/06/2016;01:22:00;9;sem vítima;230;BR-393/RJ;Pista Sul;Capotamento;1;;;;;;;;;;1;;;;
12/06/2016;07:00:00;13;sem vítima;182;BR-393/RJ;Pista Sul;Colisão c/ obstáculos;1;;;;;;;;;;1;;;;
12/06/2016;09:42:00;20;com vítima;103;BR-393/RJ;Pista Norte;Colisão lateral no sentido contrário;1;;1;;;;;;;;2;1;;;
13/06/2016;21:47:00;112;com vítima;257,1;BR-393/RJ;Pista Norte;Atropelamento de pedestre;;1;1;;;;;;;;2;1;;;
14/06/2016;17:34:00;59;sem vítima;286;BR-393/RJ;Pista Sul;Colisão com veículos (traseira);2;;;;;;;;;;2;;;;
15/06/2016;16:29:00;41;sem vítima;284,95;BR-393/RJ;Pista Sul;Colisão com veículos (traseira);2;;;;;;;;;;2;;;;
16/06/2016;10:29:00;16;com vítima;274,121;BR-393/RJ;Pista Sul;Tombamento;;;1;;;;;;;;0;1;;;
17/06/2016;00:16:00;6;com vítima;246,565;BR-393/RJ;Pista Sul;Capotamento;1;;;;;;;;;;0;1;;;
17/06/2016;09:38:00;36;sem vítima;135,45;BR-393/RJ;Pista Norte;Colisão com veículos (traseira);2;;;;;;;;;;5;;;;
17/06/2016;23:15:00;90;com vítima;236,566;BR-393/RJ;Pista Sul;Colisão lateral no sentido contrário;2;;;;;;;;;;1;4;;;
18/06/2016;10:35:00;31;com vítima;282;BR-393/RJ;Pista Sul;Colisão com veículos (traseira);1;;;1;;;;;;;1;1;;;
19/06/2016;15:57:00;29;sem vítima;238;BR-393/RJ;Pista Norte;Colisão lateral no sentido contrário;1;;;1;;;;;;;2;;;;
19/06/2016;18:17:00;36;com vítima;219;BR-393/RJ;Pista Norte;Colisão com veículos (frontal);3;;;1;;;;;;;4;;1;;
19/06/2016;20:56:00;44;sem vítima;282;BR-393/RJ;Pista Norte;Colisão com veículos (traseira);2;;;;;;;;;;2;;;;
19/06/2016;21:37:00;46;sem vítima;284;BR-393/RJ;Pista Norte;Colisão com veículos (traseira);2;;;;;;;;;;2;;;;
22/06/2016;06:52:00;22;com vítima;168;BR-393/RJ;Pista Norte;Colisão lateral no sentido contrário;1;;;2;;;;;;;3;1;;;