data;horario;n_da_ocorrencia;tipo_de_ocorrencia;km;trecho;sentido;tipo_de_acidente;automovel;bicicleta;caminhao;moto;onibus;outros;tracao_animal;transporte_de_cargas_especiais;trator_maquinas;utilitarios;ilesos;levemente_feridos;moderadamente_feridos;gravemente_feridos;mortos
14/09/2016;07:13:00;15;sem vítima;285,6;BR-393/RJ;Pista Sul;Colisão lateral no mesmo sentido;1;;1;;;;;;;;2;;;;
14/09/2016;13:54:00;36;com vítima;104;BR-393/RJ;Pista Sul;Atropelamento de pedestre;;;;1;;;;;;;1;1;;;
14/09/2016;22:53:00;69;sem vítima;217;BR-393/RJ;Pista Norte;Colisão lateral no mesmo sentido;;;;;1;;;;;;1;;;;
15/09/2016;16:30:00;54;com vítima;238,683;BR-393/RJ;Pista Norte;Colisão lateral no sentido contrário;2;;;;;;;;;;1;;2;;
16/09/2016;08:45:00;28;sem vítima;285,483;BR-393/RJ;Pista Sul;Colisão lateral no mesmo sentido;1;;1;;;;;;;;2;;;;
16/09/2016;11:39:00;49;com vítima;103;BR-393/RJ;Pista Norte;Colisão lateral no sentido contrário;;;;2;;;;;;;0;1;1;;
16/09/2016;20:16:00;77;com vítima;152;BR-393/RJ;Pista Norte;Colisão c/ obstáculos;1;;;;;;;;;;0;3;;;
17/09/2016;05:46:00;15;com vítima;123,5;BR-393/RJ;Pista Norte;Acidentes de outra natureza;;;1;;;;;;;;0;1;;;
17/09/2016;07:17:00;24;com vítima;198,72;BR-393/RJ;Pista Sul;Colisão lateral no sentido contrário;;;2;;;;;;;1;0;4;;;
17/09/2016;21:52:00;70;com vítima;141;BR-393/RJ;Pista Sul;Colisão com veículos (traseira);1;;;1;;;;;;;2;1;;;
18/09/2016;18:03:00;36;com vítima;274;BR-393/RJ;Pista Norte;Atropelamento de pedestre;1;1;;;;;;;;;1;;1;;
18/09/2016;22:04:00;51;sem vítima;278;BR-393/RJ;Pista Sul;Saídas de pista;1;;;;;;;;;;1;;;;
19/09/2016;07:15:00;15;com vítima;179,9;BR-393/RJ;Pista Norte;Engavetamento;3;;1;;;;;;;;1;5;;;
19/09/2016;08:27:00;17;com vítima;133,8;BR-393/RJ;Pista Norte;Colisão com veículos (traseira);;;2;;;;;;;;1;1;;;
19/09/2016;16:45:00;55;com vítima;250,5;BR-393/RJ;Pista Norte;Atropelamento de animais;;;;1;;;;;;;0;2;;;
19/09/2016;21:21:00;61;com vítima;283,752;BR-393/RJ;Pista Norte;Colisão com veículos (frontal);1;;;1;;;;;;;1;1;;;
19/09/2016;22:01:00;64;sem vítima;283,834;BR-393/RJ;Pista Sul;Colisão com veículos (traseira);2;;;;;;;;;;3;;;;
21/09/2016;08:38:00;23;sem vítima;131;BR-393/RJ;Pista Norte;Colisão lateral no sentido contrário;2;;;;;;;;;;5;;;;
21/09/2016;09:06:00;26;com vítima;232;BR-393/RJ;Pista Norte;Colisão com veículos (traseira);1;;;1;;;;;;;1;2;;;
21/09/2016;09:27:00;29;com vítima;285;BR-393/RJ;Pista Norte;Colisão com veículos (traseira);1;;;1;;;;;;;1;1;;;
22/09/2016;09:22:00;29;sem vítima;253;BR-393/RJ;Pista Norte;Colisão com veículos (traseira);2;;;;;;;;;;2;;;;
22/09/2016;10:08:00;33;sem vítima;168;BR-393/RJ;Pista Sul;Colisão com veículos (traseira);;;1;;;;;;;1;2;;;;
22/09/2016;17:36:00;56;com vítima;171,7;BR-393/RJ;Pista Norte;Colisão lateral no sentido contrário;;;2;;;;;;;;1;1;;;
23/09/2016;15:56:00;53;sem vítima;281;BR-393/RJ;Pista Norte;Engavetamento;3;;;;;;;;;;3;;;;
23/09/2016;18:42:00;66;sem vítima;280,116;BR-393/RJ;Pista Sul;Colisão lateral no sentido contrário;2;;;;;;;;;;2;;;;
23/09/2016;22:38:00;78;com vítima;184,078;BR-393/RJ;Pista Sul;Saídas de pista;1;;;;;;;;;;0;1;;;
24/09/2016;14:33:00;39;com vítima;285,9;BR-393/RJ;Pista Norte;Atropelamento de pedestre;;;1;;;;;;;;2;;;;1
24/09/2016;15:15:00;41;com vítima;265;BR-393/RJ;Pista Norte;Colisão com veículos (traseira);;;1;1;;;;;;;0;3;;;
24/09/2016;17:13:00;44;sem vítima;111;BR-393/RJ;Pista Sul;Colisão com veículos (traseira);1;;1;;;;;;;;2;;;;
24/09/2016;19:18:00;56;sem vítima;279;BR-393/RJ;Pista Norte;Colisão lateral no sentido contrário;2;;;;;;;;;;2;;;;
25/09/2016;14:08:00;44;com vítima;263;BR-393/RJ;Pista Sul;Acidentes de outra natureza;;;;1;;;;;;;1;1;;;
25/09/2016;17:52:00;51;com vítima;242,461;BR-393/RJ;Pista Norte;Colisão lateral no sentido contrário;1;;1;;;;;;;;1;;;2;3
25/09/2016;19:26:00;58;com vítima;201,434;BR-393/RJ;Pista Norte;Capotamento;;;;;;;;;;1;0;1;1;;
25/09/2016;19:28:00;59;com vítima;139,5;BR-393/RJ;Pista Sul;Colisão com veículos (frontal);1;;1;;;;;;;;1;;;1;
26/09/2016;17:50:00;59;sem vítima;285;BR-393/RJ;Pista Sul;Colisão lateral no sentido contrário;1;;1;;;;;;;;2;;;;
26/09/2016;18:56:00;62;com vítima;283;BR-393/RJ;Pista Norte;Atropelamento de pedestre;1;1;;;;;;;;;1;1;;;
27/09/2016;18:49:00;55;com vítima;250,4;BR-393/RJ;Pista Norte;Colisão lateral no mesmo sentido;1;;;1;;;;;;;1;1;;;
28/09/2016;04:30:00;12;sem vítima;203,268;BR-393/RJ;Pista Sul;Colisão c/ obstáculos;1;;;;;;;;;;1;;;;
28/09/2016;16:46:00;78;sem vítima;215,775;BR-393/RJ;Pista Sul;Colisão com veículos (traseira);1;;;;;1;;;;1;16;;;;
29/09/2016;08:21:00;33;sem vítima;285;BR-393/RJ;Pista Sul;Colisão lateral no mesmo sentido;1;;1;;;;;;;;2;;;;
29/09/2016;18:11:00;76;sem vítima;169,69;BR-393/RJ;Pista Sul;Saídas de pista;1;;;;;;;;;;1;;;;
29/09/2016;18:35:00;77;com vítima;285,9;BR-393/RJ;Pista Sul;Colisão com veículos (traseira);1;;;1;;;;;;;1;1;;;
29/09/2016;19:39:00;82;sem vítima;265,6;BR-393/RJ;Pista Sul;Colisão lateral no mesmo sentido;1;;1;;;;;;;;2;;;;
30/09/2016;14:29:00;52;sem vítima;258,6;BR-393/RJ;Pista Sul;Colisão lateral no mesmo sentido;2;;;;;;;;;;4;;;;
01/10/2016;06:36:00;15;com vítima;195;BR-393/RJ;Sul;Colisão Traseira;1;;1;;;;;;;;2;2;;;
01/10/2016;08:52:00;20;com vítima;266;BR-393/RJ;Norte;Queda de Moto;;;;1;;;;;;;0;1;;;
01/10/2016;17:48:00;47;com vítima;142,1;BR-393/RJ;Norte;Colisão Transversal;1;;;1;;;;;;;1;2;;;
01/10/2016;19:44:00;53;com vítima;237;BR-393/RJ;Norte;Colisão Transversal;2;;;;;;;;;;1;;1;;
02/10/2016;17:45:00;46;com vítima;119;BR-393/RJ;Norte;Capotamento;1;;;;;;;;;;0;1;;;
03/10/2016;17:16:00;55;sem vítima;255,681;BR-393/RJ;Sul;Colisão Traseira;;;2;;;;;;;;2;;;;
03/10/2016;19:09:00;64;com vítima;170;BR-393/RJ;Norte;Choque - Elemento de Drenagem;1;;;;;;;;;;2;1;;;
04/10/2016;08:45:00;19;sem vítima;155,46;BR-393/RJ;Norte;Saida de Pista;1;;;;;;;;;;2;;;;
04/10/2016;11:51:00;31;sem vítima;278;BR-393/RJ;Sul;Colisão Transversal;1;;1;;;;;;;;4;;;;
04/10/2016;19:18:00;53;sem vítima;178;BR-393/RJ;Norte;Colisão Traseira;2;;;;;;;;;;4;;;;
04/10/2016;19:48:00;56;sem vítima;284;BR-393/RJ;Norte;Colisão Traseira;2;;;;;;;;;;2;;;;
05/10/2016;06:32:00;21;com vítima;285,5;BR-393/RJ;Norte;Colisão Lateral Mesmo Sentido;1;;;1;;;;;;;1;1;;;
06/10/2016;07:43:00;19;com vítima;285,9;BR-393/RJ;Norte;Colisão Transversal;1;;;;1;;;;;;3;1;;;
06/10/2016;09:09:00;23;sem vítima;253,7;BR-393/RJ;Norte;Colisão Traseira;2;;;;;;;;;;2;;;;
06/10/2016;16:11:00;47;com vítima;167;BR-393/RJ;Norte;Colisão Traseira;1;;1;;;;;;;;1;1;;;
06/10/2016;19:07:00;52;sem vítima;265;BR-393/RJ;Sul;Colisão Traseira;;;2;;;;;;;;2;;;;
06/10/2016;20:25:00;57;sem vítima;106;BR-393/RJ;Norte;Abalroamento Mesmo Sentido ;1;;1;;;;;;;;2;;;;
07/10/2016;12:31:00;52;sem vítima;252;BR-393/RJ;Norte;Colisão Transversal;2;;1;;;;;;;;3;;;;
07/10/2016;15:52:00;63;com vítima;251;BR-393/RJ;Sul;Atropelamento - Ciclista;1;1;;;;;;;;;1;;1;;
07/10/2016;22:29:00;90;sem vítima;281,4;BR-393/RJ;Norte;Colisão Traseira;2;;;;;;;;;;8;;;;
08/10/2016;06:58:00;18;com vítima;201,65;BR-393/RJ;Sul;Capotamento;1;;;;;;;;;;0;;1;;
08/10/2016;18:26:00;70;com vítima;284,2;BR-393/RJ;Sul;Atropelamento - Pedestre;1;;;;;;;;;;3;;2;;
08/10/2016;18:49:00;72;com vítima;114;BR-393/RJ;Norte;Atropelamento de Animal;1;;;;;;;;;;0;1;;;
08/10/2016;21:22:00;82;com vítima;246,8;BR-393/RJ;Sul;Atropelamento - Ciclista;;1;1;;;;;;;;1;;;;1
08/10/2016;21:30:00;83;sem vítima;283;BR-393/RJ;Sul;Colisão Transversal;2;;;;;;;;;;4;;;;
08/10/2016;23:05:00;90;com vítima;243;BR-393/RJ;Norte;Colisão Frontal;2;;;;;;;;;;2;;1;;
09/10/2016;03:19:00;3;sem vítima;218;BR-393/RJ;Norte;Colisão Traseira;;;1;;;;;;;1;5;;;;
09/10/2016;03:34:00;4;sem vítima;175,7;BR-393/RJ;Sul;Saida de Pista;1;;;;;;;;;;1;;;;
09/10/2016;21:30:00;58;com vítima;143;BR-393/RJ;Norte;Colisão Transversal;2;;;;;;;;;;2;2;1;;
10/10/2016;03:06:00;3;sem vítima;284;BR-393/RJ;Norte;Colisão Transversal;2;;;;;;;;;;2;;;;
10/10/2016;17:57:00;68;com vítima;178;BR-393/RJ;Norte;Colisão Frontal;1;;1;;;;;;;;1;;;1;
11/10/2016;11:04:00;47;sem vítima;283,447;BR-393/RJ;Norte;Abalroamento Mesmo Sentido ;2;;;;;;;;;;4;;;;
11/10/2016;22:02:00;85;sem vítima;284;BR-393/RJ;Norte;Colisão Traseira;2;;;;;;;;;;2;;;;
12/10/2016;10:19:00;26;sem vítima;164,7;BR-393/RJ;Norte;Tombamento;;;1;;;;;;;;2;;;;
14/10/2016;07:13:00;20;com vítima;151,9;BR-393/RJ;Norte;Choque - Talude;1;;;;;;;;;;0;1;;;
15/10/2016;02:31:00;3;sem vítima;246;BR-393/RJ;Norte;Colisão Traseira;2;;;;;;;;;;2;;;;
15/10/2016;04:24:00;5;com vítima;237;BR-393/RJ;Norte;Colisão Frontal;1;;;1;;;;;;;1;1;;;
16/10/2016;02:33:00;2;sem vítima;177;BR-393/RJ;Norte;Saida de Pista;1;;;;;;;;;;3;;;;
16/10/2016;14:58:00;31;com vítima;242;BR-393/RJ;Sul;Colisão Transversal;1;;;1;;;;;;;1;;;1;
16/10/2016;22:30:00;56;sem vítima;270;BR-393/RJ;Sul;Abalroamento Mesmo Sentido ;2;;;;;;;;;;2;;;;
17/10/2016;11:47:00;55;com vítima;168,178;BR-393/RJ;Norte;Colisão Transversal;1;;;1;;;;;;;1;3;;;
18/10/2016;07:52:00;20;sem vítima;215,613;BR-393/RJ;Sul;Abalroamento Mesmo Sentido ;;;2;;;;;;;;2;;;;
19/10/2016;06:40:00;17;com vítima;178,038;BR-393/RJ;Norte;Colisão Lateral Sentido Oposto;1;;;1;;;;;;;0;2;;;
19/10/2016;16:02:00;60;com vítima;105,505;BR-393/RJ;Norte;Colisão Transversal;1;;;1;;;;;;;4;;1;;
20/10/2016;08:52:00;18;com vítima;164,9;BR-393/RJ;Sul;Engavetamento;3;;2;;;;;;;;4;2;;;
21/10/2016;01:00:00;2;com vítima;280;BR-393/RJ;Norte;Atropelamento de Animal;1;;;;;;;;;;0;1;;;
21/10/2016;05:21:00;19;sem vítima;217,443;BR-393/RJ;Sul;Choque - Defensa, barreira ou "submarino";1;;;;;;;;;;1;;;;
21/10/2016;18:54:00;85;com vítima;218;BR-393/RJ;Sul;Atropelamento - Pedestre Usuário;;;;2;;;;;;;1;1;;;
21/10/2016;21:06:00;94;sem vítima;220;BR-393/RJ;Norte;Saida de Pista;1;;;;;;;;;;1;;;;
22/10/2016;00:23:00;1;sem vítima;268;BR-393/RJ;Sul;Colisão Traseira;2;;;;;;;;;;5;;;;
22/10/2016;13:13:00;46;sem vítima;175,423;BR-393/RJ;Sul;Queda de Moto;1;;;1;;;;;;;2;;;;
22/10/2016;21:27:00;68;sem vítima;178;BR-393/RJ;Norte;Colisão Traseira;2;;;;;;;;;;4;;;;
23/10/2016;08:19:00;28;com vítima;257,863;BR-393/RJ;Norte;Colisão Frontal;1;;2;;;;;;;;2;;;1;
23/10/2016;10:52:00;31;com vítima;238,643;BR-393/RJ;Norte;Colisão Transversal;1;;;1;;;;;;;5;1;;;
23/10/2016;11:55:00;34;sem vítima;106,2;BR-393/RJ;Norte;Colisão Transversal;1;;;1;;;;;;;4;;;;
23/10/2016;12:53:00;36;sem vítima;282;BR-393/RJ;Norte;Abalroamento Mesmo Sentido ;1;;;1;;;;;;;2;;;;
24/10/2016;11:17:00;43;com vítima;246;BR-393/RJ;Sul;Colisão Traseira;2;;;;;;;;;;3;1;;;
25/10/2016;01:38:00;7;com vítima;259,3;BR-393/RJ;Sul;Colisão Lateral Sentido Oposto;;;1;;2;;;;;;9;;1;1;
26/10/2016;09:56:00;37;com vítima;124,612;BR-393/RJ;Norte;Choque - Defensa, barreira ou "submarino";1;;;;;;;;;;0;1;;;
26/10/2016;15:54:00;62;com vítima;258,7;BR-393/RJ;Sul;Abalroamento Mesmo Sentido ;1;;2;;;;;;;;2;1;;;
26/10/2016;21:44:00;78;com vítima;251;BR-393/RJ;Sul;Atropelamento - Ciclista;1;1;;;;;;;;;1;1;;;
27/10/2016;11:07:00;55;com vítima;169,51;BR-393/RJ;Norte;Queda de Moto;;;;1;;;;;;;0;1;;;
27/10/2016;17:26:00;81;com vítima;249,322;BR-393/RJ;Norte;Choque - Veiculo parado no acostamento;2;;;;;;;;;;0;;;1;1
28/10/2016;00:18:00;1;sem vítima;182;BR-393/RJ;Norte;Choque - Outros;1;;;;;;;;;;1;;;;
28/10/2016;13:47:00;40;com vítima;236,2;BR-393/RJ;Sul;Queda de Moto;;;;1;;;;;;;0;2;;;
28/10/2016;23:20:00;64;com vítima;181,179;BR-393/RJ;Sul;Queda de Moto;;;;1;;;;;;;0;1;;;
29/10/2016;18:20:00;43;com vítima;216,181;BR-393/RJ;Norte;Atropelamento - Ciclista;1;1;;;;;;;;;1;;1;;
31/10/2016;00:16:00;1;com vítima;260;BR-393/RJ;Sul;Colisão Traseira;1;;;1;;;;;;;1;;1;;
31/10/2016;01:08:00;2;sem vítima;234,18;BR-393/RJ;Sul;Queda de Moto;;;;1;;;;;;;1;;;;
31/10/2016;06:11:00;5;com vítima;195;BR-393/RJ;Sul;Atropelamento - PedestreFuncionário;;;;1;;;;;;;1;1;;;
31/10/2016;10:44:00;23;sem vítima;195,025;BR-393/RJ;Norte;Choque - Suporte de Sinalização;1;;;;;;;;;;1;;;;
31/10/2016;17:47:00;50;com vítima;167,515;BR-393/RJ;Norte;Colisão Transversal;;;1;1;;;;;;;1;1;;;
31/10/2016;19:42:00;56;com vítima;281;BR-393/RJ;Sul;Colisão Lateral Mesmo Sentido;;;1;1;;;;;;;1;1;;;
01/11/2016;00:29:00;1;com vítima;282;BR-393/RJ;Pista Norte;Colisão c/ obstáculos;1;;;;;;;;;;0;1;;;
02/11/2016;19:29:00;64;com vítima;280,203;BR-393/RJ;Pista Norte;Colisão lateral no sentido contrário;1;;;1;;;;;;;1;1;1;;
03/11/2016;13:58:00;51;sem vítima;239,434;BR-393/RJ;Pista Sul;Colisão lateral no sentido contrário;1;;1;;;;;;;;3;;;;
03/11/2016;14:08:00;52;com vítima;243,507;BR-393/RJ;Pista Norte;Colisão lateral no sentido contrário;1;;1;;;;;;;;0;2;;;
03/11/2016;18:53:00;60;sem vítima;285,5;BR-393/RJ;Pista Norte;Colisão com veículos (traseira);1;;;;1;;;;;;2;;;;
04/11/2016;07:46:00;27;sem vítima;120,204;BR-393/RJ;Pista Norte;Colisão c/ obstáculos;1;;;;;;;;;;2;;;;
04/11/2016;09:35:00;36;sem vítima;254,59;BR-393/RJ;Pista Norte;Acidentes de outra natureza;;;1;;;;;;;;1;;;;
04/11/2016;09:40:00;38;com vítima;281,692;BR-393/RJ;Pista Norte;Acidentes de outra natureza;;;;1;;;;;;;0;1;;;
04/11/2016;14:25:00;60;com vítima;274;BR-393/RJ;Pista Sul;Capotamento;1;;;;;;;;;;0;1;;;
05/11/2016;15:37:00;31;sem vítima;246;BR-393/RJ;Pista Norte;Colisão com veículos (traseira);1;;1;;;;;;;;3;;;;
06/11/2016;04:21:00;15;sem vítima;172,5;BR-393/RJ;Pista Sul;Colisão c/ obstáculos;1;;;;;;;;;;1;;;;
06/11/2016;07:41:00;20;com vítima;141,2;BR-393/RJ;Pista Sul;Capotamento;;;1;;;;;;;;0;;1;;
07/11/2016;00:22:00;1;com vítima;282,162;BR-393/RJ;Pista Norte;Colisão com veículos (frontal);1;;1;;;;;;;;1;2;;1;
07/11/2016;10:08:00;38;com vítima;105,915;BR-393/RJ;Pista Norte;Colisão lateral no sentido contrário;2;;;1;;;;;;;2;1;;;
07/11/2016;14:05:00;51;com vítima;176,472;BR-393/RJ;Pista Sul;Engavetamento;3;;;;;;;;;;3;1;;;
07/11/2016;22:04:00;77;sem vítima;283;BR-393/RJ;Pista Norte;Colisão lateral no mesmo sentido;1;;;1;;;;;;;2;;;;
08/11/2016;08:09:00;20;com vítima;176,95;BR-393/RJ;Pista Norte;Colisão com veículos (traseira);1;;;1;;;;;;;1;1;;;
08/11/2016;16:37:00;55;com vítima;283,8;BR-393/RJ;Pista Norte;Colisão lateral no sentido contrário;2;;;;;;;;;;2;1;;;
09/11/2016;07:46:00;15;sem vítima;283,6;BR-393/RJ;Pista Sul;Colisão lateral no sentido contrário;1;;;1;;;;;;;2;;;;
09/11/2016;21:01:00;62;com vítima;218,348;BR-393/RJ;Pista Sul;Colisão c/ obstáculos;;;1;;;;;;;;1;1;;;
10/11/2016;01:00:00;1;sem vítima;260,5;BR-393/RJ;Pista Norte;Saídas de pista;1;;;;;;;;;;3;;;;
10/11/2016;08:25:00;27;com vítima;170,4;BR-393/RJ;Pista Norte;Colisão com veículos (frontal);;;1;;;;;;;1;0;1;;1;
10/11/2016;16:33:00;64;sem vítima;282;BR-393/RJ;Pista Norte;Engavetamento;1;;1;;;;;;;1;5;;;;
10/11/2016;18:54:00;72;sem vítima;284;BR-393/RJ;Pista Norte;Colisão com veículos (traseira);2;;;;;;;;;;2;;;;
11/11/2016;09:02:00;24;com vítima;168,691;BR-393/RJ;Pista Norte;Colisão lateral no sentido contrário;;;;1;1;;;;;;1;1;;;
11/11/2016;12:48:00;46;sem vítima;155,472;BR-393/RJ;Pista Norte;Tombamento;;;1;;;;;;;;2;;;;
12/11/2016;10:12:00;28;com vítima;258;BR-393/RJ;Pista Sul;Colisão c/ obstáculos;1;;;;;;;;;;0;1;;;
12/11/2016;12:08:00;32;sem vítima;265;BR-393/RJ;Pista Norte;Colisão com veículos (traseira);;;2;;;;;;;;2;;;;
12/11/2016;19:51:00;58;sem vítima;182,3;BR-393/RJ;Pista Norte;Colisão lateral no mesmo sentido;2;;;;;;;;;;5;;;;
12/11/2016;23:02:00;65;com vítima;145,5;BR-393/RJ;Pista Norte;Colisão c/ obstáculos;1;;;;;;;;;;0;3;;;
13/11/2016;05:28:00;11;sem vítima;105,8;BR-393/RJ;Pista Sul;Saídas de pista;1;;;;;;;;;;1;;;;
13/11/2016;22:52:00;50;com vítima;177,273;BR-393/RJ;Pista Sul;Colisão c/ obstáculos;1;;;;;;;;;;0;1;;;
14/11/2016;05:38:00;13;sem vítima;129,194;BR-393/RJ;Pista Sul;Colisão c/ obstáculos;1;;;;;;;;;;2;;;;
14/11/2016;07:32:00;16;sem vítima;258;BR-393/RJ;Pista Norte;Colisão c/ obstáculos;1;;;;;;;;;;1;;;;
14/11/2016;10:42:00;24;sem vítima;275;BR-393/RJ;Pista Norte;Colisão com veículos (traseira);2;;;;;;;;;;2;;;;
14/11/2016;12:23:00;31;com vítima;218,476;BR-393/RJ;Pista Sul;Colisão com veículos (frontal);1;;2;;;;;;;;7;;;;2
14/11/2016;15:35:00;38;sem vítima;151,85;BR-393/RJ;Pista Sul;Colisão c/ obstáculos;1;;;;;;;;;;4;;;;
14/11/2016;16:54:00;43;com vítima;119;BR-393/RJ;Pista Sul;Colisão lateral no mesmo sentido;2;;;;;;;;;;5;;1;;
14/11/2016;21:30:00;55;sem vítima;246,136;BR-393/RJ;Pista Sul;Tombamento;;;1;;;;;;;;1;;;;
15/11/2016;13:44:00;38;com vítima;151,917;BR-393/RJ;Pista Sul;Tombamento;;;1;;;;;;;;0;1;1;;
15/11/2016;16:28:00;42;com vítima;261,905;BR-393/RJ;Pista Norte;Capotamento;1;;;;;;;;;;0;1;;;
15/11/2016;21:44:00;59;sem vítima;279;BR-393/RJ;Pista Norte;Colisão lateral no sentido contrário;2;;;;;;;;;;3;;;;
16/11/2016;07:16:00;19;com vítima;281,112;BR-393/RJ;Pista Norte;Atropelamento de pedestre;1;1;;;;;;;;;1;2;;;
16/11/2016;08:56:00;20;com vítima;286,003;BR-393/RJ;Pista Sul;Colisão com veículos (traseira);;;;;1;;;;;1;1;2;;;
17/11/2016;12:34:00;52;com vítima;103;BR-393/RJ;Pista Norte;Colisão lateral no sentido contrário;1;;;1;;;;;;;1;2;;;
18/11/2016;15:46:00;57;sem vítima;246,3;BR-393/RJ;Pista Norte;Saídas de pista;;;1;;;;;;;;1;;;;
18/11/2016;21:42:00;73;com vítima;238,642;BR-393/RJ;Pista Norte;Colisão lateral no sentido contrário;2;;;;;;;;;;7;1;1;;
19/11/2016;04:41:00;11;com vítima;105,1;BR-393/RJ;Pista Norte;Colisão lateral no sentido contrário;2;;;;;;;;;;1;1;1;1;
19/11/2016;10:23:00;21;sem vítima;285,526;BR-393/RJ;Pista Sul;Colisão lateral no mesmo sentido;1;;1;;;;;;;;2;;;;
19/11/2016;22:06:00;60;sem vítima;283;BR-393/RJ;Pista Sul;Acidentes de outra natureza;;;;1;;;;;;;1;;;;
20/11/2016;00:26:00;1;com vítima;132;BR-393/RJ;Pista Norte;Colisão lateral no sentido contrário;3;;;;;;;;;;4;1;1;;
20/11/2016;05:44:00;13;sem vítima;283,3;BR-393/RJ;Pista Norte;Colisão c/ obstáculos;1;;;;;;;;;;1;;;;
20/11/2016;08:41:00;22;com vítima;170,63;BR-393/RJ;Pista Norte;Capotamento;1;;;;;;;;;;0;2;1;;
20/11/2016;17:40:00;57;sem vítima;157,844;BR-393/RJ;Pista Sul;Colisão lateral no mesmo sentido;;;2;;;;;;;;2;;;;
20/11/2016;21:24:00;70;sem vítima;187,1;BR-393/RJ;Pista Sul;Capotamento;1;;;;;;;;;;1;;;;
23/11/2016;18:50:00;53;sem vítima;217,05;BR-393/RJ;Pista Sul;Colisão c/ obstáculos;1;;;;;;;;;;1;;;;
24/11/2016;08:28:00;26;sem vítima;285,58;BR-393/RJ;Pista Sul;Colisão com veículos (traseira);1;;1;;;;;;;;2;;;;
24/11/2016;09:26:00;29;sem vítima;274,1;BR-393/RJ;Pista Norte;Colisão c/ obstáculos;;;1;;;;;;;;1;;;;
24/11/2016;14:51:00;55;com vítima;261,217;BR-393/RJ;Pista Sul;Colisão c/ obstáculos;1;;;;;;;;;;1;1;;;
24/11/2016;21:02:00;71;com vítima;246;BR-393/RJ;Pista Norte;Colisão com veículos (traseira);;;1;;;;;;;;0;1;;;
25/11/2016;14:06:00;52;com vítima;285,5;BR-393/RJ;Pista Norte;Colisão lateral no mesmo sentido;1;;;;1;;;;;;15;1;;;
25/11/2016;14:54:00;53;sem vítima;281;BR-393/RJ;Pista Norte;Engavetamento;4;;;;;;;;;;4;;;;
25/11/2016;16:04:00;60;com vítima;274,6;BR-393/RJ;Pista Sul;Colisão com veículos (traseira);1;;;1;;;;;;;1;1;;;
25/11/2016;21:11:00;78;sem vítima;155;BR-393/RJ;Pista Norte;Colisão com veículos (traseira);2;;;;;;;;;;4;;;;
26/11/2016;08:52:00;23;com vítima;114;BR-393/RJ;Pista Norte;Tombamento;;;1;;;;;;;;0;2;;;
26/11/2016;12:02:00;31;com vítima;279;BR-393/RJ;Pista Sul;Colisão lateral no sentido contrário;1;;1;;;;;;;;1;;1;;
26/11/2016;14:09:00;35;com vítima;272;BR-393/RJ;Pista Norte;Colisão com veículos (frontal);1;;;;;;;;;1;0;1;3;;
26/11/2016;17:15:00;43;com vítima;136;BR-393/RJ;Pista Norte;Acidentes de outra natureza;;;;1;;;;;;;0;;1;;
27/11/2016;07:41:00;20;com vítima;274,091;BR-393/RJ;Pista Sul;Tombamento;;;1;;;;;;;;0;;;1;
28/11/2016;02:13:00;10;com vítima;240;BR-393/RJ;Pista Sul;Saídas de pista;1;;;;;;;;;;0;2;;;
28/11/2016;07:51:00;17;sem vítima;233,6;BR-393/RJ;Pista Sul;Colisão com veículos (traseira);;;1;;;;;;;1;2;;;;
28/11/2016;12:15:00;40;com vítima;277,5;BR-393/RJ;Pista Norte;Colisão c/ obstáculos;1;;;;;;;;;;0;1;;;
28/11/2016;14:19:00;47;com vítima;177;BR-393/RJ;Pista Norte;Acidentes de outra natureza;;;;1;;;;;;;0;1;;;