data;horario;n_da_ocorrencia;tipo_de_ocorrencia;km;trecho;sentido;tipo_de_acidente;automovel;bicicleta;caminhao;moto;onibus;outros;tracao_animal;transporte_de_cargas_especiais;trator_maquinas;utilitarios;ilesos;levemente_feridos;moderadamente_feridos;gravemente_feridos;mortos
29/11/2016;07:01:00;16;com vítima;274;BR-393/RJ;Pista Norte;Tombamento;;;2;;;;;;;;0;3;;;
29/11/2016;18:18:00;63;sem vítima;159,5;BR-393/RJ;Pista Sul;Saídas de pista;;;1;;;;;;;;2;;;;
29/11/2016;20:54:00;68;com vítima;251,34;BR-393/RJ;Pista Norte;Atropelamento de pedestre;2;;;;;;;;;;2;;;1;
30/11/2016;08:32:00;25;sem vítima;106,3;BR-393/RJ;Pista Norte;Colisão com veículos (traseira);2;;;;;;;;;;3;;;;
30/11/2016;18:06:00;69;com vítima;233,6;BR-393/RJ;Pista Sul;Acidentes de outra natureza;;;;1;;;;;;;0;;1;;
01/12/2016;11:05:00;36;com vítima;177,87;BR-393/RJ;Pista Norte;Colisão com veículos (traseira);;;2;;;;;;;;1;1;;;
01/12/2016;23:06:00;69;com vítima;286,15;BR-393/RJ;Pista Norte;Atropelamento de pedestre;;;;1;;;;;;;0;;2;;
02/12/2016;20:25:00;84;com vítima;268;BR-393/RJ;Pista Norte;Colisão lateral no sentido contrário;1;;1;;;;;;;;1;1;;;
02/12/2016;22:48:00;89;com vítima;184;BR-393/RJ;Pista Norte;Tombamento;;;;;;;;;;1;0;2;1;;
02/12/2016;22:54:00;90;sem vítima;143,5;BR-393/RJ;Pista Sul;Colisão com veículos (traseira);2;;;;;;;;;;2;;;;
03/12/2016;01:14:00;3;sem vítima;283,3;BR-393/RJ;Pista Norte;Saídas de pista;1;;;;;;;;;;3;;;;
03/12/2016;04:48:00;15;com vítima;266,5;BR-393/RJ;Pista Norte;Atropelamento de pedestre;;;;1;;;;;;;1;;;1;
03/12/2016;06:51:00;19;sem vítima;102;BR-393/RJ;Pista Norte;Colisão c/ obstáculos;1;;;;;;;;;;1;;;;
03/12/2016;14:36:00;35;sem vítima;258;BR-393/RJ;Pista Sul;Colisão c/ obstáculos;1;;;;;;;;;;3;;;;
03/12/2016;17:28:00;43;sem vítima;265;BR-393/RJ;Pista Norte;Colisão com veículos (traseira);2;;;;;;;;;;6;;;;
03/12/2016;17:36:00;44;com vítima;236;BR-393/RJ;Pista Norte;Colisão lateral no sentido contrário;1;;;1;;;;;;;1;1;1;;
03/12/2016;21:24:00;55;sem vítima;120;BR-393/RJ;Pista Sul;Colisão c/ obstáculos;1;;;;;;;;;;2;;;;
04/12/2016;17:12:00;43;com vítima;159;BR-393/RJ;Pista Sul;Colisão com veículos (frontal);1;;1;;;;;;;;0;1;1;1;
04/12/2016;18:15:00;47;sem vítima;105,9;BR-393/RJ;Pista Sul;Saídas de pista;1;;;;;;;;;;1;;;;
04/12/2016;18:26:00;48;sem vítima;275;BR-393/RJ;Pista Sul;Colisão com veículos (traseira);2;;;;;;;;;;6;;;;
05/12/2016;05:06:00;15;com vítima;103;BR-393/RJ;Pista Sul;Colisão c/ obstáculos;1;;;;;;;;;;1;1;;;
05/12/2016;10:17:00;33;com vítima;202;BR-393/RJ;Pista Norte;Saídas de pista;1;;;;;;;;;;0;2;;;
05/12/2016;21:24:00;70;com vítima;281;BR-393/RJ;Pista Norte;Colisão com veículos (traseira);2;;;;;;;;;;0;2;;;
05/12/2016;22:48:00;74;sem vítima;214,7;BR-393/RJ;Pista Sul;Atropelamento de animais;;;1;;;;;;;;1;;;;
06/12/2016;07:40:00;22;com vítima;178,249;BR-393/RJ;Pista Norte;Atropelamento de pedestre;;;;1;;;;;;;0;2;;;
06/12/2016;18:19:00;66;sem vítima;106,9;BR-393/RJ;Pista Norte;Colisão c/ obstáculos;1;;1;;;;;;;;2;;;;
07/12/2016;12:05:00;36;com vítima;284;BR-393/RJ;Pista Norte;Colisão lateral no mesmo sentido;1;;1;1;;;;;;;2;1;;;
07/12/2016;15:46:00;46;sem vítima;286;BR-393/RJ;Pista Norte;Colisão lateral no mesmo sentido;1;;1;;;;;;;;3;;;;
07/12/2016;18:43:00;53;sem vítima;284;BR-393/RJ;Pista Norte;Engavetamento;3;;;;;;;;;;4;;;;
08/12/2016;07:16:00;16;sem vítima;285,6;BR-393/RJ;Pista Sul;Colisão lateral no mesmo sentido;1;;1;;;;;;;;2;;;;
08/12/2016;14:54:00;42;sem vítima;265;BR-393/RJ;Pista Sul;Colisão lateral no mesmo sentido;2;;;;;;;;;;2;;;;
08/12/2016;15:46:00;46;com vítima;238,6;BR-393/RJ;Pista Norte;Colisão lateral no sentido contrário;;;1;1;;;;;;;1;1;;;
08/12/2016;16:57:00;50;sem vítima;253;BR-393/RJ;Pista Sul;Colisão lateral no mesmo sentido;1;;1;;;;;;;;2;;;;
09/12/2016;00:44:00;2;com vítima;143,5;BR-393/RJ;Pista Sul;Colisão lateral no sentido contrário;;;1;1;;;;;;;1;;;;1
09/12/2016;16:38:00;69;com vítima;285,2;BR-393/RJ;Pista Norte;Colisão com veículos (traseira);1;;1;;;;;;;;2;1;;;
09/12/2016;18:14:00;75;sem vítima;160;BR-393/RJ;Pista Norte;Saídas de pista;1;;;;;;;;;;2;;;;
10/12/2016;01:13:00;10;com vítima;277,3;BR-393/RJ;Pista Norte;Colisão c/ obstáculos;1;;;;;;;;;;0;1;;;
10/12/2016;21:51:00;102;sem vítima;255;BR-393/RJ;Pista Norte;Colisão c/ obstáculos;1;;;;;;;;;;2;;;;
11/12/2016;05:21:00;11;sem vítima;270;BR-393/RJ;Pista Norte;Saídas de pista;1;;;;;;;;;;1;;;;
11/12/2016;05:21:00;12;sem vítima;243;BR-393/RJ;Pista Sul;Colisão c/ obstáculos;1;;;;;;;;;;2;;;;
11/12/2016;18:15:00;42;sem vítima;264,9;BR-393/RJ;Pista Sul;Colisão c/ obstáculos;1;;;;;;;;;;1;;;;
11/12/2016;23:09:00;63;sem vítima;240;BR-393/RJ;Pista Sul;Saídas de pista;;;1;;;;;;;;1;;;;
12/12/2016;18:44:00;62;sem vítima;160;BR-393/RJ;Pista Sul;Saídas de pista;1;;;;;;;;;;1;;;;
12/12/2016;20:50:00;71;sem vítima;268;BR-393/RJ;Pista Sul;Colisão lateral no sentido contrário;2;;;;;;;;;;2;;;;
13/12/2016;08:02:00;22;com vítima;106,573;BR-393/RJ;Pista Sul;Colisão lateral no sentido contrário;1;;;1;;;;;;;0;1;1;;
13/12/2016;10:09:00;41;com vítima;105,171;BR-393/RJ;Pista Sul;Colisão lateral no sentido contrário;1;;;1;;;;;;;2;1;;;
13/12/2016;12:34:00;58;com vítima;237,609;BR-393/RJ;Pista Sul;Colisão com veículos (frontal);2;;;;;;;;;;0;1;2;2;
13/12/2016;15:31:00;67;com vítima;151,897;BR-393/RJ;Pista Sul;Tombamento;;;1;;;;;;;;0;1;1;;
14/12/2016;14:11:00;51;sem vítima;255,712;BR-393/RJ;Pista Sul;Colisão lateral no sentido contrário;2;;;;;;;;;;3;;;;
15/12/2016;03:45:00;14;com vítima;208;BR-393/RJ;Pista Norte;Colisão c/ obstáculos;;;1;;;;;;;;0;1;;;
15/12/2016;06:00:00;16;com vítima;245,7;BR-393/RJ;Pista Norte;Colisão com veículos (frontal);;;3;;;;;;;;3;1;;;
15/12/2016;19:45:00;57;com vítima;263;BR-393/RJ;Pista Sul;Acidentes de outra natureza;;;;1;;;;;;;0;1;;;
15/12/2016;22:42:00;62;com vítima;283;BR-393/RJ;Pista Sul;Colisão c/ obstáculos;2;;;;;;;;;;0;1;;;
16/12/2016;12:34:00;46;com vítima;221,8;BR-393/RJ;Pista Sul;Saídas de pista;1;;;;;;;;;;0;;2;;
17/12/2016;22:01:00;74;sem vítima;163,9;BR-393/RJ;Pista Norte;Choque - Elemento de Drenagem;1;;;;;;;;;;4;;;;
17/12/2016;23:27:00;79;sem vítima;264;BR-393/RJ;Pista Sul;Colisão lateral no sentido contrário;1;;;;1;;;;;;2;;;;
18/12/2016;11:23:00;36;sem vítima;286;BR-393/RJ;Pista Sul;Colisão com veículos (traseira);2;;;;;;;;;;2;;;;
19/12/2016;18:06:00;56;com vítima;106;BR-393/RJ;Pista Sul;Atropelamento de pedestre;;;1;;;;;;;;0;2;;;
19/12/2016;21:50:00;69;sem vítima;286;BR-393/RJ;Pista Norte;Colisão lateral no sentido contrário;2;;;;;;;;;;2;;;;
21/12/2016;05:42:00;25;sem vítima;249,876;BR-393/RJ;Pista Norte;Atropelamento de animais;;;1;;;;;;;;1;;;;
21/12/2016;09:01:00;36;sem vítima;285,3;BR-393/RJ;Pista Sul;Engavetamento;2;;;;;;;;;1;3;;;;
21/12/2016;18:23:00;84;sem vítima;284;BR-393/RJ;Pista Sul;Engavetamento;4;;;;;;;;;;4;;;;
21/12/2016;20:33:00;96;sem vítima;286,1;BR-393/RJ;Pista Norte;Colisão com veículos (traseira);2;;;;;;;;;;2;;;;
21/12/2016;23:44:00;105;sem vítima;271,8;BR-393/RJ;Pista Sul;Colisão c/ obstáculos;1;;;;;;;;;;1;;;;
22/12/2016;10:31:00;40;com vítima;286;BR-393/RJ;Pista Sul;Colisão com veículos (traseira);1;;1;;;;;;;;2;1;;;
22/12/2016;16:30:00;61;com vítima;102,551;BR-393/RJ;Pista Sul;Colisão lateral no mesmo sentido;1;;;1;;;;;;;1;1;;;
23/12/2016;09:35:00;26;com vítima;191,703;BR-393/RJ;Pista Norte;Colisão com veículos (frontal);1;;1;;;;;;;;0;1;;1;3
23/12/2016;17:34:00;47;com vítima;235,236;BR-393/RJ;Pista Norte;Colisão lateral no sentido contrário;2;;1;;;;;;;;4;;;2;
23/12/2016;18:37:00;53;sem vítima;112;BR-393/RJ;Pista Norte;Saídas de pista;;;1;;;;;;;;1;;;;
24/12/2016;06:21:00;21;sem vítima;177,676;BR-393/RJ;Pista Sul;Colisão lateral no sentido contrário;1;;;;1;;;;;;2;;;;
24/12/2016;06:27:00;22;com vítima;254,2;BR-393/RJ;Pista Norte;Saídas de pista;1;;;;;;;;;;0;2;;;
24/12/2016;19:24:00;51;com vítima;175,512;BR-393/RJ;Pista Sul;Colisão c/ obstáculos;1;;;;;;;;;;0;1;;;
25/12/2016;15:31:00;42;com vítima;106,205;BR-393/RJ;Pista Norte;Acidentes de outra natureza;;1;;;;;;;;;0;1;;;
26/12/2016;12:46:00;49;com vítima;282,311;BR-393/RJ;Pista Sul;Engavetamento;3;;;;;;;;;;6;1;;;
26/12/2016;17:22:00;74;sem vítima;106;BR-393/RJ;Pista Norte;Colisão lateral no sentido contrário;2;;;;;;;;;;4;;;;
26/12/2016;22:23:00;100;sem vítima;218;BR-393/RJ;Pista Sul;Colisão c/ obstáculos;;;1;;;;;;;;1;;;;
28/12/2016;11:45:00;37;sem vítima;166;BR-393/RJ;Pista Norte;Colisão lateral no sentido contrário;;;1;;;1;;;;1;4;;;;
28/12/2016;14:06:00;42;sem vítima;125;BR-393/RJ;Pista Sul;Colisão com veículos (traseira);2;;;;;;;;;;6;;;;
29/12/2016;11:32:00;54;com vítima;282,381;BR-393/RJ;Pista Norte;Colisão lateral no sentido contrário;2;;;;;;;;;;1;5;;;
29/12/2016;19:59:00;91;com vítima;103,5;BR-393/RJ;Pista Sul;Colisão lateral no mesmo sentido;1;;;1;;;;;;;1;1;1;;
30/12/2016;15:48:00;62;com vítima;179,293;BR-393/RJ;Pista Sul;Acidentes de outra natureza;;;;1;;;;;;;0;2;;;
30/12/2016;20:48:00;82;com vítima;265;BR-393/RJ;Pista Norte;Engavetamento;1;;2;;;;;;;;4;3;;;
30/12/2016;23:47:00;91;com vítima;251;BR-393/RJ;Pista Norte;Colisão com veículos (frontal);1;;1;;;;;;;;1;2;;;
31/12/2016;13:56:00;41;com vítima;168,7;BR-393/RJ;Pista Norte;Colisão lateral no mesmo sentido;2;;;;;;;;;;2;2;;;
02/01/2017;11:24:00;45;sem vítima;140;BR-393/RJ;Pista Sul;Colisão com veículos (traseira);2;;;;;;;;;;2;;;;
03/01/2017;00:38:00;3;com vítima;285;BR-393/RJ;Pista Norte;Colisão c/ obstáculos;1;;;;;;;;;;0;1;;;
03/01/2017;09:10:00;39;com vítima;224;BR-393/RJ;Pista Norte;Colisão lateral no sentido contrário;1;;1;;;;;;;;1;;;2;3
03/01/2017;11:18:00;49;sem vítima;134;BR-393/RJ;Pista Norte;Colisão c/ obstáculos;1;;1;;;;;;;;2;;;;
03/01/2017;13:59:00;57;com vítima;228,743;BR-393/RJ;Pista Norte;Acidentes de outra natureza;;;;1;;;;;;;1;;1;;
05/01/2017;01:00:00;5;sem vítima;245;BR-393/RJ;Pista Sul;Engavetamento;3;;;;;;;;;;4;;;;
06/01/2017;09:49:00;43;sem vítima;285;BR-393/RJ;Pista Sul;Colisão com veículos (traseira);1;;;;1;;;;;;2;;;;
07/01/2017;17:32:00;59;sem vítima;282;BR-393/RJ;Pista Sul;Colisão com veículos (traseira);1;;1;;;;;;;;2;;;;
07/01/2017;18:46:00;63;sem vítima;285,6;BR-393/RJ;Pista Sul;Colisão lateral no sentido contrário;1;;;;1;;;;;;2;;;;
07/01/2017;21:09:00;69;sem vítima;284,3;BR-393/RJ;Pista Norte;Colisão com veículos (traseira);2;;;;;;;;;;2;;;;
07/01/2017;22:58:00;71;com vítima;283;BR-393/RJ;Pista Norte;Colisão lateral no sentido contrário;1;;;1;;;;;;;1;1;;;
08/01/2017;00:28:00;2;sem vítima;254,5;BR-393/RJ;Pista Norte;Choque - Defensa, barreira ou "submarino";1;;;;;;;;;;1;;;;
08/01/2017;03:46:00;18;sem vítima;139,6;BR-393/RJ;Pista Norte;Colisão c/ obstáculos;1;;;;;;;;;;1;;;;
08/01/2017;13:05:00;40;com vítima;280;BR-393/RJ;Pista Sul;Colisão lateral no sentido contrário;;;1;1;;;;;;;1;2;;;
08/01/2017;15:57:00;47;com vítima;267,5;BR-393/RJ;Pista Norte;Tombamento;1;;;;;;;;;;0;1;;;
08/01/2017;19:40:00;59;sem vítima;163;BR-393/RJ;Pista Norte;Tombamento;;;1;;;;;;;;1;;;;
09/01/2017;02:29:00;1;sem vítima;240;BR-393/RJ;Pista Norte;Saídas de pista;1;;;;;;;;;;2;;;;
09/01/2017;15:48:00;46;com vítima;260;BR-393/RJ;Pista Norte;Colisão c/ obstáculos;1;;;;;;;;;;0;;1;;
10/01/2017;13:31:00;48;sem vítima;279;BR-393/RJ;Pista Norte;Engavetamento;3;;;;;;;;;;6;;;;
10/01/2017;16:35:00;58;com vítima;182;BR-393/RJ;Pista Norte;Acidentes de outra natureza;;1;;;;;;;;;0;1;;;
11/01/2017;12:27:00;61;com vítima;131,424;BR-393/RJ;Pista Sul;Tombamento;1;;1;;;;;;;;0;4;1;;
11/01/2017;15:16:00;68;com vítima;239,406;BR-393/RJ;Pista Norte;Capotamento;;;1;;;;;;;;0;3;;;
11/01/2017;22:27:00;83;sem vítima;282,4;BR-393/RJ;Pista Norte;Engavetamento;3;;;;;;;;;;4;;;;
14/01/2017;10:23:00;32;com vítima;107,6;BR-393/RJ;Pista Sul;Colisão lateral no sentido contrário;1;;;1;;;;;;;1;;2;;
15/01/2017;16:39:00;51;com vítima;276;BR-393/RJ;Pista Sul;Engavetamento;3;;;;;;;;;;8;1;;;
15/01/2017;16:51:00;52;com vítima;278;BR-393/RJ;Pista Sul;Engavetamento;2;;;;1;;;;;;5;1;;;
16/01/2017;06:33:00;10;sem vítima;240;BR-393/RJ;Pista Norte;Saídas de pista;1;;;;;;;;;;1;;;;
16/01/2017;08:39:00;14;com vítima;105;BR-393/RJ;Pista Sul;Colisão lateral no sentido contrário;1;;1;;;;;;;;2;1;;;
16/01/2017;14:24:00;45;com vítima;116;BR-393/RJ;Pista Norte;Saídas de pista;1;;;;;;;;;;0;1;;;
17/01/2017;02:49:00;11;sem vítima;226;BR-393/RJ;Pista Norte;Colisão c/ obstáculos;;;1;;;;;;;;1;;;;
17/01/2017;09:57:00;29;sem vítima;285,5;BR-393/RJ;Pista Norte;Colisão lateral no mesmo sentido;2;;;;;;;;;;2;;;;
18/01/2017;11:33:00;36;com vítima;168;BR-393/RJ;Pista Norte;Colisão lateral no sentido contrário;1;;;1;;;;;;;2;1;;;
18/01/2017;12:40:00;39;com vítima;131,9;BR-393/RJ;Pista Norte;Colisão com veículos (traseira);;;2;;;;;;;;1;1;;;
18/01/2017;16:49:00;53;com vítima;152;BR-393/RJ;Pista Sul;Colisão c/ obstáculos;;;;1;;;;;;;0;;;1;
19/01/2017;17:15:00;63;com vítima;202,5;BR-393/RJ;Pista Sul;Colisão lateral no sentido contrário;2;;;;;;;;;;0;2;;1;
19/01/2017;19:47:00;71;sem vítima;283;BR-393/RJ;Pista Norte;Colisão com veículos (traseira);2;;;;;;;;;;2;;;;
19/01/2017;23:08:00;80;sem vítima;103,6;BR-393/RJ;Pista Sul;Atropelamento de animais;;;;;;;;;;1;1;;;;
20/01/2017;08:03:00;19;sem vítima;141,9;BR-393/RJ;Pista Sul;Colisão com veículos (traseira);2;;;;;;;;;;8;;;;
20/01/2017;19:36:00;70;com vítima;282;BR-393/RJ;Pista Sul;Colisão lateral no sentido contrário;1;;;1;;;;;;;1;1;;;
21/01/2017;19:00:00;45;sem vítima;285;BR-393/RJ;Pista Sul;Engavetamento;4;;;;;;;;;;4;;;;
22/01/2017;00:11:00;1;sem vítima;280;BR-393/RJ;Pista Norte;Colisão lateral no sentido contrário;2;;;;;;;;;;2;;;;
22/01/2017;11:10:00;27;sem vítima;243,374;BR-393/RJ;Pista Sul;Colisão c/ obstáculos;1;;;;;;;;;;4;;;;
23/01/2017;09:38:00;23;sem vítima;168;BR-393/RJ;Pista Sul;Colisão com veículos (traseira);2;;;;;;;;;;4;;;;
24/01/2017;09:24:00;23;com vítima;176;BR-393/RJ;Pista Norte;Colisão com veículos (traseira);2;;;;;;;;;;2;1;;;
25/01/2017;00:50:00;1;sem vítima;109;BR-393/RJ;Pista Norte;Atropelamento de animais;1;;;;;;;;;;4;;;;
25/01/2017;12:03:00;36;com vítima;252,5;BR-393/RJ;Pista Norte;Colisão lateral no sentido contrário;;;2;;;;;;;;1;;3;;
25/01/2017;14:45:00;42;com vítima;171;BR-393/RJ;Pista Sul;Colisão lateral no sentido contrário;1;;;1;;;;;;;3;2;;;
26/01/2017;13:07:00;48;sem vítima;219;BR-393/RJ;Pista Sul;Colisão lateral no sentido contrário;2;;;;;;;;;;8;;;;
26/01/2017;21:10:00;72;sem vítima;215;BR-393/RJ;Pista Sul;Colisão lateral no mesmo sentido;1;;1;;;;;;;;2;;;;
27/01/2017;18:41:00;67;sem vítima;279;BR-393/RJ;Pista Sul;Colisão com veículos (traseira);2;;;;;;;;;;2;;;;
28/01/2017;08:48:00;26;sem vítima;281,5;BR-393/RJ;Pista Norte;Colisão lateral no mesmo sentido;1;;1;;;;;;;;3;;;;
28/01/2017;20:18:00;74;sem vítima;274;BR-393/RJ;Pista Sul;Colisão lateral no mesmo sentido;2;;;;;;;;;;2;;;;
28/01/2017;23:28:00;78;sem vítima;102;BR-393/RJ;Pista Norte;Colisão com veículos (traseira);2;;;;;;;;;;2;;;;
29/01/2017;19:07:00;49;sem vítima;279;BR-393/RJ;Pista Sul;Saídas de pista;1;;;;;;;;;;1;;;;
29/01/2017;19:14:00;50;com vítima;285;BR-393/RJ;Pista Norte;Engavetamento;3;;;;;;;;;;7;1;1;;
30/01/2017;10:51:00;36;com vítima;273,9;BR-393/RJ;Pista Sul;Tombamento;;;1;;;;;;;;0;2;1;;
31/01/2017;19:54:00;54;com vítima;178;BR-393/RJ;Pista Norte;Acidentes de outra natureza;;;;1;;;;;;;0;;1;;
31/01/2017;20:20:00;55;com vítima;236,95;BR-393/RJ;Pista Sul;Colisão Transversal;2;;;;;;;;;;1;1;;;
01/02/2017;14:21:00;49;com vítima;172;BR-393/RJ;Pista Norte;Acidentes de outra natureza;;;;1;;;;;;;0;2;;;
01/02/2017;17:21:00;64;com vítima;144;BR-393/RJ;Pista Norte;Acidentes de outra natureza;;1;;;;;;;;;0;1;;;
02/02/2017;08:39:00;16;sem vítima;283;BR-393/RJ;Pista Norte;Colisão com veículos (traseira);;;1;;;;;;;1;2;;;;
02/02/2017;15:54:00;42;com vítima;276;BR-393/RJ;Pista Norte;Colisão com veículos (traseira);1;;1;;;;;;;;1;1;;;
03/02/2017;11:08:00;30;com vítima;130,207;BR-393/RJ;Pista Norte;Acidentes de outra natureza;;;;1;;;;;;;0;1;;;
03/02/2017;13:19:00;40;sem vítima;105,952;BR-393/RJ;Pista Sul;Colisão com veículos (traseira);2;;;;;;;;;;3;;;;
03/02/2017;19:04:00;62;com vítima;144;BR-393/RJ;Pista Norte;Colisão c/ obstáculos;1;;;;;;;;;;0;1;;;
04/02/2017;07:57:00;18;sem vítima;260,649;BR-393/RJ;Pista Norte;Capotamento;1;;;;;;;;;;1;;;;
04/02/2017;10:42:00;28;com vítima;103,358;BR-393/RJ;Pista Sul;Colisão c/ obstáculos;1;;;;;;;;;;0;;1;1;
04/02/2017;21:12:00;68;sem vítima;243;BR-393/RJ;Pista Sul;Saídas de pista;1;;;;;;;;;;1;;;;
05/02/2017;00:43:00;2;sem vítima;269,83;BR-393/RJ;Pista Sul;Colisão c/ obstáculos;1;;;;;;;;;;1;;;;
05/02/2017;08:54:00;24;sem vítima;283,118;BR-393/RJ;Pista Sul;Saídas de pista;1;;;;;;;;;;2;;;;
05/02/2017;11:13:00;30;com vítima;218,815;BR-393/RJ;Pista Sul;Colisão lateral no mesmo sentido;1;;1;;;;;;;;2;2;;;
05/02/2017;20:26:00;65;com vítima;241;BR-393/RJ;Pista Norte;Saídas de pista;1;;;;;;;;;;0;1;;;
05/02/2017;20:33:00;67;com vítima;201;BR-393/RJ;Pista Norte;Colisão com veículos (traseira);2;;;;;;;;;;0;2;;;
05/02/2017;21:16:00;71;sem vítima;144;BR-393/RJ;Pista Sul;Colisão c/ obstáculos;1;;;;;;;;;;1;;;;
06/02/2017;17:40:00;56;sem vítima;239,5;BR-393/RJ;Pista Sul;Colisão lateral no mesmo sentido;1;;1;;;;;;;;4;;;;
07/02/2017;16:54:00;37;sem vítima;103,914;BR-393/RJ;Pista Sul;Colisão com veículos (traseira);2;;;;;;;;;;4;;;;
07/02/2017;20:00:00;51;com vítima;282;BR-393/RJ;Pista Sul;Colisão com veículos (frontal);1;;;;;;;;;1;1;1;;;
09/02/2017;19:13:00;40;sem vítima;283;BR-393/RJ;Pista Norte;Colisão com veículos (traseira);2;;;;;;;;;;2;;;;
10/02/2017;08:54:00;19;com vítima;152;BR-393/RJ;Pista Sul;Tombamento;;;1;;;;;;;;0;1;;;
10/02/2017;12:09:00;33;sem vítima;284,248;BR-393/RJ;Pista Sul;Colisão lateral no mesmo sentido;2;;;;;;;;;;2;;;;
10/02/2017;15:16:00;40;sem vítima;195,025;BR-393/RJ;Pista Norte;Colisão com veículos (traseira);2;;;;;;;;;;2;;;;
11/02/2017;10:36:00;25;com vítima;161,697;BR-393/RJ;Pista Norte;Tombamento;;;1;;;;;;;;0;;1;;
11/02/2017;20:44:00;48;com vítima;233,938;BR-393/RJ;Pista Norte;Colisão com veículos (traseira);1;;;1;;;;;;;1;;2;;
12/02/2017;04:57:00;22;com vítima;246,323;BR-393/RJ;Pista Sul;Colisão com veículos (traseira);1;;1;;;;;;;;1;;1;;
12/02/2017;21:22:00;64;com vítima;207,401;BR-393/RJ;Pista Sul;Colisão c/ obstáculos;1;;;;;;;;;;0;2;1;;
13/02/2017;01:52:00;9;com vítima;241;BR-393/RJ;Pista Norte;Saídas de pista;;;;1;;;;;;;0;;1;;
15/02/2017;19:18:00;55;com vítima;282;BR-393/RJ;Pista Sul;Colisão lateral no sentido contrário;1;;;1;;;;;;;1;1;;;
15/02/2017;21:36:00;61;sem vítima;282;BR-393/RJ;Pista Sul;Colisão com veículos (traseira);2;;;;;;;;;;2;;;;
16/02/2017;19:45:00;58;sem vítima;103,719;BR-393/RJ;Pista Sul;Colisão com veículos (traseira);;;1;;;;;;;1;3;;;;
16/02/2017;22:12:00;69;com vítima;281;BR-393/RJ;Pista Norte;Colisão com veículos (traseira);1;;;1;;;;;;;1;2;;;
18/02/2017;17:55:00;44;sem vítima;285,5;BR-393/RJ;Pista Sul;Acidentes de outra natureza;;;;1;;;;;;;1;;;;
19/02/2017;05:26:00;12;com vítima;165,168;BR-393/RJ;Pista Sul;Colisão com veículos (frontal);1;;1;;;;;;;;0;1;;3;
20/02/2017;00:25:00;2;com vítima;244,291;BR-393/RJ;Pista Norte;Colisão lateral no mesmo sentido;;;;2;;;;;;;1;2;;;
20/02/2017;15:31:00;49;com vítima;274;BR-393/RJ;Pista Sul;Tombamento;;;2;;;;;;;;0;1;;1;
21/02/2017;09:03:00;26;sem vítima;235,2;BR-393/RJ;Pista Sul;Colisão lateral no mesmo sentido;2;;;;;;;;;;2;;;;
22/02/2017;07:25:00;22;com vítima;286,003;BR-393/RJ;Pista Norte;Colisão lateral no mesmo sentido;1;;;1;;;;;;;1;1;;;
22/02/2017;14:58:00;44;sem vítima;169,706;BR-393/RJ;Pista Sul;Colisão c/ obstáculos;1;;;;;;;;;;1;;;;
23/02/2017;20:59:00;73;com vítima;279;BR-393/RJ;Pista Sul;Colisão com veículos (traseira);;;2;;;;;;;;0;1;1;;
24/02/2017;08:54:00;23;sem vítima;286;BR-393/RJ;Pista Norte;Engavetamento;3;;;;;;;;;;3;;;;
24/02/2017;16:55:00;52;com vítima;255;BR-393/RJ;Pista Norte;Colisão lateral no mesmo sentido;1;;;1;;;;;;;1;1;;;
24/02/2017;19:21:00;61;sem vítima;284;BR-393/RJ;Pista Norte;Engavetamento;3;;;;;;;;;;3;;;;