data;horario;n_da_ocorrencia;tipo_de_ocorrencia;km;trecho;sentido;tipo_de_acidente;automovel;bicicleta;caminhao;moto;onibus;outros;tracao_animal;transporte_de_cargas_especiais;trator_maquinas;utilitarios;ilesos;levemente_feridos;moderadamente_feridos;gravemente_feridos;mortos
17/08/2017;19:57:00;47;sem vítima;179,7;BR-393/RJ;Pista Sul;Colisão c/ obstáculos;1;;;;;;;;;;1;;;;
18/08/2017;16:57:00;44;com vítima;178;BR-393/RJ;Pista Norte;Acidentes de outra natureza;;;1;;;;;;;;0;1;;;
18/08/2017;21:47:00;61;sem vítima;166,755;BR-393/RJ;Pista Norte;Colisão com veículos (traseira);1;;;;;;;;;;2;;;;
19/08/2017;01:15:00;3;com vítima;103,461;BR-393/RJ;Pista Norte;Atropelamento - Pedestre Andarilho;1;;;;;;;;;;1;;1;;
19/08/2017;07:47:00;23;sem vítima;265;BR-393/RJ;Pista Norte;Colisão lateral no mesmo sentido;1;;1;;;;;;;;2;;;;
19/08/2017;10:58:00;34;sem vítima;175,6;BR-393/RJ;Pista Norte;Engavetamento;3;;;;;;;;;;5;;;;
19/08/2017;22:27:00;66;sem vítima;282;BR-393/RJ;Pista Sul;Colisão com veículos (traseira);2;;;;;;;;;;3;;;;
20/08/2017;05:04:00;14;com vítima;286;BR-393/RJ;Pista Norte;Colisão lateral no sentido contrário;2;;;;;;;;;;0;2;;;
20/08/2017;20:27:00;58;com vítima;282;BR-393/RJ;Pista Sul;Colisão com veículos (traseira);2;;;;;;;;;;1;1;;;
20/08/2017;23:12:00;62;com vítima;252;BR-393/RJ;Pista Norte;Colisão c/ obstáculos;1;;;;;;;;;;0;1;;;
21/08/2017;08:00:00;17;com vítima;146,345;BR-393/RJ;Pista Norte;Colisão lateral no sentido contrário;2;;;;;;;;;;0;2;;;
22/08/2017;06:38:00;13;sem vítima;253,202;BR-393/RJ;Pista Sul;Colisão lateral no mesmo sentido;;;2;;;;;;;;2;;;;
23/08/2017;07:10:00;19;com vítima;104;BR-393/RJ;Pista Norte;Colisão lateral no sentido contrário;;;1;1;;;;;;;1;1;;;
24/08/2017;11:24:00;30;sem vítima;280,202;BR-393/RJ;Pista Sul;Colisão lateral no mesmo sentido;1;;;1;;;;;;;2;;;;
24/08/2017;17:33:00;46;com vítima;171,5;BR-393/RJ;Pista Sul;Colisão lateral no sentido contrário;3;;1;;;;;;;;8;;;1;1
25/08/2017;07:22:00;25;sem vítima;286;BR-393/RJ;Pista Sul;Colisão lateral no mesmo sentido;1;;1;;;;;;;;2;;;;
25/08/2017;09:37:00;38;sem vítima;125,6;BR-393/RJ;Pista Norte;Colisão com veículos (traseira);;;2;;;;;;;;2;;;;
25/08/2017;12:13:00;46;com vítima;182;BR-393/RJ;Pista Norte;Colisão com veículos (traseira);1;;;1;;;;;;;1;1;;;
25/08/2017;18:07:00;62;com vítima;130,3;BR-393/RJ;Pista Sul;Colisão lateral no mesmo sentido;;;1;1;;;;;;;1;;;1;
26/08/2017;06:34:00;16;com vítima;279,797;BR-393/RJ;Pista Sul;Colisão com veículos (traseira);2;;;;;;;;;;1;1;;;
26/08/2017;18:38:00;50;com vítima;232,35;BR-393/RJ;Pista Sul;Colisão com veículos (traseira);2;;;;;;;;;;0;2;;;
26/08/2017;19:07:00;51;com vítima;235;BR-393/RJ;Pista Norte;Acidentes de outra natureza;;;;1;;;;;;;1;1;;;
27/08/2017;09:18:00;17;com vítima;285,483;BR-393/RJ;Pista Norte;Colisão lateral no sentido contrário;1;;;1;;;;;;;4;2;;;
27/08/2017;12:14:00;24;com vítima;286;BR-393/RJ;Pista Sul;Engavetamento;6;;;;;;;;;;5;1;;;
27/08/2017;19:03:00;43;com vítima;167,307;BR-393/RJ;Pista Norte;Atropelamento de pedestre;;1;;1;;;;;;;0;1;2;;
28/08/2017;00:08:00;1;sem vítima;284;BR-393/RJ;Pista Norte;Colisão com veículos (traseira);2;;;;;;;;;;2;;;;
29/08/2017;03:01:00;13;sem vítima;185,3;BR-393/RJ;Pista Norte;Atropelamento de animais;1;;1;;;;;;;;2;;;;
29/08/2017;14:07:00;42;sem vítima;224,694;BR-393/RJ;Pista Norte;Saídas de pista;;;1;;;;;;;;1;;;;
31/08/2017;19:17:00;72;com vítima;142,299;BR-393/RJ;Pista Norte;Colisão com veículos (frontal);1;;;1;;;;;;;1;1;;;
01/09/2017;05:31:00;5;com vítima;156,684;BR-393/RJ;Pista Sul;Tombamento;;;1;;;;;;;;0;1;;;
01/09/2017;09:49:00;27;sem vítima;195;BR-393/RJ;Pista Norte;Colisão com veículos (traseira);1;;1;;;;;;;;5;;;;
01/09/2017;14:02:00;42;sem vítima;285,502;BR-393/RJ;Pista Sul;Colisão lateral no mesmo sentido;1;;1;;;;;;;;5;;;;
02/09/2017;21:00:00;65;com vítima;1;Alça Sul;Pista Sul;Colisão lateral no mesmo sentido;1;;;1;;;;;;;1;;2;;
04/09/2017;13:46:00;52;com vítima;268,558;BR-393/RJ;Pista Norte;Colisão lateral no sentido contrário;2;;;;;;;;;;0;4;;;
04/09/2017;14:28:00;57;com vítima;105,795;BR-393/RJ;Pista Norte;Colisão lateral no sentido contrário;1;;;1;;;;;;;0;1;1;;
04/09/2017;15:10:00;63;com vítima;187,244;BR-393/RJ;Pista Norte;Colisão com veículos (traseira);;;1;;1;;;;;;1;2;;;
04/09/2017;17:06:00;67;com vítima;282,133;BR-393/RJ;Pista Sul;Acidentes de outra natureza;;;;1;;;;;;;0;1;;;
06/09/2017;17:33:00;62;sem vítima;284;BR-393/RJ;Pista Norte;Colisão com veículos (traseira);1;;;1;;;;;;;2;;;;
06/09/2017;19:25:00;71;sem vítima;255;BR-393/RJ;Pista Norte;Colisão lateral no sentido contrário;2;;;;;;;;;;2;;;;
06/09/2017;20:00:00;75;com vítima;104;BR-393/RJ;Pista Norte;Colisão lateral no sentido contrário;2;;;;;;;;;;3;;2;;
06/09/2017;20:06:00;76;sem vítima;178;BR-393/RJ;Pista Norte;Engavetamento;3;;;;;;;;;;10;;;;
06/09/2017;21:24:00;80;sem vítima;283,3;BR-393/RJ;Pista Norte;Colisão com veículos (traseira);1;;;1;;;;;;;2;;;;
06/09/2017;22:03:00;81;sem vítima;280;BR-393/RJ;Pista Norte;Colisão lateral no sentido contrário;2;;;;;;;;;;3;;;;
07/09/2017;23:14:00;71;com vítima;284,098;BR-393/RJ;Pista Sul;Colisão lateral no sentido contrário;1;;;1;;;;;;;1;1;;;
08/09/2017;18:07:00;50;sem vítima;280;BR-393/RJ;Pista Norte;Colisão com veículos (traseira);2;;;;;;;;;;2;;;;
09/09/2017;08:22:00;17;com vítima;257,946;BR-393/RJ;Pista Norte;Colisão lateral no sentido contrário;1;;1;;;;;;;;2;;1;;
09/09/2017;13:38:00;27;com vítima;268,383;BR-393/RJ;Pista Norte;Colisão lateral no sentido contrário;2;;;;;;;;;;1;2;;;
09/09/2017;17:32:00;39;sem vítima;281;BR-393/RJ;Pista Sul;Colisão lateral no sentido contrário;1;;;1;;;;;;;2;;;;
10/09/2017;04:37:00;14;sem vítima;274;BR-393/RJ;Pista Sul;Colisão c/ obstáculos;1;;;;;;;;;;3;;;;
10/09/2017;05:26:00;15;sem vítima;140,6;BR-393/RJ;Pista Sul;Colisão c/ obstáculos;1;;;;;;;;;;3;;;;
10/09/2017;18:03:00;48;com vítima;102,507;BR-393/RJ;Pista Sul;Acidentes de outra natureza;;;;1;;;;;;;0;2;;;
10/09/2017;20:30:00;61;com vítima;267,7;BR-393/RJ;Pista Sul;Colisão com veículos (traseira);2;;;1;;;;;;;3;1;;1;
11/09/2017;20:28:00;85;sem vítima;282,37;BR-393/RJ;Pista Norte;Colisão com veículos (traseira);2;;;;;;;;;;2;;;;
12/09/2017;10:59:00;42;com vítima;285,5;BR-393/RJ;Pista Norte;Colisão com veículos (traseira);2;;;;;;;;;;1;1;;;
13/09/2017;04:31:00;9;com vítima;121,446;BR-393/RJ;Pista Sul;Tombamento;;;1;;;;;;;;0;;;;1
13/09/2017;14:57:00;33;com vítima;105,184;BR-393/RJ;Pista Sul;Engavetamento;3;;;;;;;;;;0;4;;;
13/09/2017;21:09:00;56;sem vítima;164;BR-393/RJ;Pista Norte;Colisão c/ obstáculos;1;;;;;;;;;;1;;;;
14/09/2017;14:20:00;53;com vítima;265,178;BR-393/RJ;Pista Sul;Colisão com veículos (traseira);1;;1;;;;;;;;0;4;;;
14/09/2017;17:13:00;66;com vítima;233,944;BR-393/RJ;Pista Norte;Colisão lateral no sentido contrário;1;;;1;;;;;;;1;1;;;
15/09/2017;13:32:00;45;com vítima;268,244;BR-393/RJ;Pista Norte;Colisão lateral no sentido contrário;1;;1;;;;;;;;1;1;;1;
15/09/2017;16:09:00;59;sem vítima;157;BR-393/RJ;Pista Sul;Colisão com veículos (traseira);1;;1;;;;;;;;4;;;;
15/09/2017;21:54:00;88;sem vítima;284;BR-393/RJ;Pista Sul;Saídas de pista;1;;;;;;;;;;1;;;;
16/09/2017;06:33:00;16;com vítima;165,85;BR-393/RJ;Pista Sul;Colisão lateral no sentido contrário;2;;;;;;;;;;1;1;;;
16/09/2017;08:35:00;21;com vítima;106,42;BR-393/RJ;Pista Sul;Colisão lateral no sentido contrário;1;;;1;;;;;;;1;;1;;
16/09/2017;11:14:00;27;sem vítima;282;BR-393/RJ;Pista Sul;Colisão com veículos (traseira);2;;;;;;;;;;2;;;;
17/09/2017;06:40:00;15;sem vítima;240,481;BR-393/RJ;Pista Norte;Saídas de pista;1;;;;;;;;;;2;;;;
17/09/2017;12:09:00;25;sem vítima;195,08;BR-393/RJ;Pista Norte;Colisão com veículos (traseira);2;;;;;;;;;;6;;;;
17/09/2017;14:20:00;28;com vítima;284;BR-393/RJ;Pista Sul;Colisão com veículos (traseira);2;;;;;;;;;;2;1;;;
19/09/2017;09:49:00;31;com vítima;199,627;BR-393/RJ;Pista Norte;Colisão lateral no sentido contrário;;;2;;;;;;;;1;2;;;
19/09/2017;18:24:00;60;com vítima;160,178;BR-393/RJ;Pista Sul;Atropelamento de pedestre;1;;;;1;;;;;;2;1;1;;
19/09/2017;19:25:00;67;com vítima;105;BR-393/RJ;Pista Norte;Atropelamento de animais;1;;;;;;;;;;2;1;;;
19/09/2017;22:05:00;72;sem vítima;237;BR-393/RJ;Pista Sul;Colisão c/ obstáculos;2;;;;;;;;;;2;;;;
20/09/2017;08:54:00;22;com vítima;266,148;BR-393/RJ;Pista Norte;Tombamento;;;1;;;;;;;;0;2;;1;
20/09/2017;12:53:00;37;com vítima;285,581;BR-393/RJ;Pista Norte;Acidentes de outra natureza;;;;1;;;;;;;0;;1;;
20/09/2017;18:27:00;61;com vítima;238,462;BR-393/RJ;Pista Norte;Acidentes de outra natureza;;;;1;;;;;;;0;1;;;
21/09/2017;01:19:00;2;sem vítima;265;BR-393/RJ;Pista Sul;Colisão lateral no mesmo sentido;1;;1;;;;;;;;2;;;;
21/09/2017;20:59:00;63;com vítima;218,9;BR-393/RJ;Pista Sul;Saídas de pista;1;;;;;;;;;;0;2;;;
22/09/2017;07:44:00;12;com vítima;269;BR-393/RJ;Pista Norte;Saídas de pista;1;;;;;;;;;;0;1;;;
22/09/2017;08:31:00;14;sem vítima;283;BR-393/RJ;Pista Norte;Engavetamento;2;;1;1;;;;;;;4;;;;
23/09/2017;15:58:00;45;com vítima;230,281;BR-393/RJ;Pista Sul;Colisão c/ obstáculos;;;1;;;;;;;;0;1;;;
23/09/2017;19:46:00;59;com vítima;277,45;BR-393/RJ;Pista Norte;Saídas de pista;1;;;;;;;;;;0;1;;;
24/09/2017;07:06:00;15;sem vítima;246;BR-393/RJ;Pista Norte;Capotamento;1;;;;;;;;;;1;;;;
24/09/2017;07:26:00;17;com vítima;188;BR-393/RJ;Pista Norte;Atropelamento de pedestre;1;;;;;;;;;;1;;;1;
24/09/2017;18:22:00;48;com vítima;285;BR-393/RJ;Pista Norte;Colisão lateral no sentido contrário;2;;;;;;;;;;2;2;;;
27/09/2017;18:38:00;83;com vítima;178,302;BR-393/RJ;Pista Sul;Colisão com veículos (traseira);2;;;;;;;;;;1;1;;;
28/09/2017;12:02:00;39;sem vítima;177,793;BR-393/RJ;Pista Norte;Colisão com veículos (traseira);1;;;;;;;;;1;5;;;;
29/09/2017;11:48:00;35;com vítima;133,3;BR-393/RJ;Pista Sul;Atropelamento de pedestre;1;;;;;;;;;;0;2;;;
30/09/2017;08:27:00;18;com vítima;107;BR-393/RJ;Pista Sul;Colisão lateral no mesmo sentido;1;;1;;;;;;;;1;1;;;
30/09/2017;09:25:00;21;sem vítima;138;BR-393/RJ;Pista Sul;Colisão c/ obstáculos;;;1;;;;;;;;1;;;;
30/09/2017;11:20:00;26;com vítima;263;BR-393/RJ;Pista Sul;Saídas de pista;1;;;;;;;;;;0;1;;;
30/09/2017;13:12:00;33;sem vítima;123,337;BR-393/RJ;Pista Norte;Colisão c/ obstáculos;1;;;;;;;;;;1;;;;
30/09/2017;15:37:00;35;sem vítima;260;BR-393/RJ;Pista Norte;Saídas de pista;1;;;;;;;;;;4;;;;
01/10/2017;06:17:00;13;com vítima;130,345;BR-393/RJ;Pista Norte;Colisão c/ obstáculos;1;;;;;;;;;;0;1;;;
01/10/2017;07:14:00;16;com vítima;169,381;BR-393/RJ;Pista Sul;Colisão c/ obstáculos;1;;;;;;;;;;3;2;2;;
01/10/2017;17:34:00;51;sem vítima;284,569;BR-393/RJ;Pista Norte;Colisão com veículos (traseira);1;;;1;;;;;;;3;;;;
03/10/2017;04:40:00;12;sem vítima;230;BR-393/RJ;Pista Sul;Colisão com veículos (traseira);;;2;;;;;;;;2;;;;
04/10/2017;01:59:00;11;com vítima;236,8;BR-393/RJ;Pista Norte;Colisão com veículos (traseira);1;;1;;;;;;;;3;1;;;
06/10/2017;15:33:00;60;sem vítima;285,6;BR-393/RJ;Pista Sul;Colisão lateral no mesmo sentido;1;;1;;;;;;;;2;;;;
06/10/2017;23:32:00;80;sem vítima;280,313;BR-393/RJ;Pista Norte;Engavetamento;3;;;;;;;;;;3;;;;
07/10/2017;17:50:00;40;com vítima;285,9;BR-393/RJ;Pista Norte;Colisão com veículos (frontal);2;;;;;;;;;;2;1;1;;
07/10/2017;19:37:00;50;sem vítima;286;BR-393/RJ;Pista Norte;Colisão lateral no sentido contrário;2;;;;;;;;;;2;;;;
07/10/2017;20:32:00;54;com vítima;283,8;BR-393/RJ;Pista Norte;Colisão lateral no mesmo sentido;1;;;1;;;;;;;4;;;1;
07/10/2017;23:41:00;59;sem vítima;211;BR-393/RJ;Pista Norte;Atropelamento de animais;;;1;;;;;;;;1;;;;
08/10/2017;00:05:00;1;com vítima;111,6;BR-393/RJ;Pista Norte;Colisão lateral no sentido contrário;1;;1;;;;;;;;1;;;1;
08/10/2017;00:38:00;2;sem vítima;189,9;BR-393/RJ;Pista Norte;Atropelamento de animais;;;1;;;;;;;;1;;;;
08/10/2017;03:36:00;15;sem vítima;175;BR-393/RJ;Pista Norte;Capotamento;1;;;;;;;;;;1;;;;
08/10/2017;05:12:00;18;com vítima;112;BR-393/RJ;Pista Norte;Colisão com veículos (traseira);1;;;1;;;;;;;4;1;;;
08/10/2017;05:24:00;19;com vítima;136;BR-393/RJ;Pista Norte;Capotamento;1;;;;;;;;;;0;1;;;
08/10/2017;17:21:00;49;com vítima;246,7;BR-393/RJ;Pista Norte;Colisão com veículos (frontal);2;;1;;;;;;;;2;;;;1
08/10/2017;19:10:00;51;com vítima;244,5;BR-393/RJ;Pista Sul;Engavetamento;3;;;;;;;;;;2;5;;;
08/10/2017;19:40:00;53;com vítima;253,6;BR-393/RJ;Pista Sul;Capotamento;1;;;;;;;;;;0;2;;;
09/10/2017;05:46:00;14;com vítima;263,172;BR-393/RJ;Pista Sul;Acidentes de outra natureza;;;;1;;;;;;;0;1;;;
09/10/2017;20:56:00;68;sem vítima;281;BR-393/RJ;Pista Sul;Colisão lateral no mesmo sentido;1;;;1;;;;;;;2;;;;
10/10/2017;14:59:00;53;com vítima;268,295;BR-393/RJ;Pista Norte;Colisão lateral no sentido contrário;2;;;;;;;;;;3;1;;;
10/10/2017;22:57:00;81;com vítima;1,217;Alça Sul;Pista Norte;Colisão com veículos (traseira);2;;;;;;;;;;3;2;;;
11/10/2017;11:26:00;24;com vítima;281;BR-393/RJ;Pista Sul;Colisão lateral no sentido contrário;1;;;1;;;;;;;1;;1;;
11/10/2017;13:52:00;33;sem vítima;118,935;BR-393/RJ;Pista Norte;Colisão c/ obstáculos;1;;;;;;;;;;2;;;;
11/10/2017;21:14:00;60;com vítima;171;BR-393/RJ;Pista Norte;Capotamento;1;;;;;;;;;;0;1;;;
13/10/2017;18:50:00;78;sem vítima;286,35;BR-393/RJ;Pista Sul;Engavetamento;3;;;;;;;;;;4;;;;
14/10/2017;06:42:00;14;com vítima;161,572;BR-393/RJ;Pista Sul;Acidentes de outra natureza;;;;1;;;;;;;1;1;;;
14/10/2017;22:12:00;58;com vítima;280,531;BR-393/RJ;Pista Sul;Colisão com veículos (frontal);1;;;2;;;;;;;1;1;1;;
15/10/2017;15:15:00;34;sem vítima;178;BR-393/RJ;Pista Sul;Colisão com veículos (traseira);1;;1;;;;;;;;5;;;;
16/10/2017;06:39:00;17;sem vítima;284;BR-393/RJ;Pista Norte;Colisão com veículos (traseira);2;;;;;;;;;;2;;;;
16/10/2017;12:05:00;42;sem vítima;285,257;BR-393/RJ;Pista Norte;Colisão c/ obstáculos;2;;;;;;;;;;3;;;;
16/10/2017;14:35:00;47;com vítima;171,462;BR-393/RJ;Pista Norte;Colisão com veículos (frontal);2;;;;;;;;;;1;1;;;
17/10/2017;06:47:00;13;com vítima;176,824;BR-393/RJ;Pista Norte;Atropelamento de pedestre;1;1;;;;;;;;;0;2;;;
17/10/2017;20:27:00;58;com vítima;242,849;BR-393/RJ;Pista Sul;Colisão c/ obstáculos;1;;;;1;;;;;;2;1;;;
18/10/2017;00:21:00;1;sem vítima;2;Alça Sul;Pista Sul;Capotamento;1;;;;;;;;;;1;;;;
18/10/2017;23:32:00;81;sem vítima;195,095;BR-393/RJ;Pista Norte;Colisão lateral no mesmo sentido;1;;1;;;;;;;;3;;;;
20/10/2017;16:02:00;50;sem vítima;195;BR-393/RJ;Pista Sul;Colisão c/ obstáculos;;;1;;;;;;;;1;;;;
20/10/2017;16:09:00;51;com vítima;181,687;BR-393/RJ;Pista Sul;Acidentes de outra natureza;;;;1;;;;;;;0;;1;;
20/10/2017;21:12:00;66;com vítima;104;BR-393/RJ;Pista Sul;Acidentes de outra natureza;1;;;1;;;;;;;1;;1;;
21/10/2017;08:23:00;19;sem vítima;234,812;BR-393/RJ;Pista Sul;Acidentes de outra natureza;;;;1;;;;;;;1;;;;
22/10/2017;18:06:00;58;sem vítima;164,636;BR-393/RJ;Pista Sul;Acidentes de outra natureza;;;;1;;;;;;;2;;;;
23/10/2017;05:21:00;11;sem vítima;123;BR-393/RJ;Pista Sul;Colisão c/ obstáculos;;;1;;;;;;;;2;;;;
23/10/2017;15:18:00;36;com vítima;262,945;BR-393/RJ;Pista Sul;Capotamento;1;;;;;;;;;;0;;1;;
24/10/2017;10:16:00;23;com vítima;107,956;BR-393/RJ;Pista Sul;Acidentes de outra natureza;;;;1;;;;;;;0;1;;;
24/10/2017;17:46:00;42;com vítima;176,625;BR-393/RJ;Pista Norte;Engavetamento;3;;;;;;;;;;4;1;;;
25/10/2017;22:54:00;78;com vítima;102,511;BR-393/RJ;Pista Sul;Colisão lateral no sentido contrário;;;;1;1;;;;;;1;1;;1;
26/10/2017;10:35:00;40;com vítima;267,297;BR-393/RJ;Pista Sul;Colisão c/ obstáculos;1;;;;;;;;;;0;3;;;
26/10/2017;17:26:00;65;sem vítima;195;BR-393/RJ;Pista Sul;Colisão com veículos (traseira);1;;1;;;;;;;;3;;;;
27/10/2017;11:18:00;30;com vítima;102,797;BR-393/RJ;Pista Norte;Colisão lateral no sentido contrário;;;;2;;;;;;;1;1;;;
27/10/2017;16:19:00;45;sem vítima;151,871;BR-393/RJ;Pista Sul;Tombamento;;;1;;;;;;;;1;;;;
27/10/2017;16:37:00;47;sem vítima;169,23;BR-393/RJ;Pista Sul;Tombamento;;;1;;;;;;;;1;;;;
28/10/2017;05:21:00;15;sem vítima;212,586;BR-393/RJ;Pista Norte;Acidentes de outra natureza;;;;;;;;;;1;2;;;;
28/10/2017;12:12:00;27;com vítima;281,248;BR-393/RJ;Pista Norte;Colisão com veículos (traseira);2;;;;;;;;;;2;1;;;
29/10/2017;15:10:00;40;sem vítima;285,088;BR-393/RJ;Pista Sul;Colisão lateral no sentido contrário;1;;;;1;;;;;;2;;;;
30/10/2017;10:35:00;42;com vítima;280,566;BR-393/RJ;Pista Norte;Atropelamento de pedestre;1;;;;;;;;;;0;2;;;
30/10/2017;18:40:00;68;sem vítima;285,092;BR-393/RJ;Pista Sul;Colisão com veículos (traseira);1;;;;;;;;;1;2;;;;
30/10/2017;18:54:00;69;sem vítima;285,251;BR-393/RJ;Pista Sul;Colisão lateral no mesmo sentido;1;;;;1;;;;;;4;;;;
30/10/2017;20:12:00;76;com vítima;182;BR-393/RJ;Pista Sul;Colisão lateral no mesmo sentido;2;;;;;;;;;;2;1;;;
31/10/2017;05:21:00;10;com vítima;0,832;Alça Sul;Pista Norte;Atropelamento de animais;1;;;;;;;;;;0;1;;;
31/10/2017;12:13:00;31;sem vítima;282;BR-393/RJ;Pista Sul;Colisão lateral no sentido contrário;1;;;1;;;;;;;2;;;;
31/10/2017;18:12:00;59;com vítima;282,2;BR-393/RJ;Pista Sul;Colisão com veículos (traseira);2;;;;;;;;;;0;2;;;
31/10/2017;22:30:00;78;com vítima;169;BR-393/RJ;Pista Norte;Atropelamento de animais;1;;;;;;;;;;1;1;;;
03/11/2017;00:45:00;1;com vítima;160,027;BR-393/RJ;Pista Sul;Tombamento;;;1;;;;;;;;0;1;;;
03/11/2017;18:03:00;53;com vítima;243,614;BR-393/RJ;Pista Sul;Tombamento;;;1;;;;;;;1;1;1;;;
04/11/2017;18:56:00;53;sem vítima;285,037;BR-393/RJ;Pista Norte;Colisão c/ obstáculos;1;;;;;;;;;;1;;;;
04/11/2017;21:37:00;62;com vítima;102,223;BR-393/RJ;Pista Norte;Colisão c/ obstáculos;;;;1;;;;;;;0;;2;;
05/11/2017;07:52:00;18;sem vítima;275,6;BR-393/RJ;Pista Norte;Colisão com veículos (traseira);2;;;;;;;;;;5;;;;
05/11/2017;16:55:00;37;sem vítima;151,91;BR-393/RJ;Pista Norte;Saida de Pista;1;;;;;;;;;;1;;;;
06/11/2017;12:04:00;39;sem vítima;231;BR-393/RJ;Pista Norte;Colisão lateral no sentido contrário;1;;1;;;;;;;;2;;;;
07/11/2017;14:28:00;57;sem vítima;101,9;BR-393/RJ;Pista Norte;Colisão lateral no sentido contrário;2;;;;;;;;;;2;;;;
07/11/2017;17:05:00;62;com vítima;134,595;BR-393/RJ;Pista Sul;Acidentes de outra natureza;;;;1;;;;;;;0;1;1;;
07/11/2017;20:44:00;69;com vítima;194;BR-393/RJ;Pista Sul;Acidentes de outra natureza;;;;1;;;;;;;0;1;;;
09/11/2017;13:11:00;52;sem vítima;282;BR-393/RJ;Pista Norte;Colisão lateral no sentido contrário;1;;1;;;;;;;;2;;;;
10/11/2017;02:47:00;11;sem vítima;254;BR-393/RJ;Pista Norte;Colisão c/ obstáculos;1;;;;;;;;;;2;;;;
10/11/2017;05:20:00;14;com vítima;181,8;BR-393/RJ;Pista Sul;Colisão com veículos (traseira);1;;1;;;;;;;;1;1;;;
10/11/2017;17:13:00;68;sem vítima;281,5;BR-393/RJ;Pista Norte;Colisão lateral no sentido contrário;1;;;1;;;;;;;2;;;;
10/11/2017;17:41:00;71;sem vítima;282;BR-393/RJ;Pista Norte;Colisão com veículos (traseira);2;;;;;;;;;;2;;;;
11/11/2017;04:47:00;16;sem vítima;242,5;BR-393/RJ;Pista Sul;Colisão c/ obstáculos;1;;;;;;;;;;4;;;;
11/11/2017;06:03:00;17;com vítima;283,366;BR-393/RJ;Pista Sul;Colisão com veículos (traseira);1;;;1;;;;;;;3;1;;;
11/11/2017;09:47:00;28;com vítima;139,589;BR-393/RJ;Pista Sul;Colisão c/ obstáculos;1;;;;;;;;;;0;3;;;
11/11/2017;16:09:00;43;com vítima;285;BR-393/RJ;Pista Sul;Engavetamento;3;;;;;;;;;;5;1;;;
11/11/2017;16:30:00;44;sem vítima;137,266;BR-393/RJ;Pista Norte;Colisão c/ obstáculos;1;;;;;;;;;;3;;;;
11/11/2017;18:15:00;48;sem vítima;270,664;BR-393/RJ;Pista Norte;Colisão lateral no sentido contrário;2;;;;;;;;;;3;;;;
11/11/2017;19:27:00;51;sem vítima;266;BR-393/RJ;Pista Norte;Colisão c/ obstáculos;1;;;;;;;;;;1;;;;
13/11/2017;03:18:00;5;sem vítima;168,5;BR-393/RJ;Pista Norte;Colisão c/ obstáculos;;;1;;;;;;;;1;;;;
13/11/2017;18:33:00;58;sem vítima;285;BR-393/RJ;Pista Norte;Engavetamento;2;;1;;;;;;;;3;;;;
14/11/2017;05:51:00;11;com vítima;264,176;BR-393/RJ;Pista Sul;Tombamento;;;1;;;;;;;;0;1;;;
14/11/2017;09:19:00;21;sem vítima;195;BR-393/RJ;Pista Sul;Colisão c/ obstáculos;1;;1;;;;;;;;4;;;;
15/11/2017;10:21:00;34;com vítima;164,653;BR-393/RJ;Pista Norte;Acidentes de outra natureza;;;;1;;;;;;;0;1;;;