data;horario;n_da_ocorrencia;tipo_de_ocorrencia;km;trecho;sentido;tipo_de_acidente;automovel;bicicleta;caminhao;moto;onibus;outros;tracao_animal;transporte_de_cargas_especiais;trator_maquinas;utilitarios;ilesos;levemente_feridos;moderadamente_feridos;gravemente_feridos;mortos
06/02/2018;22:01:00;86;sem vítima;286,312;BR-393/RJ;Pista Norte;Colisão com veículos (traseira);1;;1;;;;;;;;3;;;;
06/02/2018;22:26:00;88;sem vítima;286,02;BR-393/RJ;Pista Sul;Colisão lateral no sentido contrário;1;;;;;;;;;1;2;;;;
07/02/2018;04:00:00;8;sem vítima;238,522;BR-393/RJ;Pista Sul;Colisão lateral no sentido contrário;1;;1;;;;;;;;3;;;;
07/02/2018;13:57:00;55;com vítima;181,9;BR-393/RJ;Pista Sul;Colisão lateral no sentido contrário;1;;;1;;;;;;;2;1;;;
08/02/2018;08:22:00;32;sem vítima;283,775;BR-393/RJ;Pista Sul;Tombamento;;;1;;;;;;;;2;;;;
08/02/2018;21:06:00;80;sem vítima;283,718;BR-393/RJ;Pista Sul;Colisão com veículos (traseira);2;;;;;;;;;;3;;;;
09/02/2018;06:48:00;20;com vítima;279,315;BR-393/RJ;Pista Norte;Acidentes de outra natureza;;;;1;;;;;;;0;1;;;
09/02/2018;10:30:00;31;sem vítima;160,603;BR-393/RJ;Pista Sul;Colisão lateral no sentido contrário;2;;;;;;;;;;4;;;;
09/02/2018;11:13:00;34;com vítima;102,944;BR-393/RJ;Pista Norte;Atropelamento de pedestre;;1;1;;;;;;;;1;;1;;
10/02/2018;06:15:00;24;com vítima;147,612;BR-393/RJ;Pista Norte;Colisão com veículos (traseira);2;;;;;;;;;;5;1;;;
10/02/2018;14:24:00;60;com vítima;182,412;BR-393/RJ;Pista Norte;Colisão lateral no mesmo sentido;1;;;;1;;;;;;7;1;;;
11/02/2018;12:16:00;45;com vítima;229,001;BR-393/RJ;Pista Norte;Saídas de pista;;;1;;;;;;;;0;1;;;
12/02/2018;12:28:00;39;sem vítima;211,16;BR-393/RJ;Pista Sul;Colisão c/ obstáculos;1;;;;;;;;;;3;;;;
13/02/2018;21:46:00;62;com vítima;169,518;BR-393/RJ;Pista Sul;Colisão lateral no sentido contrário;1;;;;;;;;;1;10;2;;;
14/02/2018;01:15:00;3;sem vítima;274,081;BR-393/RJ;Pista Sul;Saídas de pista;1;;;;;;;;;;1;;;;
14/02/2018;02:04:00;5;sem vítima;238,713;BR-393/RJ;Pista Sul;Colisão c/ obstáculos;1;;;;;;;;;;2;;;;
14/02/2018;11:17:00;30;com vítima;147,525;BR-393/RJ;Pista Norte;Capotamento;1;;;;;;;;;;0;;1;;
14/02/2018;11:35:00;32;sem vítima;107,27;BR-393/RJ;Pista Sul;Colisão com veículos (traseira);2;;;;;;;;;;4;;;;
14/02/2018;15:02:00;44;sem vítima;147,713;BR-393/RJ;Pista Norte;Colisão com veículos (traseira);;;1;;;;;;;1;3;;;;
14/02/2018;23:22:00;65;com vítima;122,9;BR-393/RJ;Pista Sul;Atropelamento de pedestre;;;;1;;;;;;;0;;1;;1
14/02/2018;23:33:00;66;sem vítima;181,215;BR-393/RJ;Pista Sul;Colisão com veículos (traseira);2;;;;;;;;;;3;;;;
16/02/2018;17:59:00;69;sem vítima;237,904;BR-393/RJ;Pista Norte;Colisão lateral no sentido contrário;2;;;;;;;;;;6;;;;
16/02/2018;22:16:00;87;sem vítima;230,81;BR-393/RJ;Pista Norte;Colisão c/ obstáculos;;;;;1;;;;;;1;;;;
18/02/2018;05:34:00;16;sem vítima;280,117;BR-393/RJ;Pista Sul;Colisão com veículos (traseira);2;;;;;;;;;;2;;;;
18/02/2018;18:39:00;49;com vítima;181,164;BR-393/RJ;Pista Sul;Engavetamento;3;;;;;;;;;;5;1;;;
18/02/2018;18:49:00;50;sem vítima;124,263;BR-393/RJ;Pista Norte;Colisão c/ obstáculos;1;;;;;;;;;;2;;;;
19/02/2018;12:36:00;61;sem vítima;238,938;BR-393/RJ;Pista Norte;Capotamento;1;;;;;;;;;;2;;;;
19/02/2018;20:59:00;87;sem vítima;236,487;BR-393/RJ;Pista Sul;Colisão com veículos (traseira);2;;;;;;;;;;3;;;;
20/02/2018;15:21:00;62;sem vítima;282,4;BR-393/RJ;Pista Norte;Colisão lateral no sentido contrário;1;;;;;;;;;1;3;;;;
20/02/2018;16:03:00;65;sem vítima;215,895;BR-393/RJ;Pista Norte;Colisão lateral no sentido contrário;1;;1;;;;;;;;2;;;;
21/02/2018;15:09:00;52;sem vítima;279,28;BR-393/RJ;Pista Norte;Engavetamento;3;;;;;;;;;;3;;;;
21/02/2018;17:55:00;59;com vítima;235,434;BR-393/RJ;Pista Norte;Colisão lateral no sentido contrário;2;;;;;;;;;;0;1;2;;
21/02/2018;22:41:00;63;sem vítima;278,776;BR-393/RJ;Pista Norte;Colisão lateral no sentido contrário;2;;;;;;;;;;2;;;;
22/02/2018;05:37:00;13;sem vítima;252,384;BR-393/RJ;Pista Sul;Saídas de pista;;;;;;;;;;1;1;;;;
22/02/2018;13:28:00;50;sem vítima;282,15;BR-393/RJ;Pista Norte;Colisão lateral no sentido contrário;2;;;;;;;;;;2;;;;
22/02/2018;13:48:00;52;sem vítima;282,05;BR-393/RJ;Pista Sul;Colisão com veículos (traseira);2;;;;;;;;;;2;;;;
22/02/2018;16:59:00;62;sem vítima;266,066;BR-393/RJ;Pista Norte;Colisão lateral no mesmo sentido;;;2;;;;;;;;3;;;;
24/02/2018;05:11:00;14;com vítima;208,601;BR-393/RJ;Pista Norte;Colisão c/ obstáculos;1;;;;;;;;;;0;1;1;;
24/02/2018;05:49:00;15;com vítima;278,87;BR-393/RJ;Pista Sul;Colisão com veículos (traseira);2;;;;;;;;;;2;3;1;;
24/02/2018;13:35:00;46;sem vítima;230,802;BR-393/RJ;Pista Norte;Colisão lateral no sentido contrário;2;;;;;;;;;;8;;;;
24/02/2018;20:29:00;62;com vítima;232,563;BR-393/RJ;Pista Sul;Colisão lateral no sentido contrário;2;;;;;;;;;;1;2;;;
25/02/2018;22:24:00;52;com vítima;167,92;BR-393/RJ;Pista Sul;Atropelamento de pedestre;1;1;;;;;;;;;2;1;;;
26/02/2018;12:49:00;36;sem vítima;283,471;BR-393/RJ;Pista Sul;Colisão com veículos (traseira);2;;;;;;;;;;5;;;;
26/02/2018;13:05:00;37;com vítima;236,594;BR-393/RJ;Pista Norte;Colisão lateral no mesmo sentido;;;;1;1;;;;;;1;1;;;
26/02/2018;13:27:00;39;sem vítima;281,123;BR-393/RJ;Pista Norte;Colisão lateral no sentido contrário;2;;;;;;;;;;2;;;;
26/02/2018;14:17:00;41;com vítima;245,495;BR-393/RJ;Pista Sul;Colisão lateral no mesmo sentido;1;;;1;;;;;;;1;1;;;
27/02/2018;07:48:00;24;sem vítima;282,15;BR-393/RJ;Pista Sul;Engavetamento;2;;;;;;;;;1;3;;;;
27/02/2018;12:25:00;52;sem vítima;251,851;BR-393/RJ;Pista Norte;Engavetamento;;;3;;;;;;;;3;;;;
27/02/2018;18:29:00;75;sem vítima;266,612;BR-393/RJ;Pista Sul;Colisão lateral no sentido contrário;;;1;;1;;;;;;23;;;;
27/02/2018;19:39:00;84;com vítima;279,303;BR-393/RJ;Pista Sul;Atropelamento de pedestre;1;1;;;;;;;;;1;1;;;
28/02/2018;19:38:00;70;sem vítima;194,503;BR-393/RJ;Pista Sul;Colisão com veículos (traseira);1;;;;1;;;;;;2;;;;
01/03/2018;08:51:00;24;sem vítima;184,83;BR-393/RJ;Pista Sul;Acidentes de outra natureza;;;1;;;;;;;;1;;;;
01/03/2018;12:06:00;46;com vítima;151,95;BR-393/RJ;Pista Sul;Tombamento;;;1;;;;;;;;0;1;;;
01/03/2018;14:50:00;54;sem vítima;232,696;BR-393/RJ;Pista Sul;Colisão c/ obstáculos;1;;;;;;;;;;1;;;;
02/03/2018;05:20:00;22;sem vítima;2,52;Alça Sul;Pista Norte;Atropelamento de animais;;;;;1;;;;;;1;;;;
02/03/2018;16:33:00;62;com vítima;238,237;BR-393/RJ;Pista Norte;Colisão com veículos (traseira);2;;;;;;;;;;4;1;;;
02/03/2018;21:28:00;77;com vítima;158,8;BR-393/RJ;Pista Sul;Colisão lateral no sentido contrário;1;;;1;;;;;;;1;;1;;
03/03/2018;17:41:00;55;com vítima;144,9;BR-393/RJ;Pista Norte;Acidentes de outra natureza;;;;1;;;;;;;0;;1;;
03/03/2018;18:10:00;58;sem vítima;265,6;BR-393/RJ;Pista Norte;Colisão c/ obstáculos;;;1;;;;;;;;1;;;;
03/03/2018;20:56:00;69;sem vítima;265,6;BR-393/RJ;Pista Norte;Colisão lateral no mesmo sentido;1;;1;;;;;;;;4;;;;
04/03/2018;22:40:00;51;com vítima;105,1;BR-393/RJ;Pista Sul;Colisão lateral no sentido contrário;2;;;;;;;;;;0;2;;;
08/03/2018;10:03:00;37;com vítima;259,386;BR-393/RJ;Pista Norte;Colisão lateral no sentido contrário;1;;1;;;;;;;;0;1;;;2
10/03/2018;04:36:00;7;sem vítima;286,003;BR-393/RJ;Pista Sul;Colisão lateral no sentido contrário;2;;;;;;;;;;5;;;;
10/03/2018;18:02:00;54;sem vítima;281,74;BR-393/RJ;Pista Norte;Colisão c/ obstáculos;1;;;;;;;;;;1;;;;
10/03/2018;23:50:00;80;sem vítima;284,35;BR-393/RJ;Pista Sul;Colisão com veículos (traseira);2;;;;;;;;;;2;;;;
11/03/2018;12:34:00;42;com vítima;238,526;BR-393/RJ;Pista Norte;Acidentes de outra natureza;;;;1;;;;;;;0;1;;;
11/03/2018;16:40:00;56;com vítima;137,872;BR-393/RJ;Pista Norte;Capotamento;1;;;;;;;;;;0;1;;;
11/03/2018;17:28:00;58;sem vítima;138,5;BR-393/RJ;Pista Sul;Colisão c/ obstáculos;1;;1;;;;;;;;2;;;;
11/03/2018;19:16:00;64;com vítima;180,4;BR-393/RJ;Pista Norte;Atropelamento de pedestre;1;;;;;;;;;;1;;;1;
11/03/2018;21:01:00;69;sem vítima;268,34;BR-393/RJ;Pista Norte;Colisão lateral no sentido contrário;1;;1;;;;;;;;3;;;;
12/03/2018;06:28:00;17;com vítima;229,459;BR-393/RJ;Pista Norte;Saídas de pista;1;;;;;;;;;;3;2;;;
12/03/2018;23:15:00;78;sem vítima;164,779;BR-393/RJ;Pista Norte;Colisão c/ obstáculos;1;;;;;;;;;;1;;;;
13/03/2018;21:11:00;56;com vítima;285,95;BR-393/RJ;Pista Norte;Colisão lateral no sentido contrário;1;;;1;;;;;;;1;;2;;
15/03/2018;14:21:00;54;com vítima;282,213;BR-393/RJ;Pista Norte;Capotamento;1;;;;;;;;;;0;1;;;
15/03/2018;19:48:00;74;sem vítima;224,663;BR-393/RJ;Pista Sul;Colisão com veículos (traseira);1;;1;;;;;;;;2;;;;
17/03/2018;02:36:00;5;sem vítima;177,468;BR-393/RJ;Pista Sul;Colisão com veículos (traseira);1;;;;;;;;;1;3;;;;
17/03/2018;12:42:00;26;com vítima;165,8;BR-393/RJ;Pista Norte;Colisão lateral no sentido contrário;1;;1;;;;;;;;0;3;;;
18/03/2018;05:15:00;20;com vítima;242,95;BR-393/RJ;Pista Norte;Colisão com veículos (frontal);2;;;;;;;;;;1;;;3;
18/03/2018;08:17:00;26;sem vítima;161,919;BR-393/RJ;Pista Sul;Tombamento;;;1;;;;;;;;1;;;;
20/03/2018;19:56:00;62;sem vítima;265,15;BR-393/RJ;Pista Sul;Colisão com veículos (traseira);1;;1;;;;;;;;2;;;;
21/03/2018;07:56:00;23;com vítima;161,61;BR-393/RJ;Pista Sul;Saídas de pista;1;;;;;;;;;;0;1;;;
21/03/2018;08:34:00;25;com vítima;178,44;BR-393/RJ;Pista Norte;Acidentes de outra natureza;;;;1;;;;;;;0;1;;;
23/03/2018;17:32:00;63;com vítima;102,753;BR-393/RJ;Pista Sul;Colisão lateral no sentido contrário;1;;;1;;;;;;;0;1;1;;
23/03/2018;20:05:00;71;sem vítima;218,297;BR-393/RJ;Pista Sul;Saídas de pista;;;1;;;;;;;;1;;;;
24/03/2018;00:27:00;2;com vítima;236,783;BR-393/RJ;Pista Sul;Colisão lateral no sentido contrário;1;;;1;;;;;;;2;1;;;
24/03/2018;14:24:00;34;com vítima;103,872;BR-393/RJ;Pista Sul;Acidentes de outra natureza;;;;1;;;;;;;0;1;;;
24/03/2018;19:42:00;53;sem vítima;282,21;BR-393/RJ;Pista Norte;Colisão com veículos (traseira);2;;;;;;;;;;5;;;;
24/03/2018;20:48:00;58;com vítima;232,123;BR-393/RJ;Pista Norte;Colisão com veículos (traseira);2;;;;;;;;;;1;3;;;
24/03/2018;20:54:00;60;com vítima;231,94;BR-393/RJ;Pista Norte;Acidentes de outra natureza;;;;1;;;;;;;0;;1;;
24/03/2018;22:35:00;65;com vítima;283,8;BR-393/RJ;Pista Norte;Atropelamento de pedestre;3;;;;;;;;;;1;;1;1;
25/03/2018;01:20:00;5;sem vítima;140,137;BR-393/RJ;Pista Norte;Colisão c/ obstáculos;;;1;;;;;;;;1;;;;
25/03/2018;14:35:00;31;com vítima;230,055;BR-393/RJ;Pista Sul;Acidentes de outra natureza;;;;1;;;;;;;0;1;;;
26/03/2018;07:52:00;17;com vítima;189,021;BR-393/RJ;Pista Norte;Colisão c/ obstáculos;;;1;1;;;;;;;1;;1;;
27/03/2018;01:46:00;3;com vítima;178,53;BR-393/RJ;Pista Norte;Colisão lateral no sentido contrário;1;;1;;;;;;;;1;1;;;
27/03/2018;07:42:00;27;sem vítima;283,655;BR-393/RJ;Pista Sul;Colisão lateral no sentido contrário;2;;;;;;;;;;2;;;;
27/03/2018;08:15:00;28;sem vítima;265,1;BR-393/RJ;Pista Norte;Colisão c/ obstáculos;;;;;1;;;;;;1;;;;
28/03/2018;05:14:00;12;com vítima;271,597;BR-393/RJ;Pista Sul;Colisão lateral no sentido contrário;1;;1;;;;;;;;1;;1;;
28/03/2018;09:08:00;25;com vítima;238,678;BR-393/RJ;Pista Norte;Acidentes de outra natureza;;;;1;;;;;;;0;1;;;
28/03/2018;12:47:00;41;com vítima;133,344;BR-393/RJ;Pista Norte;Atropelamento de pedestre;;1;;1;;;;;;;1;1;;;
29/03/2018;02:11:00;5;sem vítima;155,51;BR-393/RJ;Pista Norte;Capotamento;1;;;;;;;;;;1;;;;
29/03/2018;06:57:00;19;sem vítima;134,231;BR-393/RJ;Pista Norte;Colisão com veículos (traseira);1;;1;;;;;;;;6;;;;
30/03/2018;10:03:00;23;com vítima;107,8;BR-393/RJ;Pista Norte;Colisão c/ obstáculos;2;1;;1;;;;;;;5;1;;;
30/03/2018;13:26:00;32;sem vítima;165,265;BR-393/RJ;Pista Norte;Colisão c/ obstáculos;1;;;;;;;;;;1;;;;
30/03/2018;16:13:00;43;sem vítima;278,882;BR-393/RJ;Pista Sul;Colisão com veículos (traseira);2;;;;;;;;;;2;;;;
30/03/2018;19:00:00;52;com vítima;247,165;BR-393/RJ;Pista Norte;Colisão c/ obstáculos;1;;;;;;;;;;0;1;;;
31/03/2018;10:43:00;20;sem vítima;107,2;BR-393/RJ;Pista Norte;Colisão lateral no mesmo sentido;1;;1;;;;;;;;4;;;;
31/03/2018;20:13:00;43;sem vítima;279,677;BR-393/RJ;Pista Norte;Colisão com veículos (traseira);2;;;;;;;;;;3;;;;
01/04/2018;12:39:00;32;com vítima;200,5;BR-393/RJ;Pista Norte;Colisão lateral no sentido contrário;2;;;;;;;;;;1;1;;;
02/04/2018;18:58:00;58;sem vítima;285,113;BR-393/RJ;Pista Norte;Colisão com veículos (traseira);2;;;;;;;;;;5;;;;
03/04/2018;08:25:00;28;com vítima;283,58;BR-393/RJ;Pista Norte;Atropelamento de pedestre;;1;1;;;;;;;;2;;;1;
03/04/2018;17:51:00;61;sem vítima;281,68;BR-393/RJ;Pista Norte;Engavetamento;4;;;;;;;;;;9;;;;
03/04/2018;18:53:00;64;sem vítima;138,347;BR-393/RJ;Pista Norte;Colisão c/ obstáculos;1;;;;;;;;;;1;;;;
04/04/2018;22:38:00;64;com vítima;165,237;BR-393/RJ;Pista Norte;Colisão com veículos (frontal);2;;;;;;;;;;0;2;;;
05/04/2018;01:35:00;8;sem vítima;211,704;BR-393/RJ;Pista Norte;Atropelamento de animais;;;1;;;;;;;;1;;;;
05/04/2018;10:03:00;35;com vítima;168;BR-393/RJ;Pista Norte;Colisão lateral no mesmo sentido;1;;;1;;;;;;;1;1;;;
08/04/2018;03:40:00;19;sem vítima;244,367;BR-393/RJ;Pista Sul;Colisão c/ obstáculos;1;;;;;;;;;;1;;;;
08/04/2018;22:45:00;55;com vítima;124;BR-393/RJ;Pista Norte;Acidentes de outra natureza;;;;1;;;;;;;1;1;;;
08/04/2018;22:55:00;56;com vítima;163,929;BR-393/RJ;Pista Norte;Colisão com veículos (traseira);1;;1;;;;;;;;1;1;;;
09/04/2018;03:29:00;2;sem vítima;282,521;BR-393/RJ;Pista Sul;Saídas de pista;1;;;;;;;;;;1;;;;
10/04/2018;16:50:00;48;sem vítima;175;BR-393/RJ;Pista Sul;Acidentes de outra natureza;;;;1;;;;;;;1;;;;
10/04/2018;17:33:00;49;com vítima;281,435;BR-393/RJ;Pista Sul;Colisão lateral no sentido contrário;1;;;1;;;;;;;1;1;;;
10/04/2018;18:30:00;54;sem vítima;282;BR-393/RJ;Pista Norte;Colisão lateral no mesmo sentido;1;;1;;;;;;;;2;;;;
10/04/2018;22:30:00;60;com vítima;244,263;BR-393/RJ;Pista Sul;Acidentes de outra natureza;;;;1;;;;;;;0;2;;;
11/04/2018;15:19:00;59;com vítima;281;BR-393/RJ;Pista Norte;Colisão c/ obstáculos;;;;1;;;;;;;1;1;;;
12/04/2018;18:47:00;64;com vítima;103,639;BR-393/RJ;Pista Norte;Colisão c/ obstáculos;1;;1;1;;;;;;;2;;;1;1
13/04/2018;13:04:00;35;com vítima;177,673;BR-393/RJ;Pista Sul;Colisão lateral no mesmo sentido;1;;;1;;;;;;;1;1;;;
14/04/2018;07:00:00;19;com vítima;161,701;BR-393/RJ;Pista Norte;Tombamento;;;1;;;;;;;;0;1;;;
14/04/2018;13:32:00;33;com vítima;280,177;BR-393/RJ;Pista Norte;Atropelamento de pedestre;1;1;;;;;;;;;1;1;;;
14/04/2018;18:01:00;52;com vítima;161,348;BR-393/RJ;Pista Norte;Acidentes de outra natureza;;;;1;;;;;;;0;1;;;
14/04/2018;22:26:00;67;com vítima;106,888;BR-393/RJ;Pista Norte;Colisão lateral no sentido contrário;1;;;1;;;;;;;3;;1;;
15/04/2018;02:28:00;4;com vítima;280,13;BR-393/RJ;Pista Norte;Colisão com veículos (traseira);1;;;;1;;;;;;1;1;;;
15/04/2018;06:32:00;17;sem vítima;271,285;BR-393/RJ;Pista Norte;Colisão com veículos (traseira);2;;;;;;;;;;5;;;;
15/04/2018;13:49:00;31;com vítima;128,082;BR-393/RJ;Pista Sul;Acidentes de outra natureza;;;;1;;;;;;;0;2;;;
15/04/2018;14:16:00;34;sem vítima;129,966;BR-393/RJ;Pista Sul;Saídas de pista;1;;;;;;;;;;2;;;;
15/04/2018;19:12:00;47;sem vítima;282;BR-393/RJ;Pista Norte;Colisão lateral no sentido contrário;2;;1;;;;;;;;3;;;;
16/04/2018;14:38:00;47;com vítima;254;BR-393/RJ;Pista Norte;Colisão c/ obstáculos;1;;;;;;;;;;2;2;;;
16/04/2018;18:43:00;64;com vítima;250,954;BR-393/RJ;Pista Norte;Colisão lateral no mesmo sentido;1;;;;;;;;;1;1;3;;;
17/04/2018;08:09:00;17;com vítima;282,38;BR-393/RJ;Pista Norte;Acidentes de outra natureza;;;;1;;;;;;;0;1;;;
17/04/2018;19:56:00;54;com vítima;281,096;BR-393/RJ;Pista Sul;Colisão lateral no sentido contrário;1;;1;;1;;;;;;2;1;;;
19/04/2018;10:52:00;34;com vítima;114,337;BR-393/RJ;Pista Norte;Colisão c/ obstáculos;;;1;;;;;;;;0;1;;;
19/04/2018;11:57:00;40;sem vítima;286,077;BR-393/RJ;Pista Norte;Colisão com veículos (traseira);1;;1;;;;;;;;2;;;;
20/04/2018;13:09:00;49;com vítima;281,8;BR-393/RJ;Pista Norte;Atropelamento de pedestre;1;1;;;;;;;;;3;1;;;
21/04/2018;06:08:00;23;com vítima;174,8;BR-393/RJ;Pista Sul;Saídas de pista;1;;;;;;;;;;0;1;;;
22/04/2018;06:21:00;19;com vítima;268,091;BR-393/RJ;Pista Sul;Colisão com veículos (frontal);2;;;1;;;;;;;2;1;3;;
22/04/2018;09:56:00;23;com vítima;279,54;BR-393/RJ;Pista Norte;Colisão com veículos (traseira);1;;;1;;;;;;;0;2;;;
22/04/2018;11:20:00;28;sem vítima;146,705;BR-393/RJ;Pista Sul;Saídas de pista;;;1;;;;;;;;1;;;;
22/04/2018;19:21:00;42;com vítima;184,442;BR-393/RJ;Pista Sul;Colisão com veículos (frontal);2;;;;;;;;;;1;2;;;
22/04/2018;20:16:00;43;com vítima;282,532;BR-393/RJ;Pista Norte;Acidentes de outra natureza;;;;1;;;;;;;0;2;;;
23/04/2018;17:38:00;46;com vítima;281,199;BR-393/RJ;Pista Norte;Colisão lateral no sentido contrário;;;1;1;;;;;;;1;;1;;
23/04/2018;18:22:00;48;com vítima;179,334;BR-393/RJ;Pista Norte;Colisão lateral no sentido contrário;;;1;1;;;;;;;1;;1;;
24/04/2018;18:47:00;63;sem vítima;181,938;BR-393/RJ;Pista Sul;Engavetamento;3;;;;;;;;;;7;;;;
26/04/2018;05:32:00;13;sem vítima;195,059;BR-393/RJ;Pista Norte;Colisão c/ obstáculos;;;1;;;;;;;;1;;;;
30/04/2018;05:05:00;19;sem vítima;198,998;BR-393/RJ;Pista Sul;Colisão c/ obstáculos;1;;1;;;;;;;;6;;;;
30/04/2018;13:35:00;31;com vítima;238,63;BR-393/RJ;Pista Sul;Colisão lateral no sentido contrário;1;;1;;;;;;;;1;2;;;
30/04/2018;21:54:00;48;sem vítima;172,317;BR-393/RJ;Pista Norte;Colisão c/ obstáculos;1;;;;;;;;;;1;;;;
30/04/2018;05:05:00;19;sem vítima;198,998;BR-393/RJ;Pista Sul;Colisão c/ obstáculos;1;;1;;;;;;;;6;;;;
30/04/2018;13:35:00;31;com vítima;238,63;BR-393/RJ;Pista Sul;Colisão lateral no sentido contrário;1;;1;;;;;;;;1;2;;;
30/04/2018;21:54:00;48;sem vítima;172,317;BR-393/RJ;Pista Norte;Colisão c/ obstáculos;1;;;;;;;;;;1;;;;
01/05/2018;10:59:00;24;sem vítima;280,227;BR-393/RJ;Norte;Colisão com veículos (traseira);2;;;;;;;;;;2;;;;
01/05/2018;14:15:00;39;sem vítima;216,129;BR-393/RJ;Sul;Colisão lateral no mesmo sentido;;;2;;;;;;;;2;;;;
01/05/2018;16:21:00;51;sem vítima;258,481;BR-393/RJ;Sul;Colisão com veículos (frontal);2;;;;;;;;;;3;;;;
04/05/2018;12:21:00;38;com vítima;106,595;BR-393/RJ;Sul;Colisão lateral no sentido contrário;;;1;1;;;;;;;1;;1;;
05/05/2018;09:50:00;33;com vítima;104,777;BR-393/RJ;Norte;Colisão lateral no sentido contrário;2;;;;;;;;;;0;2;;;
06/05/2018;21:21:00;50;com vítima;279,067;BR-393/RJ;Sul;Colisão com veículos (frontal);1;;;1;;;;;;;1;;;1;
07/05/2018;11:34:00;43;com vítima;106,629;BR-393/RJ;Norte;Colisão lateral no sentido contrário;1;;;1;;;;;;;1;1;;;
07/05/2018;13:27:00;48;sem vítima;178,532;BR-393/RJ;Norte;Colisão lateral no sentido contrário;1;;;1;;;;;;;2;;;;
08/05/2018;09:04:00;28;sem vítima;273,033;BR-393/RJ;Norte;Saídas de pista;;;1;;;;;;;;1;;;;
08/05/2018;16:03:00;60;sem vítima;274,89;BR-393/RJ;Sul;Saídas de pista;1;;;;;;;;;;1;;;;
09/05/2018;10:02:00;29;com vítima;170,95;BR-393/RJ;Norte;Tombamento;;;1;;;;;;;;0;1;;;
10/05/2018;01:39:00;11;com vítima;161,721;BR-393/RJ;Norte;Capotamento;;;1;;;;;;;;0;1;;;
10/05/2018;07:36:00;16;com vítima;284,148;BR-393/RJ;Norte;Atropelamento de pedestre;1;1;;;;;;;;;1;;1;;
10/05/2018;19:32:00;57;com vítima;2,2;Alça Sul;Norte;Colisão lateral no mesmo sentido;2;;;;;;;;;;1;2;;;
11/05/2018;12:09:00;51;sem vítima;103,907;BR-393/RJ;Norte;Colisão com veículos (traseira);1;;1;;;;;;;;6;;;;
11/05/2018;19:17:00;70;com vítima;171,477;BR-393/RJ;Norte;Colisão lateral no sentido contrário;2;;;;;;;;;;1;1;;;
13/05/2018;10:34:00;22;sem vítima;121,37;BR-393/RJ;Norte;Tombamento;;;1;;;;;;;;2;;;;
13/05/2018;19:39:00;39;com vítima;280,721;BR-393/RJ;Norte;Atropelamento de animais;;;;1;;;;;;;0;1;;;
14/05/2018;13:34:00;43;sem vítima;178,317;BR-393/RJ;Norte;Colisão com veículos (traseira);1;;1;;;;;;;;4;;;;
14/05/2018;14:46:00;47;com vítima;274,78;BR-393/RJ;Sul;Acidentes de outra natureza;;;;1;;;;;;;0;1;;;
14/05/2018;19:22:00;62;com vítima;178,222;BR-393/RJ;Norte;Colisão lateral no sentido contrário;1;;;;1;;;;;;0;2;;;
15/05/2018;17:59:00;63;sem vítima;266,066;BR-393/RJ;Sul;Colisão c/ obstáculos;1;;;;;;;;;;1;;;;