data;horario;n_da_ocorrencia;tipo_de_ocorrencia;km;trecho;sentido;tipo_de_acidente;automovel;bicicleta;caminhao;moto;onibus;outros;tracao_animal;transporte_de_cargas_especiais;trator_maquinas;utilitarios;ilesos;levemente_feridos;moderadamente_feridos;gravemente_feridos;mortos
16/05/2018;18:20:00;56;sem vítima;236,761;BR-393/RJ;Sul;Colisão lateral no sentido contrário;2;;;;;;;;;;2;;;;
16/05/2018;18:35:00;57;com vítima;251,377;BR-393/RJ;Sul;Colisão lateral no mesmo sentido;;;1;1;;;;;;;1;1;;;
16/05/2018;18:52:00;60;com vítima;233,987;BR-393/RJ;Norte;Colisão lateral no sentido contrário;1;;;;;;;;;1;2;1;;;
17/05/2018;00:44:00;12;sem vítima;232,103;BR-393/RJ;Norte;Colisão c/ obstáculos;1;;;;;;;;;;2;;;;
17/05/2018;07:42:00;20;com vítima;252,393;BR-393/RJ;Sul;Colisão lateral no sentido contrário;2;;;;;;;;;;1;3;;;
17/05/2018;19:12:00;68;sem vítima;265,553;BR-393/RJ;Sul;Colisão lateral no mesmo sentido;2;;;;;;;;;;4;;;;
18/05/2018;05:30:00;17;com vítima;230,409;BR-393/RJ;Norte;Colisão com veículos (traseira);1;;;;;;;;1;;1;2;;;
18/05/2018;08:38:00;32;sem vítima;282,354;BR-393/RJ;Norte;Colisão lateral no mesmo sentido;1;;1;;;;;;;;2;;;;
19/05/2018;08:39:00;20;sem vítima;281,5;BR-393/RJ;Sul;Colisão lateral no sentido contrário;1;;;1;;;;;;;2;;;;
19/05/2018;13:14:00;35;com vítima;282,177;BR-393/RJ;Sul;Atropelamento de pedestre;1;;;;;;;;;;1;1;;;
19/05/2018;20:58:00;48;sem vítima;124,478;BR-393/RJ;Norte;Capotamento;1;;;;;;;;;;5;;;;
20/05/2018;03:23:00;6;sem vítima;200,137;BR-393/RJ;Norte;Atropelamento de animais;1;;;;;;;;;;1;;;;
20/05/2018;05:41:00;10;sem vítima;286,02;BR-393/RJ;Sul;Colisão com veículos (traseira);1;;;;1;;;;;;3;;;;
20/05/2018;12:09:00;34;sem vítima;109,617;BR-393/RJ;Norte;Colisão com veículos (traseira);;;1;;;;;;;1;2;;;;
20/05/2018;19:19:00;53;com vítima;182,221;BR-393/RJ;Norte;Colisão com veículos (traseira);1;;;1;;;;;;;0;5;;;
21/05/2018;00:06:00;1;sem vítima;113,243;BR-393/RJ;Norte;Atropelamento de animais;;;1;;;;;;;;1;;;;
22/05/2018;06:37:00;15;sem vítima;278,319;BR-393/RJ;Sul;Colisão com veículos (traseira);1;;1;;;;;;;;4;;;;
22/05/2018;11:28:00;30;com vítima;106,737;BR-393/RJ;Sul;Colisão lateral no sentido contrário;2;;;;;;;;;;2;1;;;
22/05/2018;18:01:00;51;sem vítima;138,206;BR-393/RJ;Sul;Saídas de pista;1;;;;;;;;;;1;;;;
23/05/2018;11:27:00;32;sem vítima;178,543;BR-393/RJ;Norte;Colisão com veículos (traseira);1;;1;;;;;;;;5;;;;
23/05/2018;21:44:00;53;com vítima;280,495;BR-393/RJ;Norte;Atropelamento de pedestre;;1;;1;;;;;;;1;1;;;
24/05/2018;17:44:00;45;com vítima;217,336;BR-393/RJ;Norte;Acidentes de outra natureza;;1;;;;;;;;;0;1;;;
28/05/2018;18:15:00;41;com vítima;171,505;BR-393/RJ;Sul;Atropelamento de pedestre;1;;;;;;;;;;2;1;;;1
29/05/2018;20:19:00;41;com vítima;231,626;BR-393/RJ;Sul;Colisão com veículos (traseira);1;;1;;;;;;;;0;2;;;
30/05/2018;06:38:00;16;sem vítima;226,216;BR-393/RJ;Sul;Saídas de pista;1;;;;;;;;;;1;;;;
30/05/2018;20:36:00;43;com vítima;257,1;BR-393/RJ;Norte;Atropelamento de pedestre;1;1;;;;;;;;;1;;1;;
31/05/2018;09:29:00;22;sem vítima;225,5;BR-393/RJ;Norte;Atropelamento de animais;1;;;;;;;;;;1;;;;
31/05/2018;09:45:00;23;sem vítima;254,017;BR-393/RJ;Norte;Colisão lateral no sentido contrário;1;;1;;;;;;;;2;;;;
31/05/2018;18:19:00;42;com vítima;244,402;BR-393/RJ;Norte;Colisão com veículos (traseira);;;2;;;;;;;;0;2;;;
01/06/2018;08:16:00;22;com vítima;162,077;BR-393/RJ;Norte;Tombamento;;;1;;;;;;;;0;1;;;
01/06/2018;18:10:00;45;sem vítima;229,607;BR-393/RJ;Norte;Colisão c/ obstáculos;;;1;;;;;;;;1;;;;
02/06/2018;06:51:00;19;com vítima;229,502;BR-393/RJ;Norte;Colisão com veículos (traseira);1;;1;;;;;;;1;5;2;;;
02/06/2018;07:03:00;21;com vítima;239,927;BR-393/RJ;Sul;Capotamento;1;;;;;;;;;;0;2;;;
02/06/2018;07:28:00;22;com vítima;132,565;BR-393/RJ;Sul;Colisão com veículos (traseira);1;;;1;;;;;;;1;1;;;
02/06/2018;19:43:00;57;com vítima;283,778;BR-393/RJ;Sul;Atropelamento de pedestre;1;1;;;;;;;;;0;1;1;;
02/06/2018;23:52:00;71;sem vítima;282,317;BR-393/RJ;Norte;Acidentes de outra natureza;;;;1;;;;;;;1;;;;
03/06/2018;03:34:00;10;sem vítima;195,87;BR-393/RJ;Sul;Saídas de pista;1;;;;;;;;;;2;;;;
04/06/2018;10:26:00;35;com vítima;171,648;BR-393/RJ;Sul;Acidentes de outra natureza;;;;1;;;;;;;0;;1;;
04/06/2018;19:36:00;52;com vítima;255,973;BR-393/RJ;Sul;Atropelamento de pedestre;1;;1;;;;;;;;3;;;;1
04/06/2018;21:47:00;56;com vítima;195,394;BR-393/RJ;Sul;Colisão com veículos (traseira);;;2;;;;;;;;1;1;;;
05/06/2018;08:06:00;22;sem vítima;152,33;BR-393/RJ;Sul;Colisão c/ obstáculos;1;;;;;;;;;;1;;;;
05/06/2018;17:15:00;53;sem vítima;283,8;BR-393/RJ;Norte;Colisão lateral no sentido contrário;2;;;;;;;;;;3;;;;
06/06/2018;09:26:00;22;sem vítima;283,669;BR-393/RJ;Sul;Colisão lateral no sentido contrário;2;;;;;;;;;;3;;;;
07/06/2018;16:52:00;58;com vítima;244,143;BR-393/RJ;Norte;Tombamento;3;;1;1;;;;;;;3;2;;1;
07/06/2018;19:27:00;67;com vítima;243,426;BR-393/RJ;Sul;Atropelamento de pedestre;3;;;;;;;;;;4;3;;;
08/06/2018;21:46:00;67;com vítima;0,01;Alça Sul;Norte;Colisão lateral no sentido contrário;1;;;1;;;;;;;0;2;;;
09/06/2018;03:01:00;15;com vítima;2,461;Alça Sul;Norte;Colisão c/ obstáculos;2;;;;;;;;;;1;3;;;
09/06/2018;10:10:00;36;sem vítima;265;BR-393/RJ;Sul;Colisão com veículos (traseira);1;;1;;;;;;;;3;;;;
09/06/2018;10:29:00;39;com vítima;151,876;BR-393/RJ;Sul;Tombamento;;;1;;;;;;;;0;1;;;
10/06/2018;04:28:00;14;com vítima;234,877;BR-393/RJ;Norte;Colisão c/ obstáculos;1;;;;;;;;;;0;1;;;
10/06/2018;14:14:00;35;com vítima;281,561;BR-393/RJ;Norte;Colisão c/ obstáculos;1;;;;;;;;;;0;1;;;
10/06/2018;23:58:00;57;sem vítima;266,26;BR-393/RJ;Norte;Saídas de pista;2;;;;;;;;;;2;;;;
11/06/2018;05:43:00;15;com vítima;181,366;BR-393/RJ;Norte;Acidentes de outra natureza;;;;1;;;;;;;0;1;;;
11/06/2018;08:47:00;23;com vítima;282,26;BR-393/RJ;Norte;Colisão com veículos (traseira);;2;;1;;;;;;;2;1;;;
11/06/2018;14:09:00;42;com vítima;280,126;BR-393/RJ;Sul;Atropelamento de pedestre;;;;1;;;;;;;0;2;;;
11/06/2018;21:21:00;57;sem vítima;244,088;BR-393/RJ;Norte;Saídas de pista;1;;;;;;;;;;1;;;;
11/06/2018;23:41:00;64;com vítima;283,1;BR-393/RJ;Norte;Colisão lateral no sentido contrário;1;;;;1;;;;;;1;2;;;
12/06/2018;18:00:00;69;com vítima;235,304;BR-393/RJ;Sul;Colisão com veículos (traseira);1;;;1;;;;;;;1;2;;;
12/06/2018;18:23:00;70;com vítima;2,464;Alça Sul;Norte;Atropelamento de animais;;;;1;;;;;;;0;1;;;
12/06/2018;19:45:00;74;com vítima;125,416;BR-393/RJ;Norte;Atropelamento de pedestre;1;;;;;;;;;;1;;;1;
14/06/2018;07:38:00;26;com vítima;257,941;BR-393/RJ;Norte;Colisão com veículos (frontal);2;;;;;;;;;;0;1;1;1;
15/06/2018;00:21:00;1;sem vítima;3,02;Alça Sul;Norte;Colisão c/ obstáculos;1;;;;;;;;;;1;;;;
15/06/2018;18:02:00;74;com vítima;115,724;BR-393/RJ;Sul;Colisão lateral no sentido contrário;2;;;;;;;;;;1;1;2;;
16/06/2018;17:27:00;48;com vítima;236,752;BR-393/RJ;Sul;Colisão lateral no sentido contrário;1;;;1;;;;;;;1;1;;;
17/06/2018;07:21:00;14;sem vítima;285;BR-393/RJ;Norte;Colisão c/ obstáculos;1;;;;;;;;;;1;;;;
18/06/2018;04:05:00;5;com vítima;246,183;BR-393/RJ;Norte;Colisão c/ obstáculos;1;;;;;;;;;;0;1;;;
18/06/2018;15:58:00;49;com vítima;143,288;BR-393/RJ;Norte;Atropelamento de pedestre;1;;;;;;;;;;4;;1;;
18/06/2018;18:27:00;54;sem vítima;195,177;BR-393/RJ;Sul;Colisão com veículos (traseira);1;;;;;;;;;1;3;;;;
21/06/2018;09:18:00;29;sem vítima;265,204;BR-393/RJ;Sul;Colisão c/ obstáculos;;;1;;;;;;;;1;;;;
21/06/2018;18:44:00;71;com vítima;235,235;BR-393/RJ;Sul;Colisão lateral no mesmo sentido;;;1;1;;;;;;;1;;;1;
22/06/2018;09:19:00;18;sem vítima;103,127;BR-393/RJ;Sul;Colisão com veículos (traseira);1;;;1;;;;;;;2;;;;
23/06/2018;07:38:00;19;com vítima;258;BR-393/RJ;Sul;Capotamento;1;;;;;;;;;;0;1;;;
23/06/2018;16:23:00;48;com vítima;181,022;BR-393/RJ;Sul;Colisão c/ obstáculos;1;;;;;;;;;;0;1;;;
24/06/2018;17:20:00;31;com vítima;138,9;BR-393/RJ;Sul;Colisão c/ obstáculos;;;1;;1;;;;;;1;1;;;
25/06/2018;17:06:00;52;com vítima;258,712;BR-393/RJ;Norte;Colisão lateral no sentido contrário;;;1;;;;;;;1;1;1;;;
26/06/2018;07:12:00;17;com vítima;234,95;BR-393/RJ;Sul;Acidentes de outra natureza;;;;1;;;;;;;0;1;;;
26/06/2018;23:04:00;76;sem vítima;213,05;BR-393/RJ;Norte;Atropelamento de animais;;;;;1;;;;;;1;;;;
28/06/2018;13:58:00;41;com vítima;108,2;BR-393/RJ;Norte;Colisão com veículos (traseira);1;;1;;;;;;;;2;1;;;
28/06/2018;15:44:00;50;sem vítima;280;BR-393/RJ;Sul;Colisão com veículos (traseira);2;;;;;;;;;;3;;;;
28/06/2018;19:12:00;62;sem vítima;282;BR-393/RJ;Norte;Colisão com veículos (traseira);2;;;;;;;;;;2;;;;
29/06/2018;11:58:00;37;sem vítima;103;BR-393/RJ;Norte;Colisão com veículos (traseira);2;;;;;;;;;;2;;;;
29/06/2018;14:05:00;40;com vítima;286,3;BR-393/RJ;Sul;Colisão lateral no sentido contrário;2;;;;;;;;;;2;2;;;
29/06/2018;22:09:00;64;com vítima;282;BR-393/RJ;Norte;Atropelamento de pedestre;1;1;;;;;;;;;1;1;;;
30/06/2018;11:16:00;29;com vítima;167,396;BR-393/RJ;Sul;Colisão lateral no mesmo sentido;;;;1;;;;;;1;1;;1;;
30/06/2018;15:55:00;39;com vítima;286,002;BR-393/RJ;Sul;Acidentes de outra natureza;1;;;1;;;;;;;1;1;;;
01/07/2018;03:58:00;14;com vítima;181,096;BR-393/RJ;Norte;Colisão lateral no mesmo sentido;1;;;1;;;;;;;1;1;;;
01/07/2018;07:46:00;19;com vítima;145,797;BR-393/RJ;Norte;Tombamento;;;1;;;;;;;;0;1;;;
01/07/2018;12:37:00;33;sem vítima;265,171;BR-393/RJ;Norte;Colisão lateral no mesmo sentido;2;;;;;;;;;;6;;;;
01/07/2018;18:20:00;48;com vítima;171,239;BR-393/RJ;Sul;Colisão com veículos (frontal);;;1;1;;;;;;;0;1;;1;
01/07/2018;23:18:00;63;com vítima;200;BR-393/RJ;Norte;Acidentes de outra natureza;;;;1;;;;;;;0;;1;;
03/07/2018;12:01:00;29;sem vítima;282,5;BR-393/RJ;Sul;Colisão com veículos (traseira);2;;;;;;;;;;4;;;;
03/07/2018;15:56:00;43;sem vítima;285;BR-393/RJ;Sul;Colisão com veículos (traseira);;;1;;;;;;;1;2;;;;
03/07/2018;18:40:00;52;sem vítima;280,132;BR-393/RJ;Norte;Colisão lateral no mesmo sentido;1;;;1;;;;;;;2;;;;
03/07/2018;18:42:00;53;com vítima;2,444;Alça Sul;Sul;Colisão com veículos (traseira);1;;;1;;;;;;;1;1;;;
05/07/2018;16:14:00;42;com vítima;280,264;BR-393/RJ;Norte;Acidentes de outra natureza;;1;;;;;;;;;0;1;;;
06/07/2018;19:40:00;55;sem vítima;153;BR-393/RJ;Norte;Colisão com veículos (frontal);2;;;;;;;;;;2;;;;
07/07/2018;20:58:00;50;com vítima;167,776;BR-393/RJ;Sul;Colisão lateral no sentido contrário;2;;;;;;;;;;2;1;;;
08/07/2018;03:53:00;3;com vítima;105,207;BR-393/RJ;Norte;Acidentes de outra natureza;;;;1;;;;;;;1;1;;;
08/07/2018;07:33:00;17;com vítima;114,33;BR-393/RJ;Norte;Tombamento;;;1;;;;;;;;0;1;;;
08/07/2018;13:59:00;34;com vítima;267,284;BR-393/RJ;Sul;Capotamento;1;;;;;;;;;;0;1;;;
08/07/2018;18:51:00;45;sem vítima;284,584;BR-393/RJ;Norte;Colisão com veículos (traseira);2;;;;;;;;;;2;;;;
08/07/2018;19:55:00;49;sem vítima;284,566;BR-393/RJ;Norte;Colisão lateral no mesmo sentido;2;;;;;;;;;;2;;;;
09/07/2018;18:32:00;59;sem vítima;159,7;BR-393/RJ;Norte;Atropelamento de animais;2;;;;;;;;;;2;;;;
10/07/2018;17:16:00;44;sem vítima;282;BR-393/RJ;Norte;Engavetamento;3;;;;;;;;;;3;;;;
11/07/2018;19:48:00;56;sem vítima;230,843;BR-393/RJ;Sul;Colisão com veículos (traseira);1;;2;;;;;;;;4;;;;
12/07/2018;13:31:00;50;com vítima;255,64;BR-393/RJ;Norte;Colisão lateral no sentido contrário;2;;;;;;;;;;0;2;1;;
12/07/2018;21:46:00;77;com vítima;111,123;BR-393/RJ;Norte;Saídas de pista;1;;;;;;;;;;0;2;;;
13/07/2018;00:47:00;2;com vítima;112,798;BR-393/RJ;Norte;Colisão com veículos (frontal);1;;1;;;;;;;;0;1;;;1
13/07/2018;13:03:00;37;com vítima;135,506;BR-393/RJ;Sul;Colisão com veículos (traseira);2;;;;;;;;;;3;2;;;
13/07/2018;18:15:00;44;com vítima;105,224;BR-393/RJ;Sul;Colisão lateral no sentido contrário;1;;;1;;;;;;;1;1;;;
14/07/2018;04:02:00;17;sem vítima;279;BR-393/RJ;Sul;Saídas de pista;1;;;;;;;;;;2;;;;
14/07/2018;11:58:00;32;com vítima;286,02;BR-393/RJ;Norte;Atropelamento de pedestre;1;1;;;;;;;;;1;1;;;
15/07/2018;00:35:00;1;sem vítima;279,673;BR-393/RJ;Norte;Colisão com veículos (traseira);2;;;;;;;;;;2;;;;
15/07/2018;06:26:00;17;com vítima;105,607;BR-393/RJ;Norte;Colisão com veículos (frontal);;;1;1;1;;;;;;24;;1;;
15/07/2018;12:27:00;29;sem vítima;238,2;BR-393/RJ;Sul;Colisão c/ obstáculos;2;;;;;;;;;;2;;;;
15/07/2018;21:12:00;63;com vítima;281;BR-393/RJ;Norte;Colisão lateral no sentido contrário;1;;;1;;;;;;;1;1;;;
16/07/2018;06:32:00;13;com vítima;281,499;BR-393/RJ;Norte;Colisão c/ obstáculos;1;;;;;;;;;;0;1;;;
18/07/2018;14:39:00;42;com vítima;285,8;BR-393/RJ;Sul;Colisão com veículos (traseira);1;;;1;;;;;;;1;1;;;
19/07/2018;11:17:00;34;com vítima;255;BR-393/RJ;Norte;Colisão com veículos (traseira);3;;;;;;;;;;5;1;;;
19/07/2018;14:44:00;41;sem vítima;110,949;BR-393/RJ;Norte;Colisão c/ obstáculos;1;;;;;;;;;;2;;;;
20/07/2018;05:00:00;15;com vítima;183,859;BR-393/RJ;Norte;Capotamento;1;;;;;;;;;;0;3;2;;
20/07/2018;07:00:00;19;com vítima;249,242;BR-393/RJ;Norte;Acidentes de outra natureza;;;;1;;;;;;;0;1;;;
20/07/2018;08:42:00;20;com vítima;238,677;BR-393/RJ;Norte;Colisão lateral no sentido contrário;2;;;;;;;;;;1;3;;;
20/07/2018;16:28:00;40;com vítima;168,637;BR-393/RJ;Norte;Capotamento;1;;;;;;;;;;0;2;;;
20/07/2018;20:15:00;59;sem vítima;252,455;BR-393/RJ;Norte;Colisão lateral no sentido contrário;2;;;;;;;;;;2;;;;
21/07/2018;09:36:00;22;com vítima;238,679;BR-393/RJ;Norte;Colisão lateral no sentido contrário;1;;1;;;;;;;;1;;;1;
21/07/2018;12:26:00;31;com vítima;206,582;BR-393/RJ;Norte;Colisão lateral no sentido contrário;1;;2;;;;;;;;2;2;;;
21/07/2018;19:58:00;51;sem vítima;200,677;BR-393/RJ;Sul;Colisão c/ obstáculos;1;;;;;;;;;;1;;;;
22/07/2018;18:35:00;66;sem vítima;280,159;BR-393/RJ;Sul;Colisão c/ obstáculos;1;;;;;;;;;;3;;;;
23/07/2018;14:04:00;47;sem vítima;282,29;BR-393/RJ;Norte;Engavetamento;1;;;;1;;;;;1;4;;;;
24/07/2018;13:27:00;29;com vítima;217,151;BR-393/RJ;Norte;Colisão c/ obstáculos;;;1;;;;;;;;0;;1;;
25/07/2018;05:18:00;21;com vítima;121,488;BR-393/RJ;Sul;Tombamento;;;1;;;;;;;;0;1;;;
25/07/2018;10:58:00;31;com vítima;238;BR-393/RJ;Norte;Colisão c/ obstáculos;1;;;;;;;;;;0;1;;;
25/07/2018;14:46:00;41;com vítima;255,335;BR-393/RJ;Norte;Colisão Lateral Mesmo Sentido;;;1;1;;;;;;;2;1;;;
26/07/2018;13:41:00;51;sem vítima;168,789;BR-393/RJ;Norte;Colisão lateral no sentido contrário;2;;;;;;;;;;2;;;;
26/07/2018;19:14:00;71;sem vítima;210,325;BR-393/RJ;Sul;Atropelamento de animais;;;1;;;;;;;;3;;;;
27/07/2018;08:07:00;17;sem vítima;202,5;BR-393/RJ;Norte;Atropelamento de animais;1;;;;;;;;;;1;;;;
27/07/2018;08:45:00;19;sem vítima;283;BR-393/RJ;Norte;Colisão com veículos (frontal);1;;1;;;;;;;;2;;;;
27/07/2018;12:45:00;37;com vítima;279,125;BR-393/RJ;Sul;Colisão Lateral Mesmo Sentido;1;;;1;;;;;;;1;1;;;
28/07/2018;02:26:00;2;com vítima;123,642;BR-393/RJ;Sul;Acidentes de outra natureza;;;;1;;;;;;;1;;1;;
28/07/2018;21:11:00;56;sem vítima;265,069;BR-393/RJ;Sul;Colisão Lateral Mesmo Sentido;2;;;;;;;;;;4;;;;
29/07/2018;06:57:00;20;com vítima;250,341;BR-393/RJ;Norte;Colisão Lateral Mesmo Sentido;2;;;;;;;;;;1;3;;;
29/07/2018;19:42:00;58;com vítima;285,9;BR-393/RJ;Norte;Colisão lateral no sentido contrário;2;;;;;;;;;;2;2;;;
30/07/2018;13:17:00;46;com vítima;252;BR-393/RJ;Norte;Acidentes de outra natureza;;;;1;;;;;;;0;1;;;
30/07/2018;16:43:00;55;com vítima;274;BR-393/RJ;Norte;Atropelamento de pedestre;1;;;;;;;;;;1;1;;;
31/07/2018;04:47:00;4;sem vítima;218,3;BR-393/RJ;Sul;Colisão c/ obstáculos;;;;1;;;;;;;1;;;;
31/07/2018;07:45:00;19;sem vítima;187;BR-393/RJ;Sul;Colisão c/ obstáculos;1;;;;;;;;;;2;;;;
01/08/2018;08:44:00;23;sem vítima;236,748;BR-393/RJ;Sul;Colisão com veículos (traseira);2;;;;;;;;;;2;;;;
01/08/2018;16:15:00;50;sem vítima;254,099;BR-393/RJ;Sul;Tombamento;;;1;;;;;;;;1;;;;
01/08/2018;16:29:00;51;sem vítima;278,137;BR-393/RJ;Sul;Colisão com veículos (traseira);;;2;;;;;;;;2;;;;
02/08/2018;14:06:00;42;sem vítima;164,75;BR-393/RJ;Norte;Tombamento;;;1;;;;;;;;1;;;;
02/08/2018;15:00:00;45;sem vítima;173,809;BR-393/RJ;Norte;Colisão c/ obstáculos;1;;;;;;;;;;1;;;;
03/08/2018;16:56:00;48;sem vítima;241,775;BR-393/RJ;Sul;Saídas de pista;1;;;;;;;;;;3;;;;
03/08/2018;19:00:00;60;com vítima;284,235;BR-393/RJ;Norte;Colisão com veículos (traseira);2;;;;;;;;;;1;1;;;
03/08/2018;19:23:00;62;com vítima;228,134;BR-393/RJ;Sul;Colisão com veículos (frontal);1;;1;;;;;;;;1;;;1;
03/08/2018;22:35:00;66;sem vítima;179,312;BR-393/RJ;Norte;Colisão com veículos (traseira);1;;1;;;;;;;;4;;;;
04/08/2018;00:55:00;3;com vítima;172,713;BR-393/RJ;Norte;Saídas de pista;1;;;;;;;;;;0;1;;;
04/08/2018;03:35:00;15;com vítima;229,874;BR-393/RJ;Norte;Colisão c/ obstáculos;1;;;;;;;;;;0;2;;;
04/08/2018;07:59:00;20;sem vítima;151,9;BR-393/RJ;Sul;Saídas de pista;1;;;;;;;;;;2;;;;
04/08/2018;16:42:00;50;com vítima;268,315;BR-393/RJ;Sul;Colisão com veículos (traseira);2;;;;;;;;;;2;3;;;
04/08/2018;17:29:00;54;com vítima;124,599;BR-393/RJ;Norte;Tombamento;;;1;;;;;;;;0;1;;;
05/08/2018;22:13:00;52;sem vítima;218,295;BR-393/RJ;Sul;Colisão c/ obstáculos;;;1;;;;;;;;1;;;;
06/08/2018;16:33:00;48;sem vítima;267,05;BR-393/RJ;Sul;Saídas de pista;1;;;;;;;;;;1;;;;
06/08/2018;19:03:00;52;com vítima;236,554;BR-393/RJ;Sul;Colisão com veículos (traseira);1;;;1;;;;;;;1;1;1;;
06/08/2018;19:20:00;56;com vítima;279,6;BR-393/RJ;Sul;Atropelamento de pedestre;1;1;;;;;;;;;1;;1;;
06/08/2018;21:09:00;63;com vítima;283,5;BR-393/RJ;Norte;Colisão lateral no sentido contrário;1;1;;;;;;;;;1;1;;;
07/08/2018;06:49:00;15;com vítima;285,41;BR-393/RJ;Norte;Colisão lateral no sentido contrário;;;1;1;;;;;;;3;2;;;
07/08/2018;07:50:00;16;com vítima;171,337;BR-393/RJ;Norte;Saídas de pista;1;;1;;;;;;;;0;2;;;
07/08/2018;15:41:00;34;sem vítima;255,55;BR-393/RJ;Norte;Colisão lateral no sentido contrário;1;;;;1;;;;;;3;;;;
09/08/2018;08:56:00;19;sem vítima;175,8;BR-393/RJ;Norte;Colisão c/ obstáculos;1;;;;;;;;;;2;;;;
09/08/2018;13:27:00;34;com vítima;283,594;BR-393/RJ;Sul;Colisão lateral no sentido contrário;1;;;1;;;;;;;1;1;;;
10/08/2018;18:44:00;66;com vítima;106,729;BR-393/RJ;Norte;Atropelamento - Outros;1;;;;;;;;;;2;1;;;
11/08/2018;16:28:00;49;sem vítima;283,607;BR-393/RJ;Sul;Colisão Lateral Mesmo Sentido;2;;;;;;;;;;3;;;;
12/08/2018;02:28:00;5;com vítima;286,003;BR-393/RJ;Sul;Colisão com veículos (frontal);1;;;1;;;;;;;0;2;;;1
13/08/2018;10:25:00;28;com vítima;106,341;BR-393/RJ;Norte;Colisão lateral no sentido contrário;1;;;1;;;;;;;1;1;;;
13/08/2018;19:18:00;60;sem vítima;284,58;BR-393/RJ;Norte;Colisão com veículos (traseira);2;;;;;;;;;;2;;;;
14/08/2018;14:35:00;36;sem vítima;277,36;BR-393/RJ;Sul;Capotamento;1;;;;;;;;;;1;;;;
15/08/2018;00:44:00;2;com vítima;258,514;BR-393/RJ;Sul;Colisão lateral no sentido contrário;1;;1;;;;;;;;2;2;;;
16/08/2018;10:06:00;26;com vítima;284,93;BR-393/RJ;Sul;Colisão c/ obstáculos;1;;;;;;;;;;0;2;;;
16/08/2018;20:19:00;57;com vítima;214,844;BR-393/RJ;Sul;Colisão lateral no sentido contrário;1;;1;;;;;;;;1;;2;;
16/08/2018;21:52:00;58;com vítima;129,105;BR-393/RJ;Sul;Atropelamento de pedestre;;;1;;;;;;;;0;2;;;1
17/08/2018;12:24:00;25;com vítima;131,447;BR-393/RJ;Norte;Atropelamento de pedestre;;1;;1;;;;;;;1;1;;;
17/08/2018;16:38:00;42;com vítima;138,2;BR-393/RJ;Norte;Saídas de pista;1;;;;;;;;;;1;1;;;
18/08/2018;11:41:00;34;com vítima;246,167;BR-393/RJ;Norte;Capotamento;;;;1;;;;;;;0;;;;1
18/08/2018;18:35:00;53;sem vítima;274,5;BR-393/RJ;Sul;Colisão com veículos (traseira);2;;;;;;;;;;2;;;;
18/08/2018;18:53:00;57;com vítima;236,788;BR-393/RJ;Norte;Colisão lateral no sentido contrário;1;;;1;;;;;;;1;2;;;
19/08/2018;19:52:00;52;com vítima;278,917;BR-393/RJ;Norte;Acidentes de outra natureza;;;;1;;;;;;;0;1;;;
20/08/2018;16:13:00;42;com vítima;268,35;BR-393/RJ;Sul;Colisão lateral no sentido contrário;2;;;;;;;;;;0;2;;;
20/08/2018;20:29:00;58;com vítima;280,444;BR-393/RJ;Sul;Colisão com veículos (traseira);2;;;;;;;;;;2;2;;;
22/08/2018;03:08:00;4;sem vítima;206,308;BR-393/RJ;Sul;Colisão c/ obstáculos;;;1;;;;;;;;1;;;;
22/08/2018;08:24:00;20;com vítima;168,039;BR-393/RJ;Norte;Colisão com veículos (frontal);1;;;1;;;;;;;1;1;;;