data;horario;n_da_ocorrencia;tipo_de_ocorrencia;km;trecho;sentido;tipo_de_acidente;automovel;bicicleta;caminhao;moto;onibus;outros;tracao_animal;transporte_de_cargas_especiais;trator_maquinas;utilitarios;ilesos;levemente_feridos;moderadamente_feridos;gravemente_feridos;mortos
28/06/2019;16:44:00;56;sem vítima;285;BR-393/RJ;RJ;Sul;2;;;;;;;;;;3;;;;
29/06/2019;16:21:00;60;sem vítima;283,762;BR-393/RJ;RJ;Norte;2;;;;;;;;;;5;;;;
30/06/2019;07:10:00;29;com vítima;190,45;BR-393/RJ;RJ;Norte;;;1;1;;;;;;;0;1;;1;
30/06/2019;22:59:00;68;sem vítima;258;BR-393/RJ;RJ;Sul;1;;;;;;;;;;1;;;;
01/07/2019;00:16:00;1;com vítima;284,388;BR-393/RJ;RJ;Norte;;;;1;;;;;;;0;1;;;
01/07/2019;18:34:00;45;sem vítima;269,283;BR-393/RJ;RJ;Norte;1;;;;;;;;;;1;;;;
02/07/2019;10:16:00;24;sem vítima;195,003;BR-393/RJ;RJ;Sul;1;;1;;;;;;;;2;;;;
04/07/2019;07:51:00;18;com vítima;149,9;BR-393/RJ;RJ;Norte;1;;;;1;;;;;;5;2;;;
04/07/2019;09:13:00;22;com vítima;114,018;BR-393/RJ;RJ;Norte;;;1;;;;;;;;0;1;;;
04/07/2019;16:03:00;61;com vítima;227,5;BR-393/RJ;RJ;Norte;;;1;;;;;;;;0;1;;;
05/07/2019;07:40:00;15;com vítima;172,2;BR-393/RJ;RJ;Sul;1;;;;;;;;;;0;1;;;
05/07/2019;14:05:00;35;com vítima;239,8;BR-393/RJ;RJ;Norte;1;;;;;;;;;;0;1;;;
05/07/2019;14:20:00;36;com vítima;161,945;BR-393/RJ;RJ;Sul;;;1;;;;;;;;0;1;;;
05/07/2019;15:30:00;38;com vítima;121;BR-393/RJ;RJ;Sul;1;;;;;;;;;;0;1;;;
05/07/2019;18:07:00;45;sem vítima;125,679;BR-393/RJ;RJ;Norte;2;;;;;;;;;;4;;;;
06/07/2019;02:22:00;5;com vítima;103,252;BR-393/RJ;RJ;Norte;1;;;1;;;;;;;2;1;;;
06/07/2019;06:53:00;17;com vítima;217,5;BR-393/RJ;RJ;Norte;;;;1;;;;;;;0;1;;;
07/07/2019;18:22:00;56;com vítima;173,718;BR-393/RJ;RJ;Norte;1;;;;;;;;;;0;4;;;
07/07/2019;18:41:00;57;com vítima;235,518;BR-393/RJ;RJ;Sul;1;;;1;;;;;;;1;2;;;
08/07/2019;12:13:00;45;com vítima;168,079;BR-393/RJ;RJ;Norte;1;;;1;;;;;;;0;2;;;
08/07/2019;19:13:00;69;com vítima;280,229;BR-393/RJ;RJ;Sul;1;;;1;;;;;;;1;;;1;
09/07/2019;07:52:00;19;sem vítima;177,135;BR-393/RJ;RJ;Sul;2;;;;;;;;;;5;;;;
09/07/2019;10:36:00;32;sem vítima;178,571;BR-393/RJ;RJ;Norte;1;;1;;;;;;;;2;;;;
09/07/2019;12:53:00;37;sem vítima;161,214;BR-393/RJ;RJ;Sul;1;;;;;;;;;;4;;;;
10/07/2019;02:03:00;3;com vítima;114,7;BR-393/RJ;RJ;Norte;;;1;;;;;;;;0;;1;;
11/07/2019;02:15:00;4;com vítima;130,291;BR-393/RJ;RJ;Sul;;;1;;;;;;;;0;1;;;
11/07/2019;09:27:00;22;sem vítima;282,6;BR-393/RJ;RJ;Norte;1;;1;;;;;;;;2;;;;
11/07/2019;09:50:00;24;com vítima;252;BR-393/RJ;RJ;Norte;1;;;1;;;;;;;1;1;;;
11/07/2019;10:31:00;26;sem vítima;279,306;BR-393/RJ;RJ;Norte;1;;1;;;;;;;;2;;;;
11/07/2019;18:52:00;56;sem vítima;188,034;BR-393/RJ;RJ;Sul;;;;;;1;;;;;1;;;;
12/07/2019;14:02:00;53;com vítima;104,8;BR-393/RJ;RJ;Norte;1;;;1;;;;;;;1;;1;;
12/07/2019;16:19:00;64;sem vítima;125,6;BR-393/RJ;RJ;Norte;1;;1;;;;;;;;2;;;;
12/07/2019;17:29:00;72;sem vítima;285,458;BR-393/RJ;RJ;Norte;3;;1;;;;;;;;7;;;;
13/07/2019;04:04:00;7;com vítima;102,5;BR-393/RJ;RJ;Sul;;;;;1;;;;;;5;3;;1;
13/07/2019;07:26:00;9;com vítima;176,946;BR-393/RJ;RJ;Norte;2;;;;;;;;;;4;3;;;
13/07/2019;21:25:00;47;com vítima;281;BR-393/RJ;RJ;Norte;2;;;;;;;;;;1;1;;;
14/07/2019;03:38:00;8;sem vítima;247,429;BR-393/RJ;RJ;Norte;1;;;;;;;;;;1;;;;
14/07/2019;04:48:00;14;sem vítima;259,447;BR-393/RJ;RJ;Sul;1;;;;;;;;;;1;;;;
15/07/2019;13:46:00;56;com vítima;274,085;BR-393/RJ;RJ;Sul;;;1;;;;;;;;0;;;;1
15/07/2019;16:48:00;63;com vítima;235;BR-393/RJ;RJ;Norte;;;;2;;;;;;;1;1;;;
16/07/2019;07:01:00;19;com vítima;138,119;BR-393/RJ;RJ;Norte;;;1;;;;;;;;0;1;;;
16/07/2019;10:39:00;30;sem vítima;175,5;BR-393/RJ;RJ;Norte;;;2;;;;;;;;2;;;;
16/07/2019;23:06:00;71;com vítima;281,5;BR-393/RJ;RJ;Sul;1;;;1;;;;;;;1;;1;;
18/07/2019;17:28:00;51;sem vítima;116,346;BR-393/RJ;RJ;Norte;2;;1;;;;;;;;5;;;;
18/07/2019;17:51:00;53;sem vítima;241,728;BR-393/RJ;RJ;Norte;1;;;1;;;;;;;2;;;;
19/07/2019;18:33:00;60;com vítima;284,586;BR-393/RJ;RJ;Sul;1;;;;1;;;;;;0;4;;;
19/07/2019;20:14:00;65;com vítima;105;BR-393/RJ;RJ;Norte;2;;;;;;;;;;1;1;;;
20/07/2019;21:30:00;70;sem vítima;285,105;BR-393/RJ;RJ;Sul;1;;;1;;;;;;;3;;;;
21/07/2019;06:53:00;19;sem vítima;106,1;BR-393/RJ;RJ;Sul;1;;;;;;;;;;1;;;;
21/07/2019;16:46:00;48;sem vítima;239,317;BR-393/RJ;RJ;Norte;1;;;;;;;;;1;4;;;;
21/07/2019;22:57:00;68;com vítima;283,077;BR-393/RJ;RJ;Norte;1;;;;;;;;;;0;1;;;
24/07/2019;10:49:00;38;sem vítima;281,565;BR-393/RJ;RJ;Sul;2;;;;;;;;;;2;;;;
24/07/2019;11:04:00;40;sem vítima;281,565;BR-393/RJ;RJ;Sul;;;;2;;;;;;;2;;;;
24/07/2019;13:46:00;49;sem vítima;233,7;BR-393/RJ;RJ;Sul;2;;;;;;;;;;4;;;;
26/07/2019;06:51:00;19;com vítima;169,738;BR-393/RJ;RJ;Norte;1;;;;1;;;;;;1;1;;;
26/07/2019;19:22:00;86;com vítima;196,083;BR-393/RJ;RJ;Norte;1;;;;;;;;;;0;2;;;
27/07/2019;00:52:00;11;com vítima;285,377;BR-393/RJ;RJ;Norte;2;;;;;;;;;;3;1;;;
27/07/2019;18:51:00;69;com vítima;248,6;BR-393/RJ;RJ;Sul;1;;;;;;;;;;0;2;;;
28/07/2019;15:56:00;61;com vítima;168;BR-393/RJ;RJ;Norte;1;;1;;;;;;;;0;2;;;
30/07/2019;07:27:00;20;sem vítima;266,3;BR-393/RJ;RJ;Norte;1;;;;;;;;;;1;;;;
02/08/2019;13:22:00;43;sem vítima;284,3;BR-393/RJ;RJ;Sul;2;;;;;;;;;;4;;;;
02/08/2019;16:37:00;52;sem vítima;281;BR-393/RJ;RJ;Norte;1;;1;;;;;;;;2;;;;
03/08/2019;14:10:00;32;com vítima;274;BR-393/RJ;RJ;Sul;1;;;;;;;;;;0;3;;;1
03/08/2019;14:13:00;33;sem vítima;266,5;BR-393/RJ;RJ;Norte;2;;;;;;;;;;2;;;;
03/08/2019;14:40:00;36;sem vítima;177,5;BR-393/RJ;RJ;Norte;2;;;;;;;;;;3;;;;
03/08/2019;16:31:00;45;com vítima;155,7;BR-393/RJ;RJ;Sul;1;;;;;;;;;;0;;1;;
04/08/2019;04:48:00;18;com vítima;267,3;BR-393/RJ;RJ;Norte;1;;;;;;;;;;0;1;;1;
04/08/2019;10:27:00;36;com vítima;280;BR-393/RJ;RJ;Norte;1;;;;;;;;;;0;;;;1
04/08/2019;13:36:00;44;sem vítima;131,5;BR-393/RJ;RJ;Norte;;;1;;;;;;;;1;;;;
04/08/2019;17:47:00;59;sem vítima;268,849;BR-393/RJ;RJ;Norte;3;;;;;;;;;;3;;;;
04/08/2019;21:55:00;69;sem vítima;132,846;BR-393/RJ;RJ;Norte;1;;;;;;;;;;1;;;;
04/08/2019;22:08:00;70;com vítima;151,8;BR-393/RJ;RJ;Norte;1;;1;;;;;;;;1;1;1;1;
06/08/2019;15:57:00;53;com vítima;250,478;BR-393/RJ;RJ;Sul;2;;;;;;;;;;1;1;;;
06/08/2019;20:44:00;80;com vítima;284,509;BR-393/RJ;RJ;Norte;1;;;1;;;;;;;1;1;;;
07/08/2019;07:30:00;21;com vítima;283,8;BR-393/RJ;RJ;Sul;;;1;1;;;;;;;1;;;1;
07/08/2019;22:07:00;58;sem vítima;227,4;BR-393/RJ;RJ;Norte;;;;;;;;;;1;7;;;;
07/08/2019;22:28:00;59;com vítima;2,25;BR-393/RJ;RJ;Sul;1;;;1;;;;;;;1;1;;;
07/08/2019;23:07:00;61;com vítima;286,002;BR-393/RJ;RJ;Norte;1;;;1;;;;;;;3;1;;;
08/08/2019;08:57:00;23;com vítima;244,2;BR-393/RJ;RJ;Norte;1;;;;;;;;;;0;1;;1;
08/08/2019;09:44:00;26;sem vítima;280,828;BR-393/RJ;RJ;Sul;3;;;;;;;;;;3;;;;
08/08/2019;14:58:00;46;sem vítima;168,784;BR-393/RJ;RJ;Sul;1;;;1;;;;;;;2;;;;
08/08/2019;16:16:00;50;com vítima;143,44;BR-393/RJ;RJ;Sul;1;;1;;;;;;;;1;2;;;
09/08/2019;11:13:00;35;sem vítima;236;BR-393/RJ;RJ;Sul;2;;;;;;;;;;5;;;;
09/08/2019;23:20:00;85;com vítima;178,876;BR-393/RJ;RJ;Sul;;;;1;;;;;;;0;1;;;
10/08/2019;02:57:00;5;sem vítima;253,607;BR-393/RJ;RJ;Norte;1;;;;;;;;;;2;;;;
10/08/2019;13:54:00;36;com vítima;175;BR-393/RJ;RJ;Norte;1;;;1;;;;;;;1;1;;;
11/08/2019;11:56:00;28;com vítima;282;BR-393/RJ;RJ;Sul;1;;;1;;;;;;;0;2;;;
11/08/2019;16:19:00;45;com vítima;161,187;BR-393/RJ;RJ;Sul;;;1;;;;;;;;0;1;;;
11/08/2019;18:49:00;52;com vítima;267,583;BR-393/RJ;RJ;Norte;1;;;;;;;;;;0;2;;;
11/08/2019;19:35:00;56;sem vítima;173,822;BR-393/RJ;RJ;Norte;;;1;;;;;;;;1;;;;
12/08/2019;12:27:00;40;com vítima;105,946;BR-393/RJ;RJ;Sul;2;;;;;;;;;;0;4;;;
15/08/2019;13:19:00;35;com vítima;282;BR-393/RJ;RJ;Sul;1;;;1;;;;;;;1;2;;;
16/08/2019;04:54:00;18;com vítima;277,8;BR-393/RJ;RJ;Norte;1;;;;;;;;;;0;2;;;
16/08/2019;06:47:00;21;com vítima;178;BR-393/RJ;RJ;Norte;2;;;;;;;;;;0;2;;;
17/08/2019;07:53:00;13;sem vítima;161,95;BR-393/RJ;RJ;Norte;;;1;;;;;;;;1;;;;
17/08/2019;13:17:00;31;com vítima;251;BR-393/RJ;RJ;Norte;1;;;1;;;;;;;0;1;1;;
17/08/2019;21:17:00;52;sem vítima;252,145;BR-393/RJ;RJ;Norte;1;;;1;;;;;;;2;;;;
18/08/2019;18:13:00;57;sem vítima;269,4;BR-393/RJ;RJ;Sul;1;;;1;;;;;;;3;;;;
18/08/2019;21:29:00;69;com vítima;209,2;BR-393/RJ;RJ;Norte;;;;1;;;;;;;0;;1;;
21/08/2019;18:32:00;54;sem vítima;281,746;BR-393/RJ;RJ;Norte;3;;;;;;;;;;3;;;;
23/08/2019;07:46:00;20;com vítima;248,588;BR-393/RJ;RJ;Sul;;;1;1;;;;;;;1;;1;;
23/08/2019;16:25:00;56;com vítima;155,634;BR-393/RJ;RJ;Norte;;;;1;;;;;;;0;2;;;
24/08/2019;03:37:00;12;sem vítima;281,853;BR-393/RJ;RJ;Norte;;;1;;;;;;;;2;;;;
24/08/2019;04:37:00;15;com vítima;223,942;BR-393/RJ;RJ;Norte;1;;;;;;;;;1;0;2;;2;
24/08/2019;07:40:00;18;com vítima;179;BR-393/RJ;RJ;Sul;1;;;;;;;;;;0;1;;;
24/08/2019;11:14:00;25;com vítima;285,4;BR-393/RJ;RJ;Norte;2;;;;;;;;;;2;1;;;
24/08/2019;12:06:00;28;com vítima;282,713;BR-393/RJ;RJ;Norte;;1;;1;;;;;;;1;;1;;
24/08/2019;16:25:00;37;com vítima;115,5;BR-393/RJ;RJ;Sul;1;;;;;;;;;;0;;;;1
24/08/2019;20:19:00;47;com vítima;235,2;BR-393/RJ;RJ;Sul;;;;1;;;;;;;0;;1;;
25/08/2019;16:37:00;46;com vítima;236,559;BR-393/RJ;RJ;Norte;3;;;;;;;;;;5;1;;;
27/08/2019;05:45:00;14;com vítima;250,186;BR-393/RJ;RJ;Norte;1;;;;;;;;;;0;1;1;;
27/08/2019;18:16:00;52;com vítima;267;BR-393/RJ;RJ;Norte;;2;1;;;;;;;;1;2;;;
29/08/2019;07:46:00;21;sem vítima;254,409;BR-393/RJ;RJ;Norte;;;;1;;;;;;;2;;;;
30/08/2019;09:15:00;28;sem vítima;251,703;BR-393/RJ;RJ;Norte;1;;1;;;;;;;;2;;;;
30/08/2019;16:11:00;53;com vítima;104,735;BR-393/RJ;RJ;Norte;;;1;1;;;;;;;1;1;;;
31/08/2019;18:05:00;67;com vítima;278,051;BR-393/RJ;RJ;Sul;;;;2;;;;;;;2;2;;;
01/09/2019;00:22:00;2;com vítima;218,647;BR-393/RJ;RJ;Norte;;;1;1;;;;;;;0;1;;;1
01/09/2019;17:02:00;46;com vítima;193,53;BR-393/RJ;RJ;Norte;1;;;;;;;;;;0;2;;;
01/09/2019;17:31:00;48;com vítima;232;BR-393/RJ;RJ;Sul;1;;1;;;;;;;;1;1;;;
01/09/2019;17:32:00;49;com vítima;193;BR-393/RJ;RJ;Norte;3;;;;;;;;;;0;6;1;;
01/09/2019;18:44:00;53;com vítima;219,95;BR-393/RJ;RJ;Norte;;;;1;;;;;;;0;1;;;
01/09/2019;19:08:00;54;sem vítima;282,5;BR-393/RJ;RJ;Norte;4;;;;;;;;;;5;;;;
01/09/2019;21:18:00;61;sem vítima;153;BR-393/RJ;RJ;Sul;;;1;;;;;;;;1;;;;
02/09/2019;12:17:00;41;com vítima;285;BR-393/RJ;RJ;Norte;2;;;;;;;;;;1;1;;;
02/09/2019;12:46:00;45;com vítima;123,504;BR-393/RJ;RJ;Norte;;;1;;;;;;;;0;1;;;
02/09/2019;18:01:00;61;com vítima;103,677;BR-393/RJ;RJ;Norte;;;;1;;;;;;;1;1;;;
03/09/2019;23:18:00;73;com vítima;242,947;BR-393/RJ;RJ;Norte;;;;1;;;;;;;0;;1;;
04/09/2019;21:27:00;62;com vítima;105,826;BR-393/RJ;RJ;Norte;1;;;1;;;;;;;0;3;;;
05/09/2019;18:20:00;63;com vítima;284,819;BR-393/RJ;RJ;Norte;2;;;;;;;;;;2;1;;;
05/09/2019;22:42:00;79;com vítima;172,092;BR-393/RJ;RJ;Sul;1;;;;;;;;;;0;4;1;;
07/09/2019;20:00:00;61;sem vítima;0,4;Alça Sul;RJ;Sul;1;;;;;;;;;;1;;;;
08/09/2019;03:33:00;16;sem vítima;164,768;BR-393/RJ;RJ;Norte;1;;;;;;;;;;1;;;;
08/09/2019;13:48:00;37;com vítima;169,645;BR-393/RJ;RJ;Norte;1;;;;;;;;;;0;1;;;
09/09/2019;07:16:00;15;com vítima;248,04;BR-393/RJ;RJ;Sul;;;;1;;;;;;;0;1;;;
10/09/2019;09:00:00;28;com vítima;106,184;BR-393/RJ;RJ;Norte;2;;;;;;;;;;2;3;;;
10/09/2019;19:17:00;69;sem vítima;284,648;BR-393/RJ;RJ;Sul;4;;;;;;;;;;6;;;;
12/09/2019;02:35:00;12;com vítima;151,915;BR-393/RJ;RJ;Sul;;;1;;;;;;;;0;1;;;
12/09/2019;08:03:00;18;com vítima;177,772;BR-393/RJ;RJ;Norte;2;;1;;;;;;;;0;4;;;
12/09/2019;16:49:00;45;com vítima;194,275;BR-393/RJ;RJ;Norte;;;;1;;;;;;;0;2;;;
14/09/2019;02:07:00;5;com vítima;242,536;BR-393/RJ;RJ;Norte;1;;1;;;;;;;;1;;1;;
14/09/2019;12:34:00;36;com vítima;2,486;Alça Sul;RJ;Norte;1;;;;;;;;;;0;;1;1;
14/09/2019;13:20:00;37;com vítima;280;BR-393/RJ;RJ;Sul;;;1;1;1;;;;;;2;;2;;
15/09/2019;07:39:00;17;com vítima;214,585;BR-393/RJ;RJ;Sul;1;;1;1;;;;;;;2;1;1;;
15/09/2019;17:35:00;42;com vítima;274,158;BR-393/RJ;RJ;Sul;1;;;;1;;;;;;7;1;;1;3
15/09/2019;19:14:00;45;com vítima;279;BR-393/RJ;RJ;Norte;1;;1;;;;;;;;1;1;;;
16/09/2019;17:35:00;50;sem vítima;172,9;BR-393/RJ;RJ;Norte;1;;;;;;;;;;2;;;;
16/09/2019;18:40:00;53;sem vítima;283,565;BR-393/RJ;RJ;Sul;2;;;;;;;;;;2;;;;
17/09/2019;15:00:00;40;com vítima;133,075;BR-393/RJ;RJ;Norte;4;;;;;;;;;;5;1;;;
17/09/2019;21:03:00;62;com vítima;124;BR-393/RJ;RJ;Norte;;;;1;;;;;;;0;2;;;
19/09/2019;07:02:00;25;sem vítima;193,834;BR-393/RJ;RJ;Norte;;;1;;;;;;;;2;;;;
19/09/2019;07:38:00;31;sem vítima;276,945;BR-393/RJ;RJ;Sul;1;;1;;;;;;;;2;;;;
19/09/2019;12:56:00;50;com vítima;168,819;BR-393/RJ;RJ;Sul;1;;1;;;;;;;;1;1;;;
20/09/2019;10:32:00;36;sem vítima;226,838;BR-393/RJ;RJ;Norte;1;;1;;;;;;;;5;;;;
20/09/2019;10:48:00;38;com vítima;171,629;BR-393/RJ;RJ;Norte;;;;1;;;;;;1;1;;1;;
21/09/2019;00:33:00;1;sem vítima;183;BR-393/RJ;RJ;Sul;;;1;;;;;;;;1;;;;
21/09/2019;05:23:00;20;com vítima;217;BR-393/RJ;RJ;Sul;1;;;;;;;;;;0;1;;;
21/09/2019;23:43:00;72;com vítima;175,161;BR-393/RJ;RJ;Sul;1;;;;;;;;;;0;1;1;;
22/09/2019;05:57:00;19;sem vítima;242,549;BR-393/RJ;RJ;Sul;1;;;;;;;;;;2;;;;
23/09/2019;00:34:00;1;sem vítima;234,952;BR-393/RJ;RJ;Sul;1;;;;;;;;;;2;;;;
24/09/2019;05:50:00;17;sem vítima;195,396;BR-393/RJ;RJ;Sul;;;;;1;;;;;;1;;;;
25/09/2019;07:08:00;13;com vítima;230,8;BR-393/RJ;RJ;Sul;2;;;;;;;;;;0;1;1;2;
25/09/2019;15:22:00;28;com vítima;136;BR-393/RJ;RJ;Norte;;1;;;;;;;;;0;1;;;
26/09/2019;13:45:00;35;com vítima;201,315;BR-393/RJ;RJ;Norte;1;;;;;;;;;;1;1;;;
26/09/2019;15:20:00;37;sem vítima;148;BR-393/RJ;RJ;Norte;1;;;;;;;;;;1;;;;
27/09/2019;18:53:00;69;com vítima;285,114;BR-393/RJ;RJ;Norte;3;;;;;;;;;;3;1;;;
28/09/2019;02:52:00;2;sem vítima;278;BR-393/RJ;RJ;Norte;1;;;;;;;;;;1;;;;
28/09/2019;04:21:00;5;sem vítima;133,27;BR-393/RJ;RJ;Sul;;;1;;;;;;;;1;;;;
28/09/2019;18:56:00;73;sem vítima;114,312;BR-393/RJ;RJ;Sul;1;;;;;;;;;;1;;;;
01/10/2019;06:42:00;24;com vítima;161,95;BR-393/RJ;RJ;Norte;;;1;;;;;;;;0;1;;;
01/10/2019;17:26:00;67;com vítima;274,08;BR-393/RJ;RJ;Sul;;;1;;;;;;;;0;1;;;
01/10/2019;19:41:00;73;sem vítima;147,401;BR-393/RJ;RJ;Norte;1;;;;;;;;;;1;;;;
01/10/2019;21:37:00;76;com vítima;268;BR-393/RJ;RJ;Sul;1;;;1;;;;;;;1;;2;;
03/10/2019;14:40:00;42;com vítima;223;BR-393/RJ;RJ;Sul;1;;;;;;;;;;0;2;;;
04/10/2019;18:50:00;69;com vítima;102,5;BR-393/RJ;RJ;Sul;1;;;1;;;;;;;2;;1;;
05/10/2019;17:24:00;57;com vítima;276,497;BR-393/RJ;RJ;Norte;;;1;;;;;;;1;1;1;;;
06/10/2019;18:59:00;59;sem vítima;244,719;BR-393/RJ;RJ;Sul;1;;;;;;1;;;;2;;;;
07/10/2019;07:55:00;24;sem vítima;284;BR-393/RJ;RJ;Norte;1;;;1;;;;;;;2;;;;
07/10/2019;18:07:00;64;com vítima;220;BR-393/RJ;RJ;Norte;2;;;;;;;;;;2;1;;;
08/10/2019;06:18:00;17;sem vítima;283,399;BR-393/RJ;RJ;Sul;1;;1;;;;;;;;2;;;;
08/10/2019;17:48:00;53;sem vítima;282;BR-393/RJ;RJ;Sul;3;;;;;;;;;;4;;;;
08/10/2019;19:03:00;57;com vítima;284,244;BR-393/RJ;RJ;Sul;8;;;;;;;;;;1;7;;;
08/10/2019;22:23:00;65;sem vítima;239,6;BR-393/RJ;RJ;Norte;;;2;;;;;;;;2;;;;
09/10/2019;11:44:00;27;com vítima;281,3;BR-393/RJ;RJ;Sul;1;;;1;;;;;;;0;2;;;
09/10/2019;16:08:00;43;com vítima;274,6;BR-393/RJ;RJ;Norte;1;;;;;;;;;;0;4;;;
09/10/2019;22:16:00;54;sem vítima;256,693;BR-393/RJ;RJ;Norte;2;;1;;1;;;;;;4;;;;
10/10/2019;07:33:00;20;sem vítima;145,8;BR-393/RJ;RJ;Sul;2;;;;;;;;;;2;;;;
11/10/2019;07:11:00;21;sem vítima;182,4;BR-393/RJ;RJ;Sul;1;;1;;;;;;;;2;;;;
11/10/2019;14:00:00;53;sem vítima;236,3;BR-393/RJ;RJ;Norte;;;2;;;;;;;;4;;;;
12/10/2019;01:51:00;5;sem vítima;253;BR-393/RJ;RJ;Sul;;;1;;;;;;;;2;;;;
12/10/2019;16:19:00;32;com vítima;199,1;BR-393/RJ;RJ;Sul;;;1;;;;;;;;0;1;;;
13/10/2019;12:58:00;36;com vítima;238,129;BR-393/RJ;RJ;Norte;2;;;;;;;;;;0;4;;1;1
13/10/2019;17:18:00;52;sem vítima;195,3;BR-393/RJ;RJ;Sul;;;2;;;;;;;;2;;;;
15/10/2019;09:47:00;28;com vítima;238,515;BR-393/RJ;RJ;Norte;2;;;;;;;;;;1;5;;;
15/10/2019;18:21:00;55;sem vítima;278,362;BR-393/RJ;RJ;Sul;2;;;;;;;;;;2;;;;
16/10/2019;00:13:00;1;sem vítima;145,6;BR-393/RJ;RJ;Sul;;;2;;;;;;;;2;;;;
16/10/2019;01:10:00;4;sem vítima;223,6;BR-393/RJ;RJ;Norte;;;1;;;;;;;;1;;;;
18/10/2019;15:11:00;46;com vítima;129,599;BR-393/RJ;RJ;Sul;;;1;;;;;;;;0;1;;1;
18/10/2019;21:36:00;69;sem vítima;125;BR-393/RJ;RJ;Norte;1;;1;;;;;;;;8;;;;
19/10/2019;07:52:00;15;com vítima;134,233;BR-393/RJ;RJ;Sul;;;2;;1;;;;;;0;4;;;
20/10/2019;19:04:00;58;sem vítima;280,899;BR-393/RJ;RJ;Norte;1;;;;;;;;;1;2;;;;
21/10/2019;14:47:00;53;com vítima;124,599;BR-393/RJ;RJ;Sul;;;;1;;;;;;;0;1;;;
21/10/2019;15:54:00;56;com vítima;172,774;BR-393/RJ;RJ;Norte;1;;1;;;;;;;;0;2;;;
21/10/2019;17:17:00;60;com vítima;174,3;BR-393/RJ;RJ;Norte;1;;;;1;;;;;;1;1;;;
22/10/2019;04:29:00;11;sem vítima;253,5;BR-393/RJ;RJ;Norte;2;;;;;;;;;;2;;;;
22/10/2019;06:32:00;13;com vítima;192,858;BR-393/RJ;RJ;Norte;;;1;1;;;;;;;0;2;;;
22/10/2019;12:36:00;39;sem vítima;141,8;BR-393/RJ;RJ;Sul;;;2;;;;;;;;2;;;;
22/10/2019;17:51:00;51;sem vítima;131,835;BR-393/RJ;RJ;Norte;2;;;;;;;;;;4;;;;
23/10/2019;18:45:00;59;com vítima;236,867;BR-393/RJ;RJ;Norte;;;1;;;;;;;;1;1;;;
24/10/2019;09:49:00;34;sem vítima;106,799;BR-393/RJ;RJ;Norte;2;;;;;;;;;;2;;;;
24/10/2019;18:39:00;65;sem vítima;284,263;BR-393/RJ;RJ;Sul;2;;;;;;;;;;2;;;;
26/10/2019;07:56:00;31;com vítima;169,1;BR-393/RJ;RJ;Norte;1;;;;;;;;;;0;2;;;
26/10/2019;10:18:00;35;com vítima;169,699;BR-393/RJ;RJ;Sul;1;;;;;;;;;;0;2;;;
26/10/2019;19:30:00;66;com vítima;279,6;BR-393/RJ;RJ;Sul;1;;;1;;;;;;;1;1;;;
27/10/2019;13:37:00;36;com vítima;102;BR-393/RJ;RJ;Sul;1;;;1;;;;;;;1;2;;;
28/10/2019;14:28:00;55;sem vítima;179,462;BR-393/RJ;RJ;Sul;2;;;;;;;;;;2;;;;
28/10/2019;15:14:00;57;com vítima;123;BR-393/RJ;RJ;Norte;;;;;;;;;;1;1;1;1;;
28/10/2019;15:59:00;63;sem vítima;193;BR-393/RJ;RJ;Norte;;;3;;;;;;;;3;;;;
28/10/2019;20:14:00;79;com vítima;279,491;BR-393/RJ;RJ;Norte;1;;1;;;;;;;;1;1;;;
29/10/2019;05:31:00;22;com vítima;238,8;BR-393/RJ;RJ;Norte;1;;1;;;;;;;;1;;1;;
29/10/2019;07:18:00;28;com vítima;124,5;BR-393/RJ;RJ;Norte;;;1;;;;;;;;1;1;;;
29/10/2019;07:45:00;30;com vítima;280,703;BR-393/RJ;RJ;Sul;;;;1;;;;;;;0;1;;;
29/10/2019;22:52:00;76;com vítima;177,4;BR-393/RJ;RJ;Sul;1;;1;;;;;;;;2;1;;;
30/10/2019;02:11:00;2;sem vítima;163,599;BR-393/RJ;RJ;Sul;;;1;;;;;;;;1;;;;
30/10/2019;08:00:00;10;sem vítima;177,609;BR-393/RJ;RJ;Norte;1;;1;;;;;;;;2;;;;
30/10/2019;08:17:00;12;com vítima;235,66;BR-393/RJ;RJ;Sul;;;;2;;;;;;;1;;1;;
31/10/2019;07:14:00;19;com vítima;251,5;BR-393/RJ;RJ;Sul;;;1;;;;;;;;2;1;;;
31/10/2019;07:44:00;20;sem vítima;255,5;BR-393/RJ;RJ;Norte;;;2;;;;;;;;2;;;;
31/10/2019;17:25:00;59;sem vítima;274,5;BR-393/RJ;RJ;Norte;1;;1;;;;;;;;2;;;;
01/11/2019;03:00:00;6;sem vítima;252,442;BR-393/RJ;RJ;Sul;;;1;;;;;;;;1;;;;
01/11/2019;04:00:00;7;sem vítima;285;BR-393/RJ;RJ;Sul;1;;;;;;;;;;1;;;;
02/11/2019;05:09:00;12;com vítima;256,399;BR-393/RJ;RJ;Sul;1;;;;;;;;;;0;3;;;
02/11/2019;06:58:00;17;com vítima;285,199;BR-393/RJ;RJ;Norte;1;;;;;;;;;;0;1;;;
02/11/2019;15:10:00;61;com vítima;284,05;BR-393/RJ;RJ;Norte;1;;;1;;;;;;;1;1;;;
04/11/2019;17:59:00;47;com vítima;131,4;BR-393/RJ;RJ;Norte;;;1;;;;;;;;0;1;;;
06/11/2019;21:33:00;74;sem vítima;284;BR-393/RJ;RJ;Sul;3;;;;;;;;;;4;;;;
07/11/2019;03:16:00;2;com vítima;1,961;Alça Sul;RJ;Norte;1;;;;;;;;;;0;1;;;
07/11/2019;19:51:00;67;com vítima;150,9;BR-393/RJ;RJ;Sul;1;;1;;;;;;;;1;;1;;
08/11/2019;07:18:00;16;sem vítima;284,168;BR-393/RJ;RJ;Norte;2;;1;;;;;;;;3;;;;
08/11/2019;20:26:00;72;com vítima;262,6;BR-393/RJ;RJ;Norte;;;1;;;;;;;;0;2;;;
08/11/2019;23:14:00;82;com vítima;222,857;BR-393/RJ;RJ;Sul;;;;1;;;;;;;0;1;;;
09/11/2019;11:51:00;45;sem vítima;151,8;BR-393/RJ;RJ;Sul;;;1;;;;;;;;1;;;;
09/11/2019;15:18:00;53;com vítima;274,6;BR-393/RJ;RJ;Sul;1;;;;;;;;;;3;1;;;
09/11/2019;15:35:00;55;sem vítima;174,8;BR-393/RJ;RJ;Sul;1;;;;;;;;;;1;;;;
10/11/2019;00:46:00;4;com vítima;235,25;BR-393/RJ;RJ;Norte;1;;;1;;;;;;;2;1;1;;
11/11/2019;09:19:00;27;sem vítima;136,5;BR-393/RJ;RJ;Sul;1;;;;;;;;;;2;;;;
11/11/2019;10:25:00;31;sem vítima;282,1;BR-393/RJ;RJ;Norte;1;;1;;;;;;;;2;;;;
11/11/2019;22:30:00;64;com vítima;285;BR-393/RJ;RJ;Sul;1;;;;;;;;;;1;;1;;
12/11/2019;10:56:00;40;com vítima;242,199;BR-393/RJ;RJ;Sul;2;;;;;;;;;;4;1;2;;
12/11/2019;17:00:00;52;com vítima;211,729;BR-393/RJ;RJ;Norte;;;1;;;;;;;;0;1;;;
13/11/2019;09:01:00;22;com vítima;123;BR-393/RJ;RJ;Norte;;;1;;;;;;;;0;1;;;
13/11/2019;10:34:00;28;com vítima;151,9;BR-393/RJ;RJ;Sul;;;1;;;;;;;;0;1;;;
14/11/2019;09:53:00;33;com vítima;159,599;BR-393/RJ;RJ;Sul;1;;1;;;;;;;;1;2;;;