data;horario;n_da_ocorrencia;tipo_de_ocorrencia;km;trecho;sentido;tipo_de_acidente;automovel;bicicleta;caminhao;moto;onibus;outros;tracao_animal;transporte_de_cargas_especiais;trator_maquinas;utilitarios;ilesos;levemente_feridos;moderadamente_feridos;gravemente_feridos;mortos
09/02/2021;07:30:00;15;ac02 - Acidente com VITIMA;103,099;BR-393/RJ;Sul;Colisão Lateral Mesmo Sentido;1;;1;;;;;;;;3;1;;;
10/02/2021;12:13:00;39;ac03 - Acidente sem Vitimas;181,8;BR-393/RJ;Sul;Saida de Pista;1;;;;;;;;;;1;;;;
10/02/2021;15:35:00;48;ac03 - Acidente sem Vitimas;255;BR-393/RJ;Norte;Colisão Lateral Mesmo Sentido;1;;1;;;;;;;;2;;;;
11/02/2021;18:20:00;59;ac02 - Acidente com VITIMA;105,9;BR-393/RJ;Norte;Colisão Lateral Mesmo Sentido;1;;;1;;;;;;;1;1;;;
11/02/2021;19:53:00;63;ac03 - Acidente sem Vitimas;281,2;BR-393/RJ;Sul;Colisão Transversal;2;;;;;;;;;;2;;;;
12/02/2021;02:34:00;1;ac02 - Acidente com VITIMA;200,5;BR-393/RJ;Norte;Queda de Moto;;;;1;;;;;;;0;1;;;
12/02/2021;17:06:00;59;ac03 - Acidente sem Vitimas;283,8;BR-393/RJ;Norte;Engavetamento;3;;;;;;;;;;3;;;;
12/02/2021;19:18:00;66;ac02 - Acidente com VITIMA;281;BR-393/RJ;Norte;Colisão Frontal;1;;;1;;;;;;;1;;1;;
13/02/2021;08:00:00;21;ac03 - Acidente sem Vitimas;258,899;BR-393/RJ;Sul;Saida de Pista;1;;;;;;;;;;2;;;;
13/02/2021;11:25:00;29;ac03 - Acidente sem Vitimas;265;BR-393/RJ;Sul;Colisão Traseira;2;;;;;;;;;;3;;;;
13/02/2021;19:26:00;56;ac02 - Acidente com VITIMA;282,9;BR-393/RJ;Sul;Colisão Transversal;2;;;;;;;;;;2;1;;;
13/02/2021;23:31:00;62;ac03 - Acidente sem Vitimas;230,4;BR-393/RJ;Sul;Saida de Pista;;;1;;;;;;;;1;;;;
14/02/2021;03:05:00;8;ac03 - Acidente sem Vitimas;130;BR-393/RJ;Norte;Saida de Pista;1;;;;;;;;;;2;;;;
14/02/2021;15:46:00;57;ac03 - Acidente sem Vitimas;113;BR-393/RJ;Norte;Colisão Lateral Mesmo Sentido;;;2;;;;;;;;3;;;;
15/02/2021;04:53:00;14;ac03 - Acidente sem Vitimas;278,3;BR-393/RJ;Sul;Saida de Pista;1;;;;;;;;;;1;;;;
15/02/2021;13:52:00;49;ac02 - Acidente com VITIMA;152;BR-393/RJ;Norte;Tombamento;;;1;;;;;;;;0;1;;;
16/02/2021;09:39:00;19;ac01 - Acidente com Vitima Fatal;1,9;Alça Sul;Sul;Colisão Frontal;1;;;1;;;;;;;0;;;1;1
18/02/2021;08:46:00;23;ac03 - Acidente sem Vitimas;220;BR-393/RJ;Norte;Colisão Lateral Sentido Oposto;;;2;;;;;;;1;3;;;;
19/02/2021;00:16:00;2;ac02 - Acidente com VITIMA;121,7;BR-393/RJ;Sul;Tombamento;;;1;;;;;;;;0;;1;;
19/02/2021;15:15:00;64;ac03 - Acidente sem Vitimas;262;BR-393/RJ;Norte;Atropelamento de Animal;;;1;;;;;;;;1;;;;
19/02/2021;18:32:00;68;ac02 - Acidente com VITIMA;162;BR-393/RJ;Sul;Saida de Pista;1;;;;;;;;;;0;1;;;
20/02/2021;08:45:00;27;ac03 - Acidente sem Vitimas;266,8;BR-393/RJ;Norte;Colisão Traseira;;;2;;;;;;;;4;;;;
20/02/2021;19:14:00;52;ac02 - Acidente com VITIMA;3;Alça Sul;Sul;Colisão Transversal;1;;;1;;;;;;;3;3;;;
21/02/2021;21:09:00;49;ac03 - Acidente sem Vitimas;113;BR-393/RJ;Norte;Saida de Pista;1;;;;;;;;;;1;;;;
21/02/2021;23:32:00;58;ac02 - Acidente com VITIMA;172,5;BR-393/RJ;Sul;Capotamento;1;;;;;;;;;;0;3;;;
23/02/2021;12:30:00;50;Acidente com vítima;174;BR-393/RJ;Sul;Saida de Pista;;;;;;;;;;1;0;1;;;
24/02/2021;15:47:00;49;ac02 - Acidente com VITIMA;131,8;BR-393/RJ;Norte;Colisão Traseira;2;;;;;;;;;;2;1;;;
25/02/2021;00:04:00;1;ac02 - Acidente com VITIMA;138;BR-393/RJ;Norte;Tombamento;;;1;;;;;;;;0;1;1;;
26/02/2021;13:03:00;50;Acidente com vítima;168;BR-393/RJ;Sul;Colisão Transversal;1;;1;;;;;;;;1;1;;;
26/02/2021;16:10:00;57;Acidente com vítima;223;BR-393/RJ;Norte;Colisão Traseira;1;;1;;;;;;;;0;3;;;
26/02/2021;20:13:00;67;ac03 - Acidente sem Vitimas;171,099;BR-393/RJ;Sul;Saida de Pista;;;1;;;;;;;;1;;;;
27/02/2021;01:53:00;4;ac02 - Acidente com VITIMA;171,9;BR-393/RJ;Sul;Capotamento;1;;;;;;;;;;2;;;1;
27/02/2021;05:49:00;20;ac02 - Acidente com VITIMA;242;BR-393/RJ;Norte;Colisão Lateral Sentido Oposto;1;;1;;;;;;;;1;;1;;
01/03/2021;01:08:00;5;Atropelamento com morte;280,699;BR-393/RJ;Pista Norte;Atropelamento de pedestre;;;1;;;;;;;;1;;;;1
01/03/2021;06:19:00;14;Acidente com vítima;265;BR-393/RJ;Pista Norte;Colisão c/ obstáculos;;;1;;;;;;;;0;1;;;
01/03/2021;13:22:00;39;Acidente com vítima;105,099;BR-393/RJ;Pista Sul;Acidentes de outra natureza;;;;1;;;;;;;0;1;;;
02/03/2021;08:28:00;22;Acidente sem vítima;132;BR-393/RJ;Pista Norte;Colisão com veículos (traseira);;;1;;;;;;;1;2;;;;
02/03/2021;13:41:00;43;Acidente sem vítima;177,699;BR-393/RJ;Pista Norte;Colisão com veículos (traseira);1;;1;;;;;;;;4;;;;
05/03/2021;17:32:00;54;Acidente sem vítima;243,099;BR-393/RJ;Pista Norte;Colisão lateral no mesmo sentido;;;2;;;;;;;;2;;;;
06/03/2021;17:30:00;54;Acidente com morte;145,9;BR-393/RJ;Pista Norte;Colisão lateral no sentido contrário;;;1;1;;;;;;;0;3;;;1
06/03/2021;17:44:00;55;Acidente com vítima;179,699;BR-393/RJ;Pista Norte;Saídas de pista;1;;;;;;;;;;0;1;;;
06/03/2021;18:48:00;57;Acidente sem vítima;226,9;BR-393/RJ;Pista Sul;Colisão com veículos (traseira);1;;1;;;;;;;;2;;;;
07/03/2021;03:34:00;9;Acidente sem vítima;285;BR-393/RJ;Pista Norte;Colisão com veículos (traseira);2;;;;;;;;;;2;;;;
07/03/2021;15:58:00;36;Acidente com vítima;164,75;BR-393/RJ;Pista Norte;Tombamento;;;1;;;;;;;;0;1;;;
08/03/2021;10:00:00;31;Acidente sem vítima;155,2;BR-393/RJ;Pista Norte;Tombamento;;;1;;;;;;;;1;;;;
08/03/2021;17:28:00;50;Acidente sem vítima;284,199;BR-393/RJ;Pista Norte;Colisão com veículos (traseira);2;;;;;;;;;;2;;;;
08/03/2021;17:48:00;52;Acidente com vítima;283,6;BR-393/RJ;Pista Norte;Acidentes de outra natureza;1;;;1;;;;;;;1;;1;;
09/03/2021;10:36:00;31;Acidente com vítima;131,3;BR-393/RJ;Pista Norte;Tombamento;;;2;;;;;;;;1;;1;;
10/03/2021;09:42:00;21;Acidente sem vítima;125,7;BR-393/RJ;Pista Sul;Colisão com veículos (traseira);;;2;;;;;;;;2;;;;
10/03/2021;18:15:00;39;Acidente sem vítima;242,8;BR-393/RJ;Pista Sul;Saídas de pista;;;;;;;;;;1;2;;;;
11/03/2021;18:25:00;62;Acidente com vítima;108;BR-393/RJ;Pista Norte;Acidentes de outra natureza;1;;;1;;;;;;;1;1;;;
11/03/2021;19:18:00;64;Acidente sem vítima;268,3;BR-393/RJ;Pista Sul;Acidentes de outra natureza;1;;1;;;;;;;;2;;;;
11/03/2021;19:57:00;67;Acidente sem vítima;255,7;BR-393/RJ;Pista Sul;Colisão com veículos (traseira);1;;;;1;;;;;;2;;;;
12/03/2021;13:41:00;38;Acidente sem vítima;282;BR-393/RJ;Pista Norte;Colisão c/ obstáculos;1;;;;;;;;;;1;;;;
12/03/2021;19:52:00;51;Acidente sem vítima;156,4;BR-393/RJ;Pista Norte;Saídas de pista;;;1;;;;;;;;1;;;;
13/03/2021;01:24:00;5;Acidente com vítima;103,9;BR-393/RJ;Pista Norte;Acidentes de outra natureza;;;;1;;;;;;;0;1;;;
13/03/2021;11:40:00;31;Acidente sem vítima;286,399;BR-393/RJ;Pista Sul;Colisão com veículos (traseira);3;;;;;;;;;;4;;;;
15/03/2021;09:02:00;19;Acidente sem vítima;280;BR-393/RJ;Pista Norte;Engavetamento;4;;;;;;;;;;5;;;;
15/03/2021;10:19:00;25;Acidente com vítima;117,2;BR-393/RJ;Pista Sul;Colisão lateral no mesmo sentido;1;;1;;;;;;;;1;2;;;
15/03/2021;17:34:00;53;Acidente com vítima;260,6;BR-393/RJ;Pista Norte;Colisão c/ obstáculos;;;1;;;;;;;;0;1;;;
16/03/2021;18:37:00;62;Acidente sem vítima;227,199;BR-393/RJ;Pista Sul;Saídas de pista;1;;;;;;;;;;2;;;;
19/03/2021;07:47:00;22;Acidente sem vítima;164;BR-393/RJ;Pista Sul;Tombamento;;;1;;;;;;;;2;;;;
20/03/2021;04:43:00;14;Acidente sem vítima;227;BR-393/RJ;Pista Sul;Saídas de pista;1;;;;;;;;;;1;;;;
20/03/2021;06:06:00;17;Acidente com vítima;239;BR-393/RJ;Pista Norte;Colisão lateral no mesmo sentido;2;;;;;;;;;;0;3;;;
20/03/2021;12:48:00;39;Acidente com vítima;280;BR-393/RJ;Pista Norte;Colisão lateral no mesmo sentido;1;;;1;;;;;;;0;2;;;
21/03/2021;21:37:00;42;Acidente sem vítima;282;BR-393/RJ;Pista Norte;Colisão com veículos (traseira);2;;;;;;;;;;6;;;;
22/03/2021;08:33:00;27;Acidente com vítima;252;BR-393/RJ;Pista Norte;Acidentes de outra natureza;1;;;1;;;;;;;1;1;;;
23/03/2021;10:19:00;36;Acidente sem vítima;282;BR-393/RJ;Pista Sul;Engavetamento;3;;;;;;;;;;5;;;;
25/03/2021;07:53:00;21;Acidente sem vítima;274,8;BR-393/RJ;Pista Sul;Tombamento;;;1;;;;;;;;1;;;;
26/03/2021;10:47:00;27;Acidente com vítima;105;BR-393/RJ;Pista Norte;Colisão lateral no sentido contrário;1;;1;;;;;;;;1;2;;;
27/03/2021;19:59:00;46;Acidente sem vítima;285,199;BR-393/RJ;Pista Norte;Colisão c/ obstáculos;1;;;;;;;;;;1;;;;
27/03/2021;22:49:00;53;Acidente com vítima;283,699;BR-393/RJ;Pista Sul;Colisão com veículos (frontal);1;;;1;;;;;;;1;1;;;
28/03/2021;10:26:00;25;Acidente sem vítima;227,4;BR-393/RJ;Pista Sul;Colisão lateral no mesmo sentido;;;1;;1;;;;;;2;;;;
28/03/2021;20:04:00;43;Acidente com vítima;217,699;BR-393/RJ;Pista Norte;Colisão c/ obstáculos;;;1;;;;;;;;0;1;;;
29/03/2021;09:01:00;18;Acidente com vítima;285,5;BR-393/RJ;Pista Sul;Colisão lateral no mesmo sentido;1;;;1;;;;;;;1;1;;;
30/03/2021;09:29:00;20;Acidente com vítima;137;BR-393/RJ;Pista Sul;Acidentes de outra natureza;;;1;;;;;;;;0;1;;;
30/03/2021;11:45:00;27;Acidente com vítima;237;BR-393/RJ;Pista Norte;Acidentes de outra natureza;;;;1;;;;;;;0;;1;;
30/03/2021;15:17:00;34;Acidente com vítima;168,7;BR-393/RJ;Pista Norte;Colisão com veículos (traseira);2;;;;;;;;;;1;1;2;;
31/03/2021;03:10:00;4;Atropelamento sem morte;285,7;BR-393/RJ;Pista Norte;Atropelamento de pedestre;1;;;;;;;;;;0;1;;1;
01/04/2021;06:51:00;19;Acidente sem vítima;179,099;BR-393/RJ;Crescente;Colisão c/ obstáculos;;;1;;;;;;;;1;;;;
03/04/2021;20:18:00;38;Acidente com vítima;285,699;BR-393/RJ;Decrescente;Acidentes de outra natureza;;;;1;;;;;;1;1;;1;1;
04/04/2021;06:28:00;15;Acidente com vítima;180;BR-393/RJ;Decrescente;Acidentes de outra natureza;;;;1;;;;;;;0;2;;;
04/04/2021;14:47:00;28;Acidente sem vítima;255;BR-393/RJ;Decrescente;Colisão com veículos (traseira);2;;;;;;;;;;2;;;;
05/04/2021;06:54:00;16;Atropelamento com morte;172,3;BR-393/RJ;Crescente;Colisão com veículos (frontal);;;2;;;;;;;;0;;1;;2
05/04/2021;18:33:00;54;Acidente com vítima;284;BR-393/RJ;Crescente;Atropelamento de pedestre;1;;;;;;;;;;1;1;;;
05/04/2021;21:40:00;60;Acidente com vítima;225,099;BR-393/RJ;Decrescente;Colisão com veículos (traseira);;;;2;;;;;;;0;2;;;
07/04/2021;15:21:00;45;Acidente sem vítima;135,5;BR-393/RJ;Decrescente;Colisão c/ obstáculos;;;1;;;;;;;;1;;;;
07/04/2021;17:11:00;54;Acidente com vítima;123,099;BR-393/RJ;Decrescente;Tombamento;;;1;;;;;;;;0;;1;;
08/04/2021;18:08:00;54;Acidente com vítima;151,9;BR-393/RJ;Crescente;Saídas de pista;1;;;;;;;;;;0;2;1;;
08/04/2021;20:59:00;64;Acidente com morte;102,7;BR-393/RJ;Crescente;Colisão com veículos (frontal);1;;1;;;;;;;;0;1;;;2
10/04/2021;22:25:00;53;Acidente com vítima;130,3;BR-393/RJ;Crescente;Atropelamento de pedestre;1;1;;;;;;;;;1;;1;;
11/04/2021;18:57:00;38;Acidente com vítima;252,5;BR-393/RJ;Crescente;Acidentes de outra natureza;;;;1;;;;;;;0;;1;;
14/04/2021;11:17:00;35;Acidente sem vítima;232,599;BR-393/RJ;Decrescente;Colisão lateral no mesmo sentido;;;2;;;;;;;;2;;;;
14/04/2021;11:43:00;38;Acidente com vítima;283,9;BR-393/RJ;Decrescente;Atropelamento de pedestre;1;1;;;;;;;;;1;1;;;
15/04/2021;19:53:00;64;Acidente sem vítima;285,199;BR-393/RJ;Decrescente;Colisão com veículos (traseira);1;;;;1;;;;;;4;;;;
17/04/2021;01:22:00;1;Acidente com morte;283,6;BR-393/RJ;Crescente;Colisão c/ obstáculos;;;1;1;;;;;;;1;;;;1
17/04/2021;06:15:00;14;Acidente com vítima;181,3;BR-393/RJ;Decrescente;Saídas de pista;1;;;;;;;;;;0;1;;;
17/04/2021;07:00:00;15;Acidente sem vítima;185,1;BR-393/RJ;Decrescente;Saídas de pista;;;1;;;;;;;;1;;;;
17/04/2021;18:14:00;48;Acidente com vítima;236;BR-393/RJ;Crescente;Acidentes de outra natureza;1;;;1;;;;;;;1;1;1;;
17/04/2021;19:54:00;52;Acidente sem vítima;285;BR-393/RJ;Decrescente;Engavetamento;3;;;;;;;;;;5;;;;
18/04/2021;04:13:00;10;Acidente sem vítima;233,2;BR-393/RJ;Decrescente;Capotamento;1;;;;;;;;;;1;;;;
18/04/2021;06:46:00;12;Acidente com vítima;273,8;BR-393/RJ;Crescente;Tombamento;;;1;;;;;;;;0;;1;;
18/04/2021;14:52:00;21;Acidente com vítima;238,5;BR-393/RJ;Crescente;Acidentes de outra natureza;1;;1;;;;;;;;1;2;;;
18/04/2021;15:54:00;22;Acidente com vítima;172,3;BR-393/RJ;Crescente;Saídas de pista;1;;;;;;;;;;1;2;;;
23/04/2021;19:20:00;41;Acidente com morte;238;BR-393/RJ;Crescente;Colisão lateral no sentido contrário;1;;1;1;;;;;;;3;2;;;1
24/04/2021;18:41:00;33;Acidente com vítima;103,619;BR-393/RJ;Decrescente;Colisão com veículos (traseira);2;;;;;;;;;;1;4;;;
24/04/2021;19:37:00;36;Acidente com vítima;236,7;BR-393/RJ;Decrescente;Colisão lateral no sentido contrário;1;;1;;;;;;;;1;;1;;
24/04/2021;23:32:00;42;Atropelamento com morte;152,199;BR-393/RJ;Decrescente;Atropelamento de pedestre;;;;;;1;;;;;1;;;;1
26/04/2021;02:58:00;13;Acidente com vítima;181;BR-393/RJ;Crescente;Colisão lateral no mesmo sentido;2;;;;;;;;;;0;8;;;
27/04/2021;15:16:00;51;Acidente com vítima;146,9;BR-393/RJ;Crescente;Colisão lateral no sentido contrário;;;2;;;;;;;;1;2;;1;
27/04/2021;17:58:00;58;Acidente com vítima;284,399;BR-393/RJ;Crescente;Engavetamento;2;;;;1;;;;;;2;1;;;
28/04/2021;15:38:00;46;Acidente com vítima;252;BR-393/RJ;Decrescente;Colisão c/ obstáculos;1;;;;;;;;;;0;1;;;
29/04/2021;06:46:00;15;Acidente com vítima;285,699;BR-393/RJ;Crescente;Colisão com veículos (traseira);1;;;1;;;;;;;2;1;;;
29/04/2021;07:29:00;17;Acidente sem vítima;284,699;BR-393/RJ;Crescente;Colisão com veículos (traseira);2;;;;;;;;;;2;;;;
29/04/2021;18:38:00;56;Acidente com vítima;229,699;BR-393/RJ;Decrescente;Colisão lateral no mesmo sentido;1;;1;;;;;;;;1;1;;;
29/04/2021;18:59:00;57;Acidente sem vítima;284,699;BR-393/RJ;Decrescente;Colisão com veículos (traseira);2;;;;;;;;;;5;;;;
30/04/2021;02:49:00;9;Acidente sem vítima;238;BR-393/RJ;Decrescente;Atropelamento de animais;1;;;;;;;;;;3;;;;
01/05/2021;23:22:00;49;Acidente sem vítima;265;BR-393/RJ;Decrescente;Colisão c/ obstáculos;;;2;;;;;;;;2;;;;
02/05/2021;00:33:00;1;Acidente com vítima;179;BR-393/RJ;Decrescente;Colisão lateral no sentido contrário;2;;;;;;;;;;2;1;;;
02/05/2021;07:15:00;16;Acidente com vítima;113;BR-393/RJ;Decrescente;Colisão c/ obstáculos;1;;;;;;;;;;0;2;;;
02/05/2021;21:41:00;53;Acidente com vítima;282,1;BR-393/RJ;Decrescente;Acidentes de outra natureza;1;;;1;;;;;;;1;1;;;
03/05/2021;00:04:00;1;Acidente sem vítima;217,5;BR-393/RJ;Decrescente;Saídas de pista;1;;;;;;;;;;1;;;;
05/05/2021;01:29:00;5;Acidente com vítima;123;BR-393/RJ;Decrescente;Tombamento;;;1;;;;;;;;0;1;;;
05/05/2021;09:29:00;26;Acidente sem vítima;285,299;BR-393/RJ;Crescente;Engavetamento;3;;;;;;;;;;3;;;;
05/05/2021;19:19:00;58;Acidente com vítima;234,9;BR-393/RJ;Crescente;Acidentes de outra natureza;2;;;;;;;;;;2;2;2;1;
05/05/2021;19:44:00;59;Acidente com vítima;279,5;BR-393/RJ;Crescente;Atropelamento de pedestre;;1;;1;;;;;;;1;1;;;
07/05/2021;05:12:00;16;Acidente com vítima;261,9;BR-393/RJ;Crescente;Colisão lateral no sentido contrário;2;;;;;;;;;;2;1;;;
07/05/2021;19:17:00;50;Acidente sem vítima;187,199;BR-393/RJ;Crescente;Atropelamento de animais;;;1;;;;;;;;1;;;;
08/05/2021;03:34:00;17;Acidente sem vítima;239,199;BR-393/RJ;Decrescente;Saídas de pista;1;;;;;;;;;;3;;;;
08/05/2021;06:31:00;19;Acidente com vítima;235,4;BR-393/RJ;Decrescente;Atropelamento de pedestre;1;;;;;;;;;;1;1;;;
08/05/2021;16:42:00;46;Acidente sem vítima;167,599;BR-393/RJ;Crescente;Colisão lateral no mesmo sentido;1;;1;;;;;;;;3;;;;
08/05/2021;23:29:00;54;Acidente sem vítima;281;BR-393/RJ;Crescente;Colisão com veículos (traseira);2;;;;;;;;;;3;;;;
09/05/2021;21:26:00;48;Atropelamento sem morte;184,3;BR-393/RJ;Crescente;Atropelamento de pedestre;;1;1;;;;;;;;1;;1;;
10/05/2021;14:22:00;44;Acidente com vítima;111,5;BR-393/RJ;Decrescente;Saídas de pista;1;;;;;;;;;;0;5;;;
10/05/2021;18:02:00;60;Acidente sem vítima;270;BR-393/RJ;Decrescente;Acidentes de outra natureza;1;;1;;;;;;;1;7;;;;
11/05/2021;07:16:00;21;Acidente sem vítima;180;BR-393/RJ;Crescente;Colisão lateral no sentido contrário;;;2;;;;;;;;2;;;;
11/05/2021;08:05:00;27;Acidente sem vítima;159,199;BR-393/RJ;Decrescente;Colisão c/ obstáculos;1;;;;;;;;;;1;;;;
11/05/2021;12:03:00;48;Acidente sem vítima;284,699;BR-393/RJ;Decrescente;Colisão com veículos (traseira);2;;;;;;;;;;2;;;;
11/05/2021;15:36:00;57;Acidente sem vítima;231,9;BR-393/RJ;Decrescente;Acidentes de outra natureza;2;;;;;;;;;;4;;;;
12/05/2021;07:05:00;16;Acidente com vítima;103,299;BR-393/RJ;Decrescente;Acidentes de outra natureza;1;;;1;;;;;;;0;1;;1;
12/05/2021;15:05:00;44;Acidente com vítima;168,4;BR-393/RJ;Crescente;Colisão c/ obstáculos;;;;1;;;;;;;1;1;;;
13/05/2021;04:51:00;13;Acidente com vítima;179,3;BR-393/RJ;Crescente;Acidentes de outra natureza;;;;1;;;;;;;0;;1;;
13/05/2021;07:14:00;15;Acidente sem vítima;284;BR-393/RJ;Crescente;Colisão com veículos (traseira);2;;;;;;;;;;3;;;;
13/05/2021;08:13:00;19;Acidente com morte;161;BR-393/RJ;Crescente;Colisão com veículos (frontal);1;;1;;;;;;;;0;1;;;1
13/05/2021;14:13:00;41;Acidente sem vítima;250;BR-393/RJ;Decrescente;Colisão c/ obstáculos;1;;;;;;;;;;1;;;;
14/05/2021;15:29:00;50;Acidente com vítima;275;BR-393/RJ;Decrescente;Colisão lateral no mesmo sentido;;;2;;;;;;;;1;4;;;
16/05/2021;17:17:00;40;Acidente com vítima;218,8;BR-393/RJ;Crescente;Acidentes de outra natureza;;;;1;;;;;;;0;2;;;
16/05/2021;17:50:00;43;Acidente com vítima;253;BR-393/RJ;Crescente;Colisão lateral no mesmo sentido;;;2;;;;;;;;1;1;;;
17/05/2021;22:48:00;66;Acidente sem vítima;236,4;BR-393/RJ;Crescente;Colisão com veículos (traseira);2;;;;;;;;;;7;;;;
18/05/2021;16:13:00;42;Acidente com vítima;178,4;BR-393/RJ;Decrescente;Colisão c/ obstáculos;;;1;;;;;;;;0;1;;;
18/05/2021;17:48:00;50;Atropelamento sem morte;179,499;BR-393/RJ;Decrescente;Atropelamento de pedestre;;;;1;;;;;;;1;;1;;
18/05/2021;18:38:00;55;Acidente com vítima;282,199;BR-393/RJ;Decrescente;Acidentes de outra natureza;2;;;;;;;;;;1;1;1;;
19/05/2021;16:17:00;47;Acidente com vítima;167,9;BR-393/RJ;Decrescente;Engavetamento;2;;2;;;;;;;;10;2;;;
19/05/2021;16:36:00;50;Acidente sem vítima;236,699;BR-393/RJ;Crescente;Acidentes de outra natureza;1;;;1;;;;;;;2;;;;
20/05/2021;01:49:00;7;Acidente sem vítima;223,599;BR-393/RJ;Decrescente;Colisão com veículos (traseira);;;1;;1;;;;;;29;;;;
21/05/2021;18:38:00;46;Acidente sem vítima;280;BR-393/RJ;Crescente;Colisão com veículos (traseira);2;;;;;;;;;;4;;;;
22/05/2021;13:36:00;31;Atropelamento com morte;169;BR-393/RJ;Decrescente;Atropelamento de pedestre;;1;1;;;;;;;;0;1;;;1
22/05/2021;14:32:00;35;Acidente com vítima;285,8;BR-393/RJ;Decrescente;Colisão lateral no mesmo sentido;1;;;;1;;;;;;1;1;;;
22/05/2021;14:41:00;36;Acidente com morte;285,699;BR-393/RJ;Decrescente;Acidentes de outra natureza;1;;;1;;;;;;;3;;;;1
23/05/2021;01:11:00;1;Acidente com vítima;171;BR-393/RJ;Crescente;Colisão com veículos (traseira);2;;;;;;;;;;2;1;;;
23/05/2021;18:01:00;40;Acidente com vítima;285,199;BR-393/RJ;Crescente;Colisão com veículos (traseira);2;;;;;;;;;;2;2;;;
25/05/2021;06:57:00;19;Acidente com vítima;258,004;BR-393/RJ;Crescente;Tombamento;;;1;;;;;;;;0;;1;;
25/05/2021;14:23:00;48;Acidente com vítima;134,5;BR-393/RJ;Decrescente;Colisão com veículos (traseira);1;;;1;;;;;;;0;3;;;
27/05/2021;07:15:00;16;Acidente com vítima;265;BR-393/RJ;Decrescente;Colisão com veículos (traseira);1;;1;;;;;;;;6;1;;;
27/05/2021;09:04:00;29;Acidente sem vítima;282;BR-393/RJ;Crescente;Colisão com veículos (traseira);2;;;;;;;;;;5;;;;
27/05/2021;09:26:00;33;Acidente com vítima;224,5;BR-393/RJ;Crescente;Colisão com veículos (frontal);;;3;;;;;;;;0;1;1;1;
27/05/2021;18:49:00;63;Acidente sem vítima;158,6;BR-393/RJ;Crescente;Colisão com veículos (traseira);1;;;;;;;;;1;10;;;;
28/05/2021;19:25:00;65;Acidente sem vítima;282,199;BR-393/RJ;Decrescente;Acidentes de outra natureza;1;;;1;;;;;;;3;;;;
28/05/2021;20:24:00;69;Acidente com vítima;180,9;BR-393/RJ;Decrescente;Acidentes de outra natureza;;;;1;;;;;;;0;1;1;;
28/05/2021;22:27:00;74;Acidente com vítima;280;BR-393/RJ;Crescente;Atropelamento de pedestre;;;;1;;;;;;;0;;1;2;
29/05/2021;00:57:00;6;Acidente sem vítima;282,8;BR-393/RJ;Decrescente;Capotamento;1;;;;;;;;;;1;;;;
30/05/2021;02:38:00;1;Acidente com morte;105,099;BR-393/RJ;Crescente;Colisão com veículos (traseira);1;;;1;;;;;;;1;;1;;1