data;horario;n_da_ocorrencia;tipo_de_ocorrencia;km;trecho;sentido;tipo_de_acidente;automovel;bicicleta;caminhao;moto;onibus;outros;tracao_animal;transporte_de_cargas_especiais;trator_maquinas;utilitarios;ilesos;levemente_feridos;moderadamente_feridos;gravemente_feridos;mortos
30/05/2021;04:10:00;11;Acidente sem vítima;236,699;BR-393/RJ;Decrescente;Saídas de pista;1;;;;;;;;;;1;;;;
30/05/2021;17:17:00;30;Acidente sem vítima;133;BR-393/RJ;Crescente;Colisão lateral no sentido contrário;1;;1;;;;;;;;2;;;;
30/05/2021;19:12:00;38;Acidente sem vítima;285,7;BR-393/RJ;Crescente;Colisão com veículos (traseira);2;;;;;;;;;;3;;;;
30/05/2021;19:45:00;39;Acidente com vítima;281,8;BR-393/RJ;Crescente;Colisão com veículos (frontal);1;;;;;;;;;1;0;2;;;
30/05/2021;21:03:00;41;Acidente sem vítima;136,3;BR-393/RJ;Decrescente;Colisão c/ obstáculos;1;;;;;;;;;;2;;;;
31/05/2021;09:10:00;22;Acidente com vítima;263,8;BR-393/RJ;Decrescente;Capotamento;1;;;;;;;;;;1;2;;;
31/05/2021;09:57:00;27;Acidente sem vítima;257,8;BR-393/RJ;Decrescente;Colisão c/ obstáculos;1;;;;;;;;;;1;;;;
31/05/2021;09:57:00;29;Acidente com vítima;257,899;BR-393/RJ;Crescente;Saídas de pista;1;;;;;;;;;;0;2;;;
31/05/2021;11:05:00;30;Acidente sem vítima;114,2;BR-393/RJ;Decrescente;Colisão c/ obstáculos;1;;;;;;;;;;1;;;;
31/05/2021;11:23:00;32;Acidente sem vítima;129,9;BR-393/RJ;Decrescente;Saídas de pista;1;;;;;;;;;;2;;;;
31/05/2021;13:08:00;39;Acidente sem vítima;157,4;BR-393/RJ;Decrescente;Saídas de pista;1;;;;;;;;;;1;;;;
31/05/2021;15:45:00;47;Acidente com vítima;283,699;BR-393/RJ;Crescente;Acidentes de outra natureza;2;;;;;;;;;;1;1;;;
31/05/2021;19:20:00;55;Acidente com vítima;105,5;BR-393/RJ;Decrescente;Colisão lateral no sentido contrário;1;;1;;;;;;;;1;2;;;
01/06/2021;18:01:00;63;Acidente com vítima;282;BR-393/RJ;Decrescente;Acidentes de outra natureza;;1;;;;;;;;;0;1;;;
02/06/2021;09:20:00;21;Acidente com vítima;281;BR-393/RJ;Decrescente;Acidentes de outra natureza;2;;;1;;;;;;;2;2;;;
02/06/2021;15:48:00;47;Acidente sem vítima;265;BR-393/RJ;Crescente;Colisão com veículos (traseira);;;2;;;;;;;;4;;;;
04/06/2021;08:55:00;19;Acidente sem vítima;137;BR-393/RJ;Crescente;Colisão c/ obstáculos;;;1;;;;;;;;1;;;;
04/06/2021;12:55:00;37;Acidente sem vítima;255;BR-393/RJ;Crescente;Acidentes de outra natureza;2;;;;;;;;;;3;;;;
04/06/2021;21:14:00;56;Acidente com vítima;285,3;BR-393/RJ;Decrescente;Acidentes de outra natureza;1;;;1;;;;;;;2;1;;;
05/06/2021;13:13:00;36;Acidente com vítima;103,599;BR-393/RJ;Crescente;Saídas de pista;1;;;;;;;;;;0;2;;;
05/06/2021;13:14:00;37;Acidente com vítima;185,099;BR-393/RJ;Crescente;Capotamento;1;;;;;;;;;;0;2;;;
05/06/2021;13:19:00;38;Acidente sem vítima;266,6;BR-393/RJ;Crescente;Saídas de pista;1;;;;;;;;;;2;;;;
05/06/2021;15:56:00;43;Acidente sem vítima;282;BR-393/RJ;Crescente;Colisão com veículos (traseira);2;;;;;;;;;;2;;;;
05/06/2021;16:11:00;44;Acidente com vítima;234,9;BR-393/RJ;Crescente;Acidentes de outra natureza;1;;;1;;;;;;;4;1;;;
05/06/2021;20:36:00;50;Acidente com vítima;283,3;BR-393/RJ;Crescente;Colisão lateral no sentido contrário;3;;;;;;;;;;8;1;;;
06/06/2021;13:58:00;31;Acidente com vítima;114;BR-393/RJ;Decrescente;Tombamento;1;;1;;;;;;;;0;2;;;
06/06/2021;17:44:00;38;Acidente com vítima;283,6;BR-393/RJ;Decrescente;Colisão com veículos (frontal);1;;;1;;;;;;;1;;1;;
06/06/2021;18:59:00;41;Acidente sem vítima;187,199;BR-393/RJ;Crescente;Acidentes de outra natureza;1;;2;;;;;;;;7;;;;
06/06/2021;19:00:00;46;Acidente sem vítima;187,199;BR-393/RJ;Decrescente;Colisão com veículos (traseira);2;;;;;;;;;;8;;;;
08/06/2021;06:23:00;13;Acidente com vítima;102,799;BR-393/RJ;Decrescente;Colisão lateral no mesmo sentido;;;1;1;;;;;;;1;1;;;
09/06/2021;10:56:00;34;Acidente sem vítima;238,5;BR-393/RJ;Decrescente;Colisão com veículos (traseira);;;2;;;;;;;;2;;;;
10/06/2021;17:32:00;49;Acidente com vítima;171,5;BR-393/RJ;Crescente;Acidentes de outra natureza;1;;;1;;;;;;;0;2;;;
11/06/2021;08:35:00;24;Acidente com vítima;229,8;BR-393/RJ;Crescente;Capotamento;1;;;;;;;;;;0;1;;;
12/06/2021;00:38:00;2;Acidente com vítima;172,3;BR-393/RJ;Decrescente;Capotamento;1;;;;;;;;;;1;1;;;
12/06/2021;14:38:00;36;Acidente com vítima;206,9;BR-393/RJ;Decrescente;Colisão lateral no mesmo sentido;1;;1;;;;;;;;0;3;;;
12/06/2021;15:02:00;37;Acidente sem vítima;278,8;BR-393/RJ;Crescente;Acidentes de outra natureza;2;;;;;;;;;;3;;;;
12/06/2021;20:51:00;49;Atropelamento sem morte;235,199;BR-393/RJ;Decrescente;Atropelamento de pedestre;1;;;;;;;;;;2;;1;;
13/06/2021;03:38:00;13;Acidente com vítima;180;BR-393/RJ;Decrescente;Atropelamento de animais;1;;;;;;;;;;0;1;;;
13/06/2021;10:58:00;27;Acidente com vítima;273,8;BR-393/RJ;Decrescente;Saídas de pista;1;;;;;;;;;;0;1;;;
16/06/2021;07:21:00;15;Acidente sem vítima;203,9;BR-393/RJ;Decrescente;Colisão c/ obstáculos;;;1;;;;;;;;1;;;;
17/06/2021;07:30:00;17;Acidente sem vítima;175,599;BR-393/RJ;Crescente;Colisão com veículos (traseira);;;2;;;;;;;;2;;;;
17/06/2021;11:59:00;34;Acidente sem vítima;167,9;BR-393/RJ;Crescente;Engavetamento;1;;2;;;;;;;;4;;;;
17/06/2021;22:51:00;61;Acidente sem vítima;172;BR-393/RJ;Decrescente;Atropelamento de animais;2;;2;;;;;;;;4;;;;
18/06/2021;07:30:00;24;Acidente com vítima;114,3;BR-393/RJ;Decrescente;Tombamento;;;1;;;;;;;;0;1;;;
18/06/2021;12:28:00;45;Acidente sem vítima;281;BR-393/RJ;Crescente;Colisão com veículos (traseira);2;;;;;;;;;;2;;;;
18/06/2021;13:30:00;48;Acidente sem vítima;133;BR-393/RJ;Decrescente;Colisão com veículos (traseira);;;1;1;;;;;;;3;;;;
19/06/2021;16:30:00;36;Acidente sem vítima;275;BR-393/RJ;Decrescente;Colisão com veículos (traseira);1;;1;;;;;;;;3;;;;
20/06/2021;03:45:00;11;Acidente sem vítima;130,4;BR-393/RJ;Crescente;Acidentes de outra natureza;;;;1;;;;;;;2;;;;
20/06/2021;13:30:00;25;Acidente sem vítima;182;BR-393/RJ;Decrescente;Colisão lateral no mesmo sentido;1;;1;;;;;;;;3;;;;
21/06/2021;16:05:00;39;Acidente sem vítima;232,8;BR-393/RJ;Crescente;Saídas de pista;1;;;;;;;;;;1;;;;
22/06/2021;07:36:00;15;Acidente com vítima;246;BR-393/RJ;Crescente;Colisão c/ obstáculos;;;1;;;;;;;;0;1;;;
22/06/2021;09:30:00;24;Acidente com vítima;161;BR-393/RJ;Decrescente;Acidentes de outra natureza;1;;;;;;;;;;0;1;;;
22/06/2021;09:48:00;27;Acidente sem vítima;239,002;BR-393/RJ;Crescente;Saídas de pista;1;;;;;;;;;;2;;;;
22/06/2021;16:38:00;43;Acidente sem vítima;280;BR-393/RJ;Crescente;Colisão com veículos (traseira);2;;;;;;;;;;2;;;;
22/06/2021;20:56:00;54;Acidente com vítima;129,5;BR-393/RJ;Decrescente;Saídas de pista;;;1;;;;;;;;0;1;;;
22/06/2021;22:53:00;61;Acidente sem vítima;278,8;BR-393/RJ;Crescente;Colisão com veículos (traseira);;;2;;;;;;;;2;;;;
23/06/2021;12:21:00;53;Acidente sem vítima;161,9;BR-393/RJ;Decrescente;Tombamento;;;1;;;;;;;;1;;;;
24/06/2021;06:44:00;17;Acidente com vítima;214,599;BR-393/RJ;Crescente;Colisão lateral no mesmo sentido;;;1;1;;;;;;;1;1;;;
25/06/2021;10:20:00;34;Acidente com vítima;181,4;BR-393/RJ;Crescente;Colisão c/ obstáculos;;;1;;;;;;;;0;3;;;
25/06/2021;12:02:00;40;Acidente sem vítima;281,199;BR-393/RJ;Crescente;Acidentes de outra natureza;2;;;;;;;;;;4;;;;
26/06/2021;09:22:00;24;Acidente com vítima;114,2;BR-393/RJ;Decrescente;Tombamento;;;1;;;;;;;;1;1;1;;
26/06/2021;13:02:00;36;Acidente com vítima;178,1;BR-393/RJ;Decrescente;Atropelamento de pedestre;;1;;1;;;;;;;1;1;;;
26/06/2021;16:08:00;42;Acidente sem vítima;182;BR-393/RJ;Crescente;Colisão com veículos (traseira);1;;1;;;;;;;;6;;;;
26/06/2021;19:00:00;49;Acidente sem vítima;271,05;BR-393/RJ;Decrescente;Colisão com veículos (traseira);1;;1;;;;;;;;2;;;;
27/06/2021;04:58:00;19;Acidente sem vítima;279,6;BR-393/RJ;Decrescente;Colisão com veículos (traseira);1;;1;;;;;;;;3;;;;
27/06/2021;12:29:00;37;Acidente com vítima;112,9;BR-393/RJ;Crescente;Colisão lateral no mesmo sentido;2;;;;;;;;;;0;7;;;
28/06/2021;03:34:00;14;Acidente com vítima;284,1;BR-393/RJ;Decrescente;Colisão c/ obstáculos;1;;;;;;;;;;0;1;;;
28/06/2021;06:58:00;20;Acidente com vítima;154,2;BR-393/RJ;Decrescente;Colisão c/ obstáculos;;;1;;;;;;;;0;;1;;
28/06/2021;18:22:00;69;Acidente com vítima;176;BR-393/RJ;Crescente;Colisão com veículos (traseira);2;;;;;;;;;;1;2;;;
29/06/2021;06:32:00;14;Acidente com vítima;281;BR-393/RJ;Decrescente;Acidentes de outra natureza;2;;;;;;;;;;5;1;;;
29/06/2021;19:32:00;47;Acidente com vítima;151,8;BR-393/RJ;Decrescente;Capotamento;1;;;;;;;;;;2;1;;;
29/06/2021;19:47:00;48;Acidente com vítima;3;BR-393/RJ;Crescente;Atropelamento de animais;1;;;;;;;;;;0;1;;;
29/06/2021;23:21:00;56;Acidente com morte;151,8;BR-393/RJ;Crescente;Tombamento;;;1;;;;;;;;0;;1;;1
02/07/2021;08:45:00;24;Acidente com vítima;164,8;BR-393/RJ;Decrescente;Tombamento;;;1;;;;;;;;0;1;;;
02/07/2021;15:40:00;41;Acidente com vítima;281,691;BR-393/RJ;Decrescente;Colisão lateral no sentido contrário;2;;;1;;;;;;;2;;1;;
02/07/2021;16:34:00;45;Acidente com vítima;176,5;BR-393/RJ;Crescente;Colisão com veículos (traseira);1;;;;1;;;;;;2;1;;;
02/07/2021;17:01:00;47;Acidente sem vítima;280,199;BR-393/RJ;Crescente;Colisão com veículos (traseira);2;;;;;;;;;;3;;;;
02/07/2021;19:11:00;57;Acidente com vítima;267;BR-393/RJ;Crescente;Colisão c/ obstáculos;1;;;;;;;;;;0;;1;;
03/07/2021;00:06:00;1;Acidente com vítima;200,799;BR-393/RJ;Decrescente;Colisão c/ obstáculos;1;;1;;;;;;;;1;1;;;
03/07/2021;07:54:00;22;Acidente com vítima;168,199;BR-393/RJ;Crescente;Acidentes de outra natureza;1;;;1;;;;;;;0;2;;;
04/07/2021;12:20:00;18;Acidente com vítima;108;BR-393/RJ;Crescente;Colisão lateral no mesmo sentido;;;;2;;;;;;;0;1;1;;
04/07/2021;15:45:00;31;Acidente sem vítima;195;BR-393/RJ;Decrescente;Colisão com veículos (traseira);2;;;;;;;;;;4;;;;
04/07/2021;17:33:00;39;Acidente com morte;191,699;BR-393/RJ;Decrescente;Colisão com veículos (frontal);;;1;1;;;;;;;0;2;;;1
04/07/2021;19:15:00;43;Acidente com vítima;285,699;BR-393/RJ;Decrescente;Colisão com veículos (frontal);2;;;;;;;;;;0;1;3;;
05/07/2021;05:57:00;16;Acidente com vítima;195,4;BR-393/RJ;Crescente;Tombamento;;;1;;;;;;;;0;1;;;
06/07/2021;13:52:00;43;Acidente sem vítima;285,899;BR-393/RJ;Crescente;Colisão com veículos (traseira);2;;;;;;;;;;2;;;;
06/07/2021;19:32:00;60;Acidente com vítima;180;BR-393/RJ;Decrescente;Colisão lateral no mesmo sentido;1;;1;;;;;;;;1;1;;;
07/07/2021;13:48:00;40;Acidente sem vítima;282;BR-393/RJ;Crescente;Engavetamento;4;;;;;;;;;;5;;;;
07/07/2021;14:28:00;41;Acidente com vítima;271,699;BR-393/RJ;Crescente;Engavetamento;1;;2;;;;;;;;2;1;;;
07/07/2021;14:29:00;42;Acidente com vítima;146,599;BR-393/RJ;Decrescente;Saídas de pista;1;;;;;;;;;;0;3;;;
08/07/2021;10:01:00;26;Acidente com vítima;230;BR-393/RJ;Decrescente;Colisão lateral no mesmo sentido;1;;1;;;;;;;;3;1;;;
08/07/2021;13:51:00;38;Acidente sem vítima;283;BR-393/RJ;Crescente;Acidentes de outra natureza;2;;;;;;;;;;2;;;;
09/07/2021;04:20:00;13;Acidente sem vítima;281,301;BR-393/RJ;Decrescente;Colisão com veículos (traseira);;;2;;;;;;;;2;;;;
09/07/2021;21:14:00;59;Acidente sem vítima;103,7;BR-393/RJ;Decrescente;Saídas de pista;1;;;;;;;;;;3;;;;
10/07/2021;16:47:00;42;Acidente com vítima;154,3;BR-393/RJ;Decrescente;Colisão c/ obstáculos;;;1;;;;;;;;0;1;;;
11/07/2021;13:34:00;38;Acidente com vítima;200;BR-393/RJ;Decrescente;Colisão lateral no mesmo sentido;1;;1;;;;;;;;2;1;;;
11/07/2021;23:50:00;58;Acidente sem vítima;159;BR-393/RJ;Crescente;Saídas de pista;1;;;;;;;;;;1;;;;
12/07/2021;18:39:00;44;Acidente com vítima;102,9;BR-393/RJ;Crescente;Saídas de pista;1;;1;;;;;;;;1;1;;;
14/07/2021;07:08:00;14;Acidente com vítima;175,699;BR-393/RJ;Decrescente;Engavetamento;2;;2;;;;;;;;4;2;;;
14/07/2021;10:30:00;26;Acidente com morte;164,9;BR-393/RJ;Decrescente;Colisão com veículos (frontal);1;;2;;;;;;;;0;3;;;2
14/07/2021;18:58:00;46;Acidente com vítima;284,1;BR-393/RJ;Decrescente;Acidentes de outra natureza;2;;;;;;;;;;3;1;;;
14/07/2021;22:52:00;49;Acidente sem vítima;153;BR-393/RJ;Decrescente;Atropelamento de Animal;1;;;;;;;;;;4;;;;
15/07/2021;05:55:00;16;Acidente sem vítima;151,8;BR-393/RJ;Crescente;Tombamento;;;1;;;;;;;;2;;;;
15/07/2021;06:42:00;17;Acidente sem vítima;172,3;BR-393/RJ;Crescente;Capotamento;1;;;;;;;;;;1;;;;
15/07/2021;18:41:00;57;Acidente com morte;240,3;BR-393/RJ;Crescente;Colisão com veículos (frontal);2;;1;;;;;;;;1;2;1;;1
16/07/2021;07:25:00;15;Acidente com vítima;282;BR-393/RJ;Decrescente;Acidentes de outra natureza;;;1;1;;;;;;;1;;1;;
16/07/2021;14:00:00;38;Acidente com vítima;238,6;BR-393/RJ;Decrescente;Acidentes de outra natureza;1;;;1;;;;;;;0;1;1;;
16/07/2021;18:02:00;45;Acidente sem vítima;282,199;BR-393/RJ;Decrescente;Acidentes de outra natureza;1;;;1;;;;;;;2;;;;
17/07/2021;05:46:00;23;Acidente com vítima;276,9;BR-393/RJ;Crescente;Colisão lateral no sentido contrário;3;;1;;;;;;;;6;;1;;
17/07/2021;17:31:00;45;Acidente sem vítima;273,899;BR-393/RJ;Decrescente;Tombamento;;;1;;;;;;;;1;;;;
18/07/2021;04:54:00;13;Acidente sem vítima;155,599;BR-393/RJ;Decrescente;Saídas de pista;;;1;;;;;;;;1;;;;
18/07/2021;18:47:00;48;Acidente com vítima;125;BR-393/RJ;Crescente;Acidentes de outra natureza;1;;1;;;;;;;;2;1;;;
20/07/2021;11:22:00;31;Acidente com vítima;102,001;BR-393/RJ;Decrescente;Acidentes de outra natureza;2;;;;;;;;;;1;2;;;
20/07/2021;19:15:00;56;Acidente com vítima;185,3;BR-393/RJ;Crescente;Colisão com veículos (traseira);1;;;;;;;;;1;0;2;;;
21/07/2021;02:08:00;2;Atropelamento sem morte;200,3;BR-393/RJ;Decrescente;Atropelamento de Animal;;;1;;;;;;;;1;;;;
21/07/2021;09:32:00;24;Acidente com vítima;282;BR-393/RJ;Crescente;Colisão lateral no mesmo sentido;1;;1;;;;;;;;1;1;;;
22/07/2021;17:01:00;58;Acidente sem vítima;285,199;BR-393/RJ;Decrescente;Colisão com veículos (traseira);2;;;;;;;;;;3;;;;
24/07/2021;11:25:00;20;Acidente com vítima;182;BR-393/RJ;Decrescente;Engavetamento;2;;1;;;;;;;;2;2;;;
25/07/2021;15:12:00;32;Acidente com vítima;171,8;BR-393/RJ;Decrescente;Colisão c/ obstáculos;;;1;;;;;;;;0;2;;;
26/07/2021;09:49:00;28;Acidente com vítima;182,199;BR-393/RJ;Crescente;Colisão lateral no mesmo sentido;1;;;1;;;;;;;0;5;;;
26/07/2021;18:59:00;50;Acidente com vítima;200;BR-393/RJ;Crescente;Acidentes de outra natureza;1;;1;;;;;;;;0;2;;;
28/07/2021;10:17:00;32;Acidente com vítima;236;BR-393/RJ;Decrescente;Acidentes de outra natureza;;;1;1;;;;;;;2;1;;;
28/07/2021;11:52:00;36;Acidente sem vítima;258;BR-393/RJ;Crescente;Colisão c/ obstáculos;1;;;;;;;;;;1;;;;
29/07/2021;03:26:00;14;Acidente com vítima;102,299;BR-393/RJ;Crescente;Colisão c/ obstáculos;1;;;;;;;;;;0;;1;;
29/07/2021;16:50:00;48;Acidente com vítima;144,3;BR-393/RJ;Crescente;Colisão com veículos (traseira);1;;1;;;;;;;;1;2;;;
30/07/2021;11:18:00;33;Acidente sem vítima;148,4;BR-393/RJ;Crescente;Colisão c/ obstáculos;1;;;;;;;;;;1;;;;
30/07/2021;18:16:00;55;Atropelamento sem morte;284;BR-393/RJ;Decrescente;Atropelamento de pedestre;1;1;;;;;;;;;4;;;;
30/07/2021;20:21:00;61;Acidente com vítima;106;BR-393/RJ;Crescente;Colisão com veículos (frontal);1;;;1;;;;;;;1;;1;;
31/07/2021;04:17:00;12;Acidente com vítima;196,7;BR-393/RJ;Decrescente;Saídas de pista;1;;;;;;;;;;0;1;;;
31/07/2021;12:14:00;25;Acidente com vítima;110,4;BR-393/RJ;Crescente;Acidentes de outra natureza;;;;1;;;;;;;0;1;;;
31/07/2021;15:31:00;37;Acidente sem vítima;124,4;BR-393/RJ;Decrescente;Tombamento;;;1;;;;;;;;1;;;;
31/07/2021;17:14:00;41;Acidente sem vítima;280;BR-393/RJ;Crescente;Colisão com veículos (traseira);2;;;;;;;;;;2;;;;
01/08/2021;01:08:00;5;Acidente sem vítima;154;BR-393/RJ;Crescente;Saídas de pista;1;;;;;;;;;;3;;;;
02/08/2021;12:04:00;28;Acidente com morte;164,75;BR-393/RJ;Crescente;Colisão lateral no sentido contrário;;;1;1;;;;;;;0;1;;;1
05/08/2021;21:08:00;63;Acidente sem vítima;131,5;BR-393/RJ;Decrescente;Colisão c/ obstáculos;;;1;;;;;;;;1;;;;
07/08/2021;00:49:00;8;Acidente com vítima;281,1;BR-393/RJ;Crescente;Colisão lateral no sentido contrário;2;;;;;;;;;;1;2;;;
07/08/2021;09:06:00;19;Acidente com vítima;167,8;BR-393/RJ;Decrescente;Colisão com veículos (traseira);2;;;;;;;;;;3;1;;;
07/08/2021;10:57:00;22;Acidente com vítima;217,5;BR-393/RJ;Decrescente;Acidentes de outra natureza;;;1;1;;;;;;;2;;;1;
07/08/2021;17:23:00;38;Acidente sem vítima;252,199;BR-393/RJ;Crescente;Colisão com veículos (traseira);2;;;;;;;;;;4;;;;
07/08/2021;23:39:00;51;Acidente com vítima;103;BR-393/RJ;Crescente;Saídas de pista;1;;;;;;;;;;0;1;;;
08/08/2021;04:35:00;15;Acidente com vítima;182,4;BR-393/RJ;Crescente;Saídas de pista;1;;;;;;;;;;0;1;;;
08/08/2021;21:14:00;49;Acidente com vítima;105,9;BR-393/RJ;Crescente;Colisão com veículos (frontal);;;;2;;;;;;;0;;2;1;
09/08/2021;12:22:00;32;Acidente com vítima;2,1;BR-393/RJ;Decrescente;Acidentes de outra natureza;1;;;1;;;;;;;0;2;;;
10/08/2021;13:48:00;43;Acidente com vítima;161,899;BR-393/RJ;Decrescente;Tombamento;;;1;;;;;;;;0;1;;;
10/08/2021;19:28:00;64;Acidente sem vítima;279,699;BR-393/RJ;Crescente;Colisão com veículos (traseira);2;;;;;;;;;;2;;;;
11/08/2021;15:41:00;36;Acidente com vítima;279,8;BR-393/RJ;Decrescente;Colisão com veículos (traseira);;;;2;;;;;;;1;;2;;
11/08/2021;23:08:00;59;Acidente sem vítima;105,9;BR-393/RJ;Crescente;Colisão com veículos (frontal);1;;;1;;;;;;;3;;;;
12/08/2021;08:44:00;17;Acidente sem vítima;268,199;BR-393/RJ;Crescente;Acidentes de outra natureza;2;;;;;;;;;;2;;;;
12/08/2021;16:15:00;50;Acidente sem vítima;258,5;BR-393/RJ;Crescente;Acidentes de outra natureza;2;;;;;;;;;;2;;;;
12/08/2021;18:26:00;57;Acidente com vítima;283,399;BR-393/RJ;Crescente;Colisão com veículos (traseira);2;;;;;;;;;;6;2;;;
12/08/2021;23:40:00;65;Acidente com vítima;106,7;BR-393/RJ;Crescente;Atropelamento de animais;;;;1;;;;;;;0;;1;;
13/08/2021;10:36:00;34;Acidente com vítima;283;BR-393/RJ;Decrescente;Acidentes de outra natureza;1;;;1;;;;;;;1;1;;;
13/08/2021;11:11:00;37;Acidente com vítima;176;BR-393/RJ;Decrescente;Colisão com veículos (traseira);;;1;1;;;;;;;0;2;;;
13/08/2021;13:37:00;52;Acidente com vítima;182;BR-393/RJ;Crescente;Engavetamento;3;;;;;;;;;;6;1;;;
13/08/2021;18:15:00;64;Acidente sem vítima;210;BR-393/RJ;Decrescente;Colisão com veículos (traseira);3;;;;;;;;;;4;;;;
13/08/2021;19:23:00;68;Acidente com vítima;225,9;BR-393/RJ;Crescente;Saídas de pista;1;;;;;;;;;;0;;2;;
14/08/2021;15:08:00;40;Acidente sem vítima;125,7;BR-393/RJ;Decrescente;Colisão com veículos (traseira);;;2;;;;;;;;2;;;;
14/08/2021;20:05:00;49;Acidente com vítima;106,1;BR-393/RJ;Crescente;Acidentes de outra natureza;;;;1;;;;;;1;1;;1;1;
15/08/2021;05:01:00;14;Acidente com vítima;131,2;BR-393/RJ;Decrescente;Saídas de pista;;;;1;;;;;;;0;;1;1;
15/08/2021;07:00:00;15;Acidente com vítima;285,199;BR-393/RJ;Decrescente;Acidentes de outra natureza;1;;;1;;;;;;;2;2;;;
15/08/2021;09:30:00;19;Acidente sem vítima;239,9;BR-393/RJ;Decrescente;Saídas de pista;1;;;;;;;;;;1;;;;
15/08/2021;21:08:00;41;Acidente com vítima;279;BR-393/RJ;Decrescente;Acidentes de outra natureza;2;;;;;;;;;;2;;1;;
16/08/2021;14:19:00;44;Acidente sem vítima;273,9;BR-393/RJ;Crescente;Tombamento;;;1;;;;;;;;0;1;;;
16/08/2021;21:34:00;66;Acidente sem vítima;123;BR-393/RJ;Crescente;Tombamento;;;1;;;;;;;;1;;;;
17/08/2021;08:51:00;18;Acidente com vítima;251;BR-393/RJ;Crescente;Acidentes de outra natureza;1;;;1;;;;;;;0;1;1;;
17/08/2021;11:54:00;35;Acidente sem vítima;191,099;BR-393/RJ;Crescente;Colisão lateral no mesmo sentido;2;;;;;;;;;;3;;;;
18/08/2021;11:19:00;32;Acidente com vítima;106;BR-393/RJ;Crescente;Colisão com veículos (traseira);2;;;;;;;;;;1;1;;;
19/08/2021;07:08:00;17;Acidente com vítima;266;BR-393/RJ;Decrescente;Tombamento;;;1;;;;;;;;0;1;;;
20/08/2021;14:48:00;39;Acidente com vítima;102,799;BR-393/RJ;Decrescente;Acidentes de outra natureza;1;;;1;;;;;;;1;;1;;
21/08/2021;02:42:00;2;Acidente com vítima;172,3;BR-393/RJ;Decrescente;Capotamento;1;;;;;;;;;;0;2;;;
21/08/2021;16:38:00;39;Acidente com vítima;249;BR-393/RJ;Crescente;Acidentes de outra natureza;2;;;;;;;;;;1;1;;;