data;horario;n_da_ocorrencia;tipo_de_ocorrencia;km;trecho;sentido;tipo_de_acidente;automovel;bicicleta;caminhao;moto;onibus;outros;tracao_animal;transporte_de_cargas_especiais;trator_maquinas;utilitarios;ilesos;levemente_feridos;moderadamente_feridos;gravemente_feridos;mortos
23/08/2021;12:46:00;34;Acidente sem vítima;162;BR-393/RJ;Crescente;Tombamento;;;1;;;;;;;;1;;;;
23/08/2021;15:55:00;42;Acidente sem vítima;218;BR-393/RJ;Crescente;Saídas de pista;1;;;;;;;;;;1;;;;
24/08/2021;07:08:00;21;Acidente sem vítima;155,599;BR-393/RJ;Crescente;Engavetamento;3;;;;;;;;;;6;;;;
24/08/2021;07:42:00;23;Acidente sem vítima;169,3;BR-393/RJ;Decrescente;Colisão com veículos (traseira);2;;;;;;;;;;2;;;;
25/08/2021;04:39:00;13;Acidente com vítima;231,199;BR-393/RJ;Crescente;Tombamento;;;1;;;;;;;;0;1;;;
25/08/2021;14:01:00;43;Acidente sem vítima;266;BR-393/RJ;Decrescente;Colisão lateral no mesmo sentido;2;;;;;;;;;;4;;;;
27/08/2021;00:28:00;1;Acidente com vítima;213;BR-393/RJ;Crescente;Saídas de pista;;;1;;;;;;;;0;;1;;
27/08/2021;04:50:00;15;Acidente sem vítima;212,1;BR-393/RJ;Crescente;Colisão com veículos (traseira);;;2;;;;;;;;2;;;;
27/08/2021;16:35:00;53;Acidente com vítima;267,1;BR-393/RJ;Crescente;Saídas de pista;1;;;;;;;;;;0;1;;;
27/08/2021;16:40:00;54;Acidente sem vítima;222;BR-393/RJ;Crescente;Colisão lateral no mesmo sentido;1;;1;;;;;;;;3;;;;
28/08/2021;11:02:00;25;Acidente com vítima;280,5;BR-393/RJ;Decrescente;Atropelamento de pedestre;;1;;1;;;;;;;0;;2;;
30/08/2021;00:31:00;2;Acidente com vítima;175,699;BR-393/RJ;Crescente;Saídas de pista;1;;;;;;;;;;0;2;;;
30/08/2021;17:04:00;46;Acidente com vítima;257,8;BR-393/RJ;Crescente;Colisão c/ obstáculos;1;;;;;;;;;;0;1;;;
31/08/2021;14:12:00;32;Acidente sem vítima;151,6;BR-393/RJ;Crescente;Colisão lateral no sentido contrário;;;2;;;;;;;;2;;;;
01/09/2021;05:24:00;14;Acidente com morte;201,5;BR-393/RJ;Crescente;Tombamento;;;1;;;;;;;;0;;;;1
01/09/2021;09:51:00;27;Acidente com vítima;236,5;BR-393/RJ;Decrescente;Acidentes de outra natureza;2;;;;;;;;;;0;3;1;;
01/09/2021;17:01:00;48;Acidente com vítima;280,8;BR-393/RJ;Decrescente;Acidentes de outra natureza;1;;;1;;;;;;;1;1;;;
02/09/2021;00:23:00;1;Acidente sem vítima;130,199;BR-393/RJ;Crescente;Acidentes de outra natureza;1;;1;;;;;;;1;5;;;;
02/09/2021;07:33:00;19;Acidente sem vítima;267,5;BR-393/RJ;Decrescente;Colisão c/ obstáculos;1;;;;;;;;;;4;;;;
03/09/2021;13:12:00;41;Acidente sem vítima;172;BR-393/RJ;Crescente;Capotamento;1;;;;;;;;;;1;;;;
03/09/2021;20:29:00;67;Acidente com vítima;266;BR-393/RJ;Crescente;Colisão lateral no mesmo sentido;1;;1;;;;;;;;1;1;;;
05/09/2021;00:55:00;1;Acidente com vítima;285,6;BR-393/RJ;Decrescente;Colisão lateral no mesmo sentido;2;;;;;;;;;;2;;1;;
05/09/2021;14:02:00;30;Acidente com vítima;286;BR-393/RJ;Decrescente;Acidentes de outra natureza;1;;;1;;;;;;;0;2;;;
05/09/2021;17:13:00;38;Acidente com vítima;285,899;BR-393/RJ;Decrescente;Colisão com veículos (traseira);2;;;;;;;;;;3;1;;;
06/09/2021;09:51:00;21;Acidente com vítima;236;BR-393/RJ;Decrescente;Colisão lateral no mesmo sentido;1;;1;;;;;;;;0;4;;;
06/09/2021;16:03:00;36;Acidente sem vítima;125;BR-393/RJ;Decrescente;Colisão com veículos (traseira);2;;;;;;;;;;3;;;;
06/09/2021;22:03:00;51;Acidente com vítima;273,899;BR-393/RJ;Crescente;Colisão com veículos (frontal);2;;;;;;;;;;1;2;;1;
06/09/2021;22:38:00;53;Acidente sem vítima;255,7;BR-393/RJ;Crescente;Acidentes de outra natureza;2;;;;;;;;;;1;1;;;
06/09/2021;22:55:00;54;Acidente sem vítima;284;BR-393/RJ;Decrescente;Tombamento;1;;;;;;;;;;2;;;;
07/09/2021;21:55:00;65;Acidente com vítima;169,599;BR-393/RJ;Crescente;Capotamento;1;;;;;;;;;;0;2;;;
08/09/2021;10:42:00;36;Acidente com vítima;286,1;BR-393/RJ;Crescente;Colisão c/ obstáculos;1;;;;;;;;;;0;1;;;
09/09/2021;14:33:00;43;Acidente sem vítima;282;BR-393/RJ;Crescente;Engavetamento;3;;;;;;;;;;3;;;;
10/09/2021;06:47:00;16;Acidente com vítima;258;BR-393/RJ;Crescente;Colisão c/ obstáculos;1;;;;;;;;;;0;;1;;
11/09/2021;16:00:00;31;Acidente com vítima;257,8;BR-393/RJ;Decrescente;Colisão lateral no sentido contrário;2;;;;;;;;;;0;3;4;;
11/09/2021;20:15:00;36;Acidente com vítima;283,8;BR-393/RJ;Crescente;Acidentes de outra natureza;1;;;1;;;;;;;2;1;;;
12/09/2021;06:15:00;13;Acidente com vítima;242,2;BR-393/RJ;Decrescente;Capotamento;1;;;;;;;;;;0;1;;;
13/09/2021;01:20:00;3;Acidente com vítima;283,399;BR-393/RJ;Crescente;Capotamento;1;;;;;;;;;;4;1;;;
14/09/2021;17:42:00;62;Acidente sem vítima;285,699;BR-393/RJ;Decrescente;Engavetamento;3;;;;;;;;;;3;;;;
14/09/2021;21:30:00;69;Acidente com vítima;103,799;BR-393/RJ;Decrescente;Colisão lateral no mesmo sentido;;;1;1;;;;;;;1;;1;;
15/09/2021;07:52:00;27;Acidente sem vítima;134,9;BR-393/RJ;Decrescente;Colisão com veículos (frontal);1;;1;;;;;;;;1;;1;;
15/09/2021;11:58:00;52;Acidente sem vítima;187,001;BR-393/RJ;Crescente;Colisão lateral no mesmo sentido;1;;1;;;;;;;;2;;;;
15/09/2021;17:53:00;74;Acidente sem vítima;283,399;BR-393/RJ;Crescente;Acidentes de outra natureza;2;;;;;;;;;;2;;;;
16/09/2021;02:30:00;7;Acidente com vítima;235,4;BR-393/RJ;Crescente;Acidentes de outra natureza;1;;1;;;;;;;;1;2;1;;
16/09/2021;09:07:00;33;Acidente com vítima;167,599;BR-393/RJ;Decrescente;Acidentes de outra natureza;1;;;1;;;;;;;0;2;;;
16/09/2021;14:58:00;51;Acidente com vítima;274;BR-393/RJ;Crescente;Tombamento;;;3;;;;;;;;1;;2;;
17/09/2021;05:45:00;14;Acidente com vítima;184,4;BR-393/RJ;Crescente;Saídas de pista;1;;;;;;;;;;0;1;;;
17/09/2021;14:05:00;38;Acidente sem vítima;236,699;BR-393/RJ;Decrescente;Colisão c/ obstáculos;;;1;;;;;;;;1;;;;
17/09/2021;15:56:00;45;Atropelamento sem morte;274,6;BR-393/RJ;Crescente;Atropelamento de pedestre;1;1;;;;;;;;;1;1;;;
17/09/2021;17:46:00;49;Acidente com vítima;282;BR-393/RJ;Crescente;Acidentes de outra natureza;;;;1;;;;;;;0;;1;;
18/09/2021;23:50:00;49;Acidente com vítima;104,4;BR-393/RJ;Crescente;Acidentes de outra natureza;2;;;;;;;;;;1;;1;;
19/09/2021;01:39:00;4;Acidente com vítima;240;BR-393/RJ;Decrescente;Saídas de pista;1;;;;;;;;;;0;1;;;
19/09/2021;12:03:00;29;Acidente com vítima;203;BR-393/RJ;Decrescente;Acidentes de outra natureza;;;;1;;;;;;;0;;1;;
19/09/2021;21:15:00;56;Acidente com vítima;285,199;BR-393/RJ;Crescente;Saídas de pista;;;;1;;;;;;1;0;1;1;;
20/09/2021;07:37:00;16;Acidente com vítima;266,3;BR-393/RJ;Decrescente;Capotamento;1;;;;;;;;;;0;1;;;
20/09/2021;10:13:00;29;Acidente com vítima;254,5;BR-393/RJ;Decrescente;Colisão com veículos (traseira);1;;;1;;;;;;;1;;1;;
20/09/2021;19:26:00;52;Acidente com vítima;283;BR-393/RJ;Crescente;Engavetamento;3;;;;;;;;;;2;1;1;;
21/09/2021;08:48:00;21;Acidente com vítima;167,599;BR-393/RJ;Crescente;Acidentes de outra natureza;1;;;1;;;;;;;0;1;1;;
22/09/2021;12:23:00;31;Acidente com vítima;255,599;BR-393/RJ;Decrescente;Colisão lateral no mesmo sentido;1;;;1;;;;;;;1;1;1;;
24/09/2021;18:24:00;62;Acidente com vítima;282,8;BR-393/RJ;Crescente;Atropelamento de pedestre;1;;;;;;;;;;1;;1;;
24/09/2021;19:29:00;65;Acidente com vítima;145,8;BR-393/RJ;Decrescente;Tombamento;;;2;;;;;;;;1;1;;;
24/09/2021;22:43:00;69;Acidente com vítima;229,8;BR-393/RJ;Decrescente;Saídas de pista;1;;;;;;;;;;0;1;;;
24/09/2021;23:00:00;70;Acidente com vítima;182;BR-393/RJ;Decrescente;Acidentes de outra natureza;;;;1;;;;;;;0;1;;;
25/09/2021;00:18:00;2;Acidente com vítima;237,1;BR-393/RJ;Crescente;Colisão lateral no mesmo sentido;2;;;;;;;;;;5;1;;;
25/09/2021;06:05:00;22;Acidente com vítima;176,7;BR-393/RJ;Crescente;Saídas de pista;1;;;;;;;;;;0;1;;;
25/09/2021;16:32:00;52;Acidente com vítima;177,6;BR-393/RJ;Decrescente;Colisão com veículos (traseira);2;;;;;;;;;;5;5;;;
25/09/2021;22:52:00;62;Acidente com vítima;131;BR-393/RJ;Crescente;Saídas de pista;1;;;;;;;;;;0;1;;;
26/09/2021;10:00:00;23;Acidente com vítima;122;BR-393/RJ;Crescente;Acidentes de outra natureza;;;;1;;;;;;;0;1;1;;
26/09/2021;14:17:00;41;Acidente com vítima;266;BR-393/RJ;Crescente;Colisão lateral no mesmo sentido;2;;;1;;;;;;;8;;1;;
26/09/2021;16:41:00;46;Acidente com vítima;255;BR-393/RJ;Crescente;Acidentes de outra natureza;2;;;;;;;;;;4;1;;;
27/09/2021;08:23:00;30;Acidente com vítima;176;BR-393/RJ;Decrescente;Colisão com veículos (traseira);1;;;1;;;;;;;2;;1;;
27/09/2021;12:14:00;53;Acidente com vítima;169,9;BR-393/RJ;Crescente;Tombamento;;;;;;;;;;1;0;1;;;
28/09/2021;18:31:00;57;Acidente com vítima;111;BR-393/RJ;Decrescente;Colisão lateral no mesmo sentido;1;;1;;;;;;;;4;;1;;
29/09/2021;07:19:00;11;Atropelamento sem morte;281,7;BR-393/RJ;Decrescente;Atropelamento de pedestre;1;;;;;;;;;;1;;1;;
29/09/2021;15:45:00;40;Acidente com vítima;171,9;BR-393/RJ;Decrescente;Colisão c/ obstáculos;1;;;;;;;;;;0;2;;;
29/09/2021;16:51:00;46;Acidente sem vítima;107,2;BR-393/RJ;Crescente;Colisão com veículos (traseira);;;2;;;;;;;;2;;;;
30/09/2021;01:41:00;7;Acidente sem vítima;168,5;BR-393/RJ;Crescente;Colisão c/ obstáculos;;;1;;;;;;;;1;;;;
01/10/2021;14:53:00;53;Acidente com vítima;175,699;BR-393/RJ;Decrescente;Colisão com veículos (traseira);1;;1;;;;;;;;2;1;;;
01/10/2021;18:54:00;67;Acidente com vítima;242,3;BR-393/RJ;Crescente;Colisão com veículos (frontal);2;;1;;;;;;;;0;4;1;2;
01/10/2021;19:15:00;68;Acidente com vítima;238;BR-393/RJ;Crescente;Acidentes de outra natureza;2;;;;;;;;;;0;7;;;
01/10/2021;23:15:00;76;Acidente com morte;273,1;BR-393/RJ;Crescente;Colisão com veículos (frontal);1;;1;;;;;;;;0;1;;;1
02/10/2021;01:02:00;4;Acidente sem vítima;246;BR-393/RJ;Crescente;Saídas de pista;;;1;;;;;;;;3;;;;
02/10/2021;21:23:00;64;Acidente com vítima;172,8;BR-393/RJ;Crescente;Colisão com veículos (traseira);2;;;;;;;;;;6;2;;;
02/10/2021;21:42:00;65;Acidente com vítima;105,2;BR-393/RJ;Crescente;Colisão com veículos (traseira);3;;;1;;;;;;;0;4;;1;
03/10/2021;21:42:00;63;Acidente sem vítima;265;BR-393/RJ;Decrescente;Colisão lateral no mesmo sentido;1;;1;;;;;;;;3;;;;
04/10/2021;16:08:00;52;Acidente com vítima;103;BR-393/RJ;Crescente;Engavetamento;1;;2;;;;;;;;0;3;1;;
05/10/2021;16:42:00;59;Acidente sem vítima;125,7;BR-393/RJ;Decrescente;Colisão com veículos (traseira);1;;1;;;;;;;;2;;;;
07/10/2021;07:29:00;18;Acidente sem vítima;175,646;BR-393/RJ;Crescente;Saídas de pista;1;;;;;;;;;;1;;;;
07/10/2021;15:30:00;50;Acidente com vítima;123,099;BR-393/RJ;Crescente;Acidentes de outra natureza;;;;1;;;;;;;0;1;;;
08/10/2021;05:53:00;16;Acidente sem vítima;190;BR-393/RJ;Crescente;Atropelamento de animais;;;;1;;;;;;;1;;;;
08/10/2021;06:08:00;18;Acidente com vítima;259,199;BR-393/RJ;Crescente;Colisão com veículos (frontal);1;;;;;;;;;1;0;;2;;
08/10/2021;21:41:00;64;Acidente sem vítima;247,5;BR-393/RJ;Crescente;Atropelamento de animais;1;;;;;;;;;;0;1;;;
09/10/2021;09:23:00;22;Acidente sem vítima;230,799;BR-393/RJ;Decrescente;Colisão lateral no mesmo sentido;2;;;;;;;;;;2;;;;
09/10/2021;09:36:00;24;Acidente sem vítima;131;BR-393/RJ;Crescente;Acidentes de outra natureza;1;;;1;;;;;;;4;;;;
09/10/2021;09:41:00;27;Acidente sem vítima;131;BR-393/RJ;Crescente;Acidentes de outra natureza;;;;1;;;;;;;1;;;;
09/10/2021;09:41:00;28;Acidente com vítima;131;BR-393/RJ;Crescente;Acidentes de outra natureza;;;;1;;;;;;;0;1;;;
09/10/2021;14:04:00;41;Acidente sem vítima;274,5;BR-393/RJ;Crescente;Saídas de pista;1;;;;;;;;;;3;;;;
10/10/2021;02:58:00;4;Acidente sem vítima;239,5;BR-393/RJ;Decrescente;Saídas de pista;1;;;;;;;;;;2;;;;
10/10/2021;04:08:00;7;Acidente sem vítima;253,9;BR-393/RJ;Decrescente;Saídas de pista;1;;;;;;;;;;6;;;;
10/10/2021;06:23:00;20;Acidente com vítima;257,8;BR-393/RJ;Decrescente;Colisão c/ obstáculos;1;;;;;;;;;;0;2;;;
10/10/2021;17:43:00;39;Acidente com vítima;283,199;BR-393/RJ;Crescente;Acidentes de outra natureza;;;;1;;;;;;;1;;1;;
10/10/2021;18:29:00;41;Acidente sem vítima;177;BR-393/RJ;Crescente;Colisão com veículos (traseira);2;;;;;;;;;;2;;;;
11/10/2021;09:23:00;24;Acidente com vítima;251;BR-393/RJ;Crescente;Colisão com veículos (traseira);2;;;;;;;;;;1;1;;;
11/10/2021;10:48:00;32;Acidente com vítima;257,8;BR-393/RJ;Crescente;Colisão c/ obstáculos;1;;;;;;;;;;0;1;;;
11/10/2021;11:20:00;34;Acidente com vítima;218,6;BR-393/RJ;Crescente;Saídas de pista;1;;;;;;;;;;0;1;;;
11/10/2021;14:32:00;43;Acidente com vítima;257,899;BR-393/RJ;Crescente;Colisão c/ obstáculos;1;;;;;;;;;;0;1;;;
13/10/2021;14:55:00;43;Acidente sem vítima;232,199;BR-393/RJ;Crescente;Colisão com veículos (traseira);1;;;;;;;;;1;7;;;;
16/10/2021;22:29:00;55;Acidente com vítima;213;BR-393/RJ;Crescente;Saídas de pista;;;1;;;;;;;;0;1;;;
17/10/2021;11:29:00;29;Acidente com vítima;212,301;BR-393/RJ;Crescente;Acidentes de outra natureza;;;;1;;;;;;;0;1;;;
17/10/2021;18:57:00;54;Acidente sem vítima;266;BR-393/RJ;Decrescente;Colisão lateral no mesmo sentido;1;;;;;;;;;1;4;;;;
18/10/2021;14:43:00;53;Acidente com vítima;226;BR-393/RJ;Crescente;Tombamento;;;1;;;;;;;;0;1;;;
18/10/2021;17:09:00;56;Acidente sem vítima;181;BR-393/RJ;Crescente;Saídas de pista;1;;;;;;;;;;1;;;;
18/10/2021;17:22:00;57;Acidente com vítima;284,3;BR-393/RJ;Crescente;Colisão com veículos (traseira);2;;;;;;;;;;0;2;;;
18/10/2021;17:44:00;58;Acidente com vítima;198;BR-393/RJ;Crescente;Capotamento;1;;;;;;;;;;0;;2;;
19/10/2021;02:48:00;13;Acidente sem vítima;263,4;BR-393/RJ;Crescente;Atropelamento de animais;;;1;;;;;;;;1;;;;
19/10/2021;18:22:00;63;Acidente sem vítima;285,3;BR-393/RJ;Decrescente;Colisão com veículos (traseira);2;;;;;;;;;;3;;;;
20/10/2021;03:34:00;11;Acidente com vítima;197,5;BR-393/RJ;Crescente;Colisão c/ obstáculos;;;1;;;;;;;;0;1;;;
20/10/2021;12:04:00;32;Acidente com vítima;281;BR-393/RJ;Decrescente;Acidentes de outra natureza;1;;;1;;;;;;;1;;1;;
21/10/2021;05:27:00;16;Acidente sem vítima;249,1;BR-393/RJ;Crescente;Colisão lateral no sentido contrário;1;;1;;;;;;;;3;;;;
24/10/2021;11:46:00;35;Acidente sem vítima;274;BR-393/RJ;Crescente;Saídas de pista;1;;;;;;;;;;5;;;;
24/10/2021;12:18:00;36;Acidente com vítima;136,5;BR-393/RJ;Crescente;Colisão com veículos (frontal);1;;1;;;;;;;;0;1;1;1;
26/10/2021;07:54:00;24;Acidente com vítima;282;BR-393/RJ;Crescente;Engavetamento;1;;1;;;;;;;1;1;4;;;
26/10/2021;17:15:00;70;Acidente sem vítima;162,099;BR-393/RJ;Decrescente;Saídas de pista;1;;;;;;;;;;1;;;;
27/10/2021;14:54:00;50;Atropelamento sem morte;218,6;BR-393/RJ;Crescente;Atropelamento de pedestre;;;1;;;;;;;;0;1;;1;
29/10/2021;06:14:00;15;Acidente sem vítima;239,3;BR-393/RJ;Decrescente;Saídas de pista;1;;;;;;;;;;2;;;;
29/10/2021;13:46:00;41;Acidente sem vítima;124;BR-393/RJ;Crescente;Colisão com veículos (traseira);1;;1;;;;;;;;5;;;;
29/10/2021;21:00:00;62;Acidente com vítima;283,8;BR-393/RJ;Crescente;Colisão com veículos (traseira);2;;;1;;;;;;;3;;;1;
29/10/2021;21:56:00;63;Acidente com vítima;283,5;BR-393/RJ;Crescente;Colisão com veículos (traseira);1;;;1;;;;;;;1;1;;;
30/10/2021;13:02:00;38;Acidente sem vítima;250,9;BR-393/RJ;Decrescente;Colisão com veículos (traseira);1;;1;;;;;;;;3;;;;
31/10/2021;02:16:00;8;Acidente com morte;172,2;BR-393/RJ;Crescente;Colisão c/ obstáculos;;;1;;;;;;;;0;1;;;1
31/10/2021;19:01:00;41;Acidente sem vítima;284;BR-393/RJ;Crescente;Saídas de pista;1;;;;;;;;;;2;;;;
01/11/2021;12:25:30;25;Com vítima;161.900;565;Crescente;Choque;1;0;0;0;0;0;0;0;0;0;0;4;0;0;0
02/11/2021;00:49:41;67;Sem vítima;179.800;586;Decrescente;Saída de pista;1;0;0;0;0;0;0;0;0;0;2;0;0;0;0
02/11/2021;06:51:24;37;Com vítima;168.200;567;Crescente;Colisão lateral no mesmo sentido;0;0;0;1;0;0;0;0;1;0;2;2;0;0;0
02/11/2021;16:51:07;69;Com vítima;200.199;569;Crescente;Colisão transversal;1;0;0;0;0;0;0;0;0;0;2;2;0;0;0
02/11/2021;18:45:47;80;Com vítima;279.000;592;Decrescente;Queda de moto;0;0;0;1;0;0;0;0;0;0;0;0;2;0;0
03/11/2021;21:25:32;62;Sem vítima;281.300;592;Decrescente;Colisão lateral no mesmo sentido;2;0;0;0;0;0;0;0;0;0;5;0;0;0;0
05/11/2021;12:28:18;38;Com vítima;261.901;590;Decrescente;Capotamento;1;0;0;0;0;0;0;0;0;0;0;2;0;0;0
05/11/2021;22:13:36;63;Com vítima;239.600;588;Decrescente;Colisão lateral em sentido contrário;1;0;1;0;0;0;0;0;0;0;1;2;0;0;0
06/11/2021;00:20:40;1;Com vítima;141.500;562;Crescente;Atropelamento de pedestre;0;1;0;0;0;0;0;0;0;0;0;0;0;0;0
07/11/2021;14:07:05;33;Sem vítima;222.500;571;Crescente;Colisão traseira;1;0;0;0;0;0;0;0;0;0;1;0;0;0;0
07/11/2021;19:56:52;42;Com vítima;134.400;581;Decrescente;Colisão lateral em sentido contrário;1;0;0;0;0;0;0;0;0;0;0;0;2;0;0
08/11/2021;03:03:06;7;Sem vítima;217.000;570;Crescente;Choque;1;0;0;0;0;0;0;0;0;0;3;0;0;0;0
09/11/2021;21:50:52;66;Com vítima;145.990;563;Crescente;Saída de pista;0;0;1;0;0;0;0;0;0;0;0;1;0;0;0
11/11/2021;12:08:35;43;Com vítima;2.500;559;Crescente;Colisão transversal;0;0;1;0;0;0;1;0;0;0;4;0;0;0;0
11/11/2021;22:31:59;70;Sem vítima;226.300;571;Crescente;Saída de pista;0;0;0;0;0;0;0;0;0;0;0;0;0;0;0
12/11/2021;12:46:24;42;Com vítima;266.000;590;Decrescente;Queda de bicicleta;0;1;0;0;0;0;0;0;0;0;0;0;0;0;0
13/11/2021;12:48:16;39;Com vítima;259.000;575;Crescente;Colisão traseira;0;0;0;0;0;0;0;0;0;0;0;0;0;0;0
14/11/2021;01:05:12;2;Com vítima;281.300;592;Decrescente;Colisão transversal;1;0;0;1;0;0;0;0;0;0;2;2;0;0;0
14/11/2021;12:05:59;45;Com vítima;281.199;592;Decrescente;Colisão lateral no mesmo sentido;1;0;0;1;0;0;0;0;0;0;4;2;0;0;0
14/11/2021;20:39:21;65;Com vítima;280.100;579;Crescente;Colisão frontal;2;0;0;0;0;0;0;0;0;0;8;2;0;0;0
15/11/2021;00:11:18;70;Com vítima;181.599;586;Decrescente;Capotamento;1;0;0;0;0;0;0;0;0;0;0;0;2;0;0
15/11/2021;13:14:05;37;Sem vítima;103.990;581;Decrescente;Colisão traseira;2;0;0;0;0;0;0;0;0;0;8;0;0;0;0
16/11/2021;14:35:30;52;Com vítima;106.400;581;Decrescente;Colisão lateral no mesmo sentido;3;0;0;1;0;0;0;0;0;0;6;0;0;2;0
16/11/2021;20:04:40;64;Com vítima;280.100;592;Decrescente;Atropelamento de pedestre;0;0;0;1;0;0;0;0;0;0;0;0;2;1;0
18/11/2021;08:54:58;26;Com vítima;177.990;586;Decrescente;Atropelamento de pedestre;1;1;0;0;0;0;0;0;0;0;2;2;0;0;0
18/11/2021;22:08:58;71;Sem vítima;252.199;590;Decrescente;Saída de pista;1;0;0;0;0;0;0;0;0;0;2;0;0;0;0
19/11/2021;08:49:35;15;Sem vítima;268.399;592;Decrescente;Colisão lateral no mesmo sentido;1;0;1;0;0;0;0;0;0;0;8;0;0;0;0
19/11/2021;08:55:55;14;Com vítima;145.800;581;Decrescente;Colisão lateral em sentido contrário;1;0;0;0;0;0;0;0;0;0;0;2;0;2;0
20/11/2021;22:24:23;88;Com vítima;256.700;575;Crescente;Colisão transversal;1;0;0;1;0;0;0;0;0;0;2;2;0;0;0
22/11/2021;14:50:56;51;Sem vítima;222.800;571;Crescente;Choque;1;0;0;0;0;0;0;0;0;0;10;0;0;0;0
23/11/2021;15:06:35;55;Com vítima;285.800;2319;Crescente;Colisão lateral no mesmo sentido;1;0;0;1;0;0;0;0;0;0;2;2;0;0;0
25/11/2021;20:46:37;49;Com vítima;201.000;586;Decrescente;Saída de pista;1;0;0;0;0;0;0;0;0;0;0;2;0;0;0
26/11/2021;03:44:19;53;Com vítima;286.199;2319;Crescente;Engavetamento;3;0;0;0;0;0;0;0;0;0;8;2;0;0;0
26/11/2021;09:50:07;32;Sem vítima;283.000;592;Decrescente;Colisão transversal;2;0;0;0;0;0;0;0;0;0;6;0;0;0;0
27/11/2021;14:30:51;51;Com vítima;238.400;571;Crescente;Colisão transversal;3;0;0;0;0;0;0;0;0;0;2;8;2;0;0
28/11/2021;08:59:20;30;Com vítima;265.000;575;Crescente;Colisão traseira;2;0;0;0;0;0;0;0;0;0;0;10;2;0;0
28/11/2021;12:11:20;42;Com vítima;280.000;579;Crescente;Colisão traseira;2;0;0;0;0;0;0;0;0;0;2;2;0;0;0
29/11/2021;07:55:50;23;Com vítima;168.300;586;Decrescente;Colisão traseira;2;0;0;0;0;0;0;0;0;0;2;4;0;0;0
29/11/2021;11:58:45;38;Com vítima;131.000;562;Crescente;Choque;1;0;0;0;0;0;0;0;0;0;0;2;0;0;0
29/11/2021;19:39:58;69;Com vítima;176.600;586;Decrescente;Atropelamento de pedestre;0;1;0;1;0;0;0;0;0;0;0;2;0;0;0
30/11/2021;07:13:27;25;Com vítima;249.990;590;Decrescente;Colisão transversal;2;0;0;0;0;0;0;0;0;0;2;4;2;0;0
30/11/2021;17:04:46;66;Sem vítima;133.000;562;Crescente;Colisão frontal;0;0;1;0;0;0;0;0;1;0;8;0;0;0;0
30/11/2021;19:31:14;76;Com vítima;266.699;576;Crescente;Queda de moto;0;0;0;1;0;0;0;0;0;0;0;2;0;0;0
30/11/2021;20:06:01;79;Sem vítima;254.000;574;Crescente;Colisão lateral em sentido contrário;1;0;1;0;0;0;0;0;0;0;8;0;0;0;0
01/12/2021;11:30:21;50;Com vítima;121.700;581;Decrescente;Tombamento;0;0;0;0;0;0;0;0;0;0;0;0;0;0;0